tanggal,tweet,user_id,tanggal_parsed,bulan,tweet_clean,sentimen,Topik
Fri Jun 05 23:03:54 +0000 2026,salahin bpjs yaaa kenapa plafon plafon nya begitu administrasi rs ya berusaha biar ga collapse itu rs nya bisa nerima pasien bisa gaji nakes sama staff pasien dengan length of stay lama sampe lebih 10 hari most of the time rugi rs nya tapi ada kok yg tetep diperjuangin,medicatedinsom_,2026-06-05 23:03:54+00:00,2026-06,salahin kenapa plafon plafon begitu administrasi rumah sakit berusaha biar tidak collapse rumah sakit bisa nerima pasien bisa gaji nakes sama staff pasien dengan length of stay lama sampe lebih hari most of the time rugi rumah sakit tapi ada tetep diperjuangin,Negatif,5
Fri Jun 05 13:42:48 +0000 2026,cuih model kayak gini mana peduli bpjs bayar ala kadarnya untuk faskes mana peduli dengan hak nakes yang akan hilang bpjs cuma bayar paket pemanjangan ranap tidak akan ditutupi plafon semua peduli dengan dirinya sendiri saat sakit nakes dicari sat sembuh siapa peduli,amanogawa_ginga,2026-06-05 13:42:48+00:00,2026-06,cuih model kayak gini mana peduli bayar ala kadarnya untuk faskes mana peduli dengan hak nakes akan hilang cuma bayar paket pemanjangan ranap tidak akan ditutupi plafon semua peduli dengan dirinya sendiri saat sakit nakes dicari sat sembuh siapa peduli,Negatif,4
Fri Jun 05 14:07:49 +0000 2026,masyarakat umum tdk familiar sistem bpjs sih bpjs itu bukan gratis anda bayar bpjs itu kalau ada 100 pasien bpjs di rs a si rs a nalangin dulu biaya perawatan 100 pasien nanti belakangan bpjs menilai apa rs a itu layak diganti 100 biaya talangan itu tidak padahal,arvkevin,2026-06-05 14:07:49+00:00,2026-06,masyarakat umum tidak familiar sistem bukan gratis anda bayar kalau ada pasien rumah sakit a si rumah sakit a nalangin dulu biaya perawatan pasien nanti belakangan menilai apa rumah sakit a layak diganti biaya talangan tidak padahal,Negatif,5
Fri Jun 05 12:04:55 +0000 2026,kalo yg bpjs nya mandiri kan bayar per bulan berarti ga gratis dr pemerintah kan nah sbg manusia yg ikut membayar agak jengkel juga sama sistem asuransi ini kek yg bayar aja ribet kalo mau berobat apalagi yg gratis dr pemerintah contoh yg aku alami mau cabut gigi,hi_dstyw,2026-06-05 12:04:55+00:00,2026-06,kalau mandiri bayar per bulan berarti tidak gratis pemerintah nah sbg manusia ikut membayar agak jengkel juga sama sistem asuransi seperti bayar saja ribet kalau mau berobat apalagi gratis pemerintah contoh aku alami mau cabut gigi,Negatif,5
Fri Jun 05 13:36:17 +0000 2026,karena kalau cuma sebentar begitu pas verifikasi bpjs sering ditolak dan dianggap rawat jalan kadang malah rs suruh balikin duitnya ke bpjs,afathngantuk,2026-06-05 13:36:17+00:00,2026-06,karena kalau cuma sebentar begitu pas verifikasi sering ditolak dianggap rawat jalan kadang malah rumah sakit suruh balikin duitnya,Negatif,5
Fri Jun 05 03:59:53 +0000 2026,sistemnya mungkin emang ribet tapi penyampaian ke pasien yang lagi kalut itu harusnya tetep pakai empati kalimat ya gatau bpjs nya mau nanggung gak itu kasar banget didengar keluarga pasien yang lagi berjuang sembuh coba di ubah kita konfirmasi dlu ke bpjs apakah ini di tanggung apa tidak,urya_suryana,2026-06-05 03:59:53+00:00,2026-06,sistemnya mungkin emang ribet tapi penyampaian pasien lagi kalut harusnya tetep pakai empati kalimat gatau mau nanggung tidak kasar banget didengar keluarga pasien lagi berjuang sembuh coba ubah kita konfirmasi dulu apakah tanggung apa tidak,Negatif,5
Thu Jun 04 12:59:33 +0000 2026,autodebet tagihan bpjs kan tiap tgl 5 ya kalo punyaku kenapa tgl 4 udh ada notif anda belum membayar tagihan premi bulan ini,aliensaurs,2026-06-04 12:59:33+00:00,2026-06,autodebet tagihan tiap tanggal kalau punyaku kenapa tanggal sudah ada notif anda belum membayar tagihan premi bulan,Negatif,3
Thu Jun 04 13:21:27 +0000 2026,lucu ya dr tgl berapa gitu aku minta dia kirim duit at least bpjs terbayar ini udah non aktif status bpjs kami mau dibayar pun dah numpuk tagihannya jadi 900k heu at least tunaikan kewajiban utk bocil aja sih dulu sedih aku kaya gini ni,skidipopay,2026-06-04 13:21:27+00:00,2026-06,lucu tanggal berapa begitu aku minta dia kirim duit at least terbayar sudah non aktif status kami mau dibayar pun sudah numpuk tagihannya jadi k heu at least tunaikan kewajiban untuk bocil saja dulu sedih aku kaya gini ni,Negatif,6
Fri Jun 05 05:45:59 +0000 2026,ingat bpjs belum bisa menerima dan menanggung biaya pasien yang patah hati,IRMANZO1,2026-06-05 05:45:59+00:00,2026-06,ingat belum bisa menerima menanggung biaya pasien patah hati,Negatif,5
Mon Sep 22 03:23:21 +0000 2025,bpjs sering nunggak bayar rs rs jadi susah bayar dokter makanya kalau pasien berobat jadi dipersulit sering dengar desas desus ini g sih sini mimin kasih tahu sampai sekarang bpjs kesehatan nggak pernah gagal membayar klaim rs lho,BPJSKesehatanRI,2025-09-22 03:23:21+00:00,2025-09,sering nunggak bayar rumah sakit rumah sakit jadi susah bayar dokter makanya kalau pasien berobat jadi dipersulit sering dengar desas desus g sini mimin kasih tahu sampai sekarang tidak pernah gagal membayar klaim rumah sakit lho,Negatif,5
Fri Jun 05 15:14:15 +0000 2026,bahasanya medical check up jangan berlagu jadi petasan melempem gegara sumbunya gak fungsi tak semua rakyat bisa bayar bpjs karena hrus bayar rp 35 000 rp 150 000 tak semua warga miskin dapat kis karena kurang cakapnya rt rw atau tim dinsos dlm melihat tingkat kemiskinan,ImaginarySteady,2026-06-05 15:14:15+00:00,2026-06,bahasanya medical check up jangan berlagu jadi petasan melempem gegara sumbunya tidak fungsi tak semua rakyat bisa bayar karena hrus bayar rupiah rupiah tak semua warga miskin dapat kis karena kurang cakapnya rt rw atau tim dinsos dlm melihat tingkat kemiskinan,Negatif,5
Thu Nov 14 23:46:43 +0000 2024,dua kerabat admin thn ini operasi jantung dua2nya habis biaya rp 150 juta semua gratis krn bpjs amazing tapi jika iuran tidak naik tahun depan bpjs bakal defisit rp 20 triliun terancam gagal bayar padahal layanan bpjs kini makin bagus,Strategi_Bisnis,2024-11-14 23:46:43+00:00,2024-11,dua kerabat admin tahun operasi jantung duanya habis biaya rupiah juta semua gratis karena amazing tapi jika iuran tidak naik tahun depan bakal defisit rupiah triliun terancam gagal bayar padahal layanan kini makin bagus,Negatif,5
Fri Jun 05 14:07:49 +0000 2026,sistem bpjs itu paketan misalnya demam berdarah lazimnya 7 hari maka klaimnya maksimal 5 juta misalnya tapi kan pasien itu dinamis demam berdarah bisa banyak komplikasinya jadi bisa memanjang gt 7 hari jadi sengketa pas rs minta klaim bpjs kan gak lihat pasiennya,arvkevin,2026-06-05 14:07:49+00:00,2026-06,sistem paketan misalnya demam berdarah lazimnya hari maka klaimnya maksimal juta misalnya tapi pasien dinamis demam berdarah bisa banyak komplikasinya jadi bisa memanjang begitu hari jadi sengketa pas rumah sakit minta klaim tidak lihat pasiennya,Negatif,5
Fri Jun 05 09:02:06 +0000 2026,paket harga yang diberikan oleh bpjs untuk rs sangat minim boroknya yang harus diperbaiki dimulai dari sana direksi bpjs bisa hidup bergaya hedon tapi biaya kesehatan publik yang dibayarkan ke rs oleh bpjs ngga rasional harus ada skema khusus jika perawatan perlu waktu lebih lama rs ngga perlu dikunci biaya yg cuma cukup buat 3 hari,perangutan23,2026-06-05 09:02:06+00:00,2026-06,paket harga diberikan oleh untuk rumah sakit sangat minim boroknya harus diperbaiki dimulai sana direksi bisa hidup bergaya hedon tapi biaya publik dibayarkan rumah sakit oleh ngga rasional harus ada skema khusus jika perawatan perlu waktu lebih lama rumah sakit ngga perlu dikunci biaya cuma cukup buat hari,Negatif,5
Sun Mar 31 08:02:42 +0000 2024,awal bulan ini aku aktivasi bpjs misah dari keluarga krn udh 21 tahun terus disuruh bayar antara tanggal 15 31 maret tp barusan gagal transaksiku berarti aku harus chat pandawa dan ngisi form ulang ya bulan depan apa langsung bayar aja,talkiefess,2024-03-31 08:02:42+00:00,2024-03,awal bulan aku aktivasi misah keluarga karena sudah tahun terus disuruh bayar antara tanggal maret tapi barusan gagal transaksiku berarti aku harus chat pandawa ngisi form ulang bulan depan apa langsung bayar saja,Negatif,5
Fri Jun 05 07:39:00 +0000 2026,hati hati juga ada sejawat saya dilaporkan pasien dan dituntut ganti rugi oleh bpjs sebanyak jumlah harga obat yang dibeli pasien hanya karena menawarkan opsi alternatif non bpjs gak semua pasien itu baik dan apresiatif jadi lebih baik bekerja sesuai protokol aja kalo bpjs,giryunda,2026-06-05 07:39:00+00:00,2026-06,hati hati juga ada sejawat saya dilaporkan pasien dituntut ganti rugi oleh sebanyak jumlah harga obat dibeli pasien hanya karena menawarkan opsi alternatif non tidak semua pasien baik apresiatif jadi lebih baik bekerja sesuai protokol saja kalau,Negatif,5
Thu Oct 23 05:55:18 +0000 2025,saat sy kerumah sakit sekitar 3 bulan lalu banyak pasien gagal pake bpjs kerena telat bayar mereka kalut hnya tangis dan usap dada mau pke bpjs wajib lunasi tunggakan dan rerata bpjs mandiri yg harus dilunasi semuanya sekeluarga sekaligus,BANGSAygSUJUD,2025-10-23 05:55:18+00:00,2025-10,saat sy kerumah sakit sekitar bulan lalu banyak pasien gagal pakai kerena telat bayar mereka kalut hnya tangis usap dada mau pke wajib lunasi tunggakan rerata mandiri harus dilunasi semuanya sekeluarga sekaligus,Negatif,5
Tue Mar 18 13:07:41 +0000 2025,uang bpjs dana pensiun asuransi dan sejenisnya itu ditempatkan di saham juga kalo sahamnya ancur terus bisa gagal bayar mereka,xibobeb,2025-03-18 13:07:41+00:00,2025-03,uang dana pensiun asuransi sejenisnya ditempatkan saham juga kalau sahamnya ancur terus bisa gagal bayar mereka,Negatif,4
Mon Nov 18 00:08:54 +0000 2024,kacau pejabat sementara wali kota makasar malah mengundang resmi khalid basalamah utk acara tabligh akbar pengen se makasar ga bayar pajak ga ikut bpjs ga mau nyanyi indonesia raya,gagal_hijrah,2024-11-18 00:08:54+00:00,2024-11,kacau pejabat sementara wali kota makasar malah mengundang resmi khalid basalamah untuk acara tabligh akbar pengen se makasar tidak bayar pajak tidak ikut tidak mau nyanyi indonesia raya,Negatif,6
Thu Jun 04 01:05:40 +0000 2026,lelah bgt jadi provider bpjs burn out depan mata psikolog udah terjadwal mau gimana lagi udah ganggu aktifitas harian bangun udah tidur takut gak kuat berdebar dan sakit kepala menjalar tiap kali stressor datang dari pasien pasien yang gak tertib administrasi,hadiardian,2026-06-04 01:05:40+00:00,2026-06,lelah banget jadi provider burn out depan mata psikolog sudah terjadwal mau gimana lagi sudah ganggu aktifitas harian bangun sudah tidur takut tidak kuat berdebar sakit kepala menjalar tiap kali stressor datang pasien pasien tidak tertib administrasi,Negatif,5
Wed Nov 13 03:39:49 +0000 2024,terancam defisit gagal bayar iuran bpjs naik semua biaya akan naik pada waktu nya,OlaLRJ,2024-11-13 03:39:49+00:00,2024-11,terancam defisit gagal bayar iuran naik semua biaya akan naik pada waktu,Negatif,5
Sat Jun 06 00:52:37 +0000 2026,rupiah melemah tapi gaji gak baik ibaratnya gaji 1 bulan cukup buat hidup 1 bulan karena rupiah melemah harga kebutuhan naik tapi gajinya sama aja gaji 1 bulan habis di hari ke 20 kenapa hal mendasar gini bzzrp masih gapaham,mahasawitt,2026-06-06 00:52:37+00:00,2026-06,rupiah melemah tapi gaji tidak baik ibaratnya gaji bulan cukup buat hidup bulan karena rupiah melemah harga kebutuhan naik tapi gajinya sama saja gaji bulan habis hari kenapa hal mendasar gini bzzrp masih gapaham,Negatif,1
Fri Jun 05 13:47:20 +0000 2026,bpjs itu suami yg ngasih uang harian 5 ribu dan menuntut jadi masakan 20 ribu mana ke orang lain ngakunya selalu udah ngasih uang belanja,lutfithe13th,2026-06-05 13:47:20+00:00,2026-06,suami kasih uang harian ribu menuntut jadi masakan ribu mana orang lain ngakunya selalu sudah kasih uang belanja,Negatif,4
Mon Jun 01 13:05:52 +0000 2026,agak stress sebnarnya bpjs bocah ikut laki terus belum dibayar perusahaan warning dah ini pokoknya salah pemerentahhh,seaismyname08__,2026-06-01 13:05:52+00:00,2026-06,agak stress sebnarnya bocah ikut laki terus belum dibayar perusahaan warning sudah pokoknya salah pemerentah,Negatif,7
Thu Jun 04 01:41:16 +0000 2026,banyak orang yg masih gapunya bpjs tk ternyata kemarin ada pegawai boo t lg sink di tempat kerja ampe patah di phalanges distal dia gapunya bpjs tk pasienku jg ada dia fraktur di phalanges distal akhirnya ampe selesai umum gatau bpjs tknya gadiurus apa gmn,fistaloka,2026-06-04 01:41:16+00:00,2026-06,banyak orang masih gapunya tk ternyata kemarin ada pegawai boo t lagi sink tempat kerja ampe patah phalanges distal dia gapunya tk pasienku juga ada dia fraktur phalanges distal akhirnya ampe selesai umum gatau tknya gadiurus apa bagaimana,Negatif,3
Mon Mar 16 15:02:59 +0000 2026,ye belum aja lu ketemu sistem bpjs yg dikit2 gagal claim bukan masalah kita gamau lakuin test standar tp masalahnya kaga diclaim sama bpjs ntar sapa yg mau disuruh bayar dokternya pasiennya ogah amat,apralzolam,2026-03-16 15:02:59+00:00,2026-03,ye belum saja kamu ketemu sistem dikit gagal claim bukan masalah kita gamau lakuin test standar tapi masalahnya kaga diclaim sama ntar sapa mau disuruh bayar dokternya pasiennya ogah amat,Negatif,5
Sat Jun 06 00:34:02 +0000 2026,namanya juga beyuemen kami tau harganya mahal tapi kalian rakyat tidak punya pilihan lain min sedikit,pnsajadeh,2026-06-06 00:34:02+00:00,2026-06,namanya juga beyuemen kami tahu harganya mahal tapi kalian rakyat tidak punya pilihan lain sedikit,Negatif,4
Sat Jun 06 00:46:44 +0000 2026,dikira gw gak pernah baca rilis bps lol jelas2 bikin2 standar baru demi pencitraan rezim takut dibilang byk orang miskinnya makanya difabrikasilah dgn nolak standar bank dunia karena apa karena pemerintah lbh suka liat kelas pekerja diinjak n dibayar murah,ImminentAdi,2026-06-06 00:46:44+00:00,2026-06,dikira saya tidak pernah baca rilis bps lol jelas membuat standar baru demi pencitraan rezim takut dibilang byk orang miskinnya makanya difabrikasilah dengan nolak standar bank dunia karena apa karena pemerintah lbh suka liat kelas pekerja diinjak n dibayar murah,Negatif,2
Fri Jun 05 08:13:27 +0000 2026,mampus bgt rs rs bntr lagi bpjs ga naik tapi semua obat sama bhp naik deymn,hyunchassng,2026-06-05 08:13:27+00:00,2026-06,mampus banget rumah sakit rumah sakit bntr lagi tidak naik tapi semua obat sama bhp naik deymn,Negatif,5
Thu May 28 03:42:58 +0000 2026,kalian tau ga ada aturan di negara ini ada anak baru lahir yg ga didaftarin bpjs kesehatan mandiri sampe umur 2 tahun dan kalo mau pake fasilitas bpjs kesehatan harus bayar dulu iuran denda 2 tahun lalu yg blm didaftarkan pasal 16 perpres 82 tahun 2018,MenteriPekerja,2026-05-28 03:42:58+00:00,2026-05,kalian tahu tidak ada aturan negara ada anak baru lahir tidak didaftarin mandiri sampe umur tahun kalau mau pakai fasilitas harus bayar dulu iuran denda tahun lalu belum didaftarkan pasal perpres tahun,Negatif,4
Thu May 28 03:44:31 +0000 2026,jadi kalo anaknya baru di daftarin bpjs kesehatan mandiri saat umur 2 tahun iuran denda 2 tahun lalu perlu dibayarkan dulu walaupun anaknya ga pernah make bpjs,MenteriPekerja,2026-05-28 03:44:31+00:00,2026-05,jadi kalau anaknya baru daftarin mandiri saat umur tahun iuran denda tahun lalu perlu dibayarkan dulu walaupun anaknya tidak pernah make,Negatif,3
Thu Jul 24 09:52:05 +0000 2025,yap aku bru jdi admin bpjs ya gantiin yg pensiun diomelin karyawan karena anaknya kena denda karena umurnya lebih dri 21 atuh klo masih kuliah kumpulin berkas kek apa kek ngobrol kek ku mana inget ribuan anak karyawan,yappingfess,2025-07-24 09:52:05+00:00,2025-07,yap aku bru jdi admin gantiin pensiun diomelin karyawan karena anaknya kena denda karena umurnya lebih dri atuh kalau masih kuliah kumpulin berkas seperti apa seperti ngobrol seperti ku mana inget ribuan anak karyawan,Negatif,4
Fri Feb 06 10:22:10 +0000 2026,gua baca komennya kenapa jadi pada kena denda dah mana nominalnya 1 juta dasar bpjs gak jelas ya allaah tolong masukin ke neraka semua instansi pejabat yang terlibat,abikaara,2026-02-06 10:22:10+00:00,2026-02,saya baca komennya kenapa jadi pada kena denda sudah mana nominalnya juta dasar tidak jelas allaah tolong masukin neraka semua instansi pejabat terlibat,Negatif,4
Tue Jul 01 05:45:23 +0000 2025,bpjs ku gabisa dibayar padahal mau dipakein kode mumpung ada ada yg pernah ngalamin ga dr bulan kmrn mau bayar statusnya udh lunas mulu takut bgt tbtb denda banyak help tanya,DF_Discountfess,2025-07-01 05:45:23+00:00,2025-07,ku gabisa dibayar padahal mau dipakein kode mumpung ada ada pernah ngalamin tidak bulan kmrn mau bayar statusnya sudah lunas mulu takut banget tbtb denda banyak help tanya,Negatif,2
Fri Oct 17 04:06:17 +0000 2025,guys ada yang bisa jawab gak ya jadi aku kan nunggak bayar bpjs tapi udah aku bayar lg dan aktif aku tau kalo rawat inap akan kena denda tapi kalau ada tindakan di poli bedah apakah akan ada denda jga,allisdreaming,2025-10-17 04:06:17+00:00,2025-10,guys ada bisa jawab tidak jadi aku nunggak bayar tapi sudah aku bayar lagi aktif aku tahu kalau rawat inap akan kena denda tapi kalau ada tindakan poli bedah apakah akan ada denda jga,Negatif,5
Sun Mar 15 02:07:08 +0000 2026,negara ni kalau urusan pajak sama denda gercepnya minta ampun tapi giliran pembela ham kena siram air keras begini malah bpjs angkat tangan kocak kaliiii giliran butuh perlindungan rakyat harus patungan sendiri,kamvungan,2026-03-15 02:07:08+00:00,2026-03,negara ni kalau urusan pajak sama denda gercepnya minta ampun tapi giliran pembela ham kena siram air keras begini malah angkat tangan kocak kali giliran butuh perlindungan rakyat harus patungan sendiri,Negatif,1
Tue Apr 21 02:30:53 +0000 2026,coba dengar ini rs atau tenaga medis sering menolak pasien karena pasien tidak memiliki kartu bpjs aktif bisa di pidana paling lama 2 tahun dan denda ratusan juta lebih jelasnya simak gaes semoga informasi ini bisa membantu mereka yang sering di tolak karena kekurangan,AnakLolina2,2026-04-21 02:30:53+00:00,2026-04,coba dengar rumah sakit atau tenaga medis sering menolak pasien karena pasien tidak memiliki kartu aktif bisa pidana paling lama tahun denda ratusan juta lebih jelasnya simak gaes semoga informasi bisa membantu mereka sering tolak karena kekurangan,Negatif,5
Sat Mar 28 12:05:00 +0000 2026,kondisi pekerja yg perusahaannya blackflag upah dibawah upah minimum jam kerja 24 jam bpjs bpjs hanya mitos resign kena denda pinalti lembur setiap hari uang lembur makasih aja engga suruh kerja lagi ijazah ditahan yg perusahaannya kayak deskripsi di atas u need some help,MenteriPekerja,2026-03-28 12:05:00+00:00,2026-03,kondisi pekerja perusahaannya blackflag upah dibawah upah minimum jam kerja jam hanya mitos resign kena denda pinalti lembur setiap hari uang lembur makasih saja engga suruh kerja lagi ijazah ditahan perusahaannya kayak deskripsi atas u need some help,Negatif,2
Sun Jul 06 10:10:10 +0000 2025,tolong jgn salty ya guyss bpjs tu bisa dinonaktifin gak sih aku bikin bpjs karena waktu itu buat perpanjang skck tp karena blm kerja aku jd ga sanggup bayar lagi jd tagihan membengkak kena denda teruss,tanyakanrl,2025-07-06 10:10:10+00:00,2025-07,tolong jangan salty guyss tu bisa dinonaktifin tidak aku membuat karena waktu buat perpanjang skck tapi karena belum kerja aku jadi tidak sanggup bayar lagi jadi tagihan membengkak kena denda teruss,Negatif,4
Tue Jun 02 10:14:02 +0000 2026,kalau begini sistemnya saya sakit hati banget dengan pemerintah ini sama aja mau bunuh pelan pelan rakyat miskin nyawa saya bergantung sama mesin kata dewi,projectm_org,2026-06-02 10:14:02+00:00,2026-06,kalau begini sistemnya saya sakit hati banget dengan pemerintah sama saja mau bunuh pelan pelan rakyat miskin nyawa saya bergantung sama mesin kata dewi,Negatif,5
Sat Feb 07 08:52:26 +0000 2026,gue termasuk bpjs pbi krn gue ga pernah pake akhirnya gue di nonaktifkan trs gue ditagih uang denda terus sampe gue blokir nomer bpjs nya yg suka wa gue,bakuldimsum_,2026-02-07 08:52:26+00:00,2026-02,saya termasuk pbi karena saya tidak pernah pakai akhirnya saya nonaktifkan terus saya ditagih uang denda terus sampe saya blokir nomer suka wa saya,Negatif,4
Fri Jun 05 13:32:45 +0000 2026,negri ini memang aneh tunggakan bpjs ibu yg sudah meninggal harus di lunasi anak jika tidak anak tidak bisa daftar bpjs mandiri anak tersebut tidak bekerja dan ingin memasukan berkas lamaran kerja dan salah satu syarat berkas harus ada bpjs mandiri kurang kocak apa negeri ini,ephen45,2026-06-05 13:32:45+00:00,2026-06,negri memang aneh tunggakan ibu sudah meninggal harus lunasi anak jika tidak anak tidak bisa daftar mandiri anak tersebut tidak bekerja ingin memasukan berkas lamaran kerja salah satu syarat berkas harus ada mandiri kurang kocak apa negeri,Negatif,5
Fri Mar 07 05:45:29 +0000 2025,yaallah pusing bgt blm byr cicilan panjul dr januari maret blm byr tunggakan bpjs belum byr pajak motor karna duitnya kurang yaallah bgt yg blm kebayar,myluvishc66,2025-03-07 05:45:29+00:00,2025-03,yaallah pusing banget belum byr cicilan panjul januari maret belum byr tunggakan belum byr pajak motor karna duitnya kurang yaallah banget belum kebayar,Negatif,1
Thu Jun 04 13:41:11 +0000 2026,pesan dr gjk isinya sering nawari ngutang wkwk mana aneh bgt org ak ga pernh daftar bpjs ketenagakerjaan tp tb2 saldoku dipotong perbulan akhir2 ni katanya dpat bantuan iuran gratis wkwk aneh,HilalEigenwel,2026-06-04 13:41:11+00:00,2026-06,pesan gjk isinya sering nawari ngutang tertawa mana aneh banget orang ak tidak pernh daftar ketenagakerjaan tapi tb saldoku dipotong perbulan akhir ni katanya dpat bantuan iuran gratis tertawa aneh,Negatif,5
Mon Apr 14 11:01:02 +0000 2025,rek tolong kasi saran kalau ajuin rehab cicilan bpjs kena admin bulanan kah kalo iya brp ya btw sender kena tunggakan gt 2jt bingung mau rehab atau bayar lunas tp pake toped paylatier,sbyfess,2025-04-14 11:01:02+00:00,2025-04,rek tolong kasih saran kalau ajuin rehab cicilan kena admin bulanan kah kalau iya berapa btw sender kena tunggakan begitu juta bingung mau rehab atau bayar lunas tapi pakai toped paylatier,Negatif,1
Fri Jun 05 09:06:54 +0000 2026,orang bilang cara jawabnya kurang mengenakkan tp begitulah kenyataan bpjs dokter yang udah ikut ketentuan bpjs sampe ke huruf hurufnya aja kadang suka ditolak klaimnya di saat bpjs nggak ada sekalipun kasih edukasi ke pasien,desertedminds,2026-06-05 09:06:54+00:00,2026-06,orang bilang cara jawabnya kurang mengenakkan tapi begitulah kenyataan dokter sudah ikut ketentuan sampe huruf hurufnya saja kadang suka ditolak klaimnya saat tidak ada sekalipun kasih edukasi pasien,Negatif,2
Sat Jun 06 01:01:58 +0000 2026,udah gitu pasien menolak pemasangan ngt dan request minta tpn alias infus susu dan itu harganya 1 biji 700rb siapa yg mau bayar ya potong jasa nakesnya pasien pulang dengan review google bintang 1 siapa yg di tegur direksi pusat nakes ranap,sunsxhnee,2026-06-06 01:01:58+00:00,2026-06,sudah begitu pasien menolak pemasangan ngt request minta tpn alias infus susu harganya biji ribu siapa mau bayar potong jasa nakesnya pasien pulang dengan review google bintang siapa tegur direksi pusat nakes ranap,Negatif,1
Sat Jun 06 00:52:17 +0000 2026,jadi sampe sekarang kabarnya gimana mas belom selesai juga kah mau gue pijit kepalanya banyak banget yang dibungkam blio malah setelah bungkam tl dia mulai merambah ke dm makasih doanya ya mas,PassTheSignal,2026-06-06 00:52:17+00:00,2026-06,jadi sampe sekarang kabarnya gimana mas belom selesai juga kah mau saya pijit kepalanya banyak banget dibungkam blio malah setelah bungkam tl dia mulai merambah dm makasih doanya mas,Negatif,1
Thu May 28 06:20:15 +0000 2026,bikin skck wajib aktifin bpjs kesehatan ya kalau iya dan ga aktif bpjs kesehatan karena masih ada tunggakan iuran tunggakan udah sampe 1 jutaan karena dipindah dari pekerja ke mandiri itu masih bisa bikin skck ga,tanyakanrl,2026-05-28 06:20:15+00:00,2026-05,membuat skck wajib aktifin kalau iya tidak aktif karena masih ada tunggakan iuran tunggakan sudah sampe jutaan karena dipindah pekerja mandiri masih bisa membuat skck tidak,Negatif,4
Tue Jun 02 06:58:01 +0000 2026,untuk satu pasien rawat jalan bpjs dokter tersebut hanya mendapatkan lima ratus rupiah per orang menjaga nyawa dan kesehatan manusia selama sehari semalam tetapi upah yang didapatkan sekecil ini harus ada perbaikan,urya_suryana,2026-06-02 06:58:01+00:00,2026-06,untuk satu pasien rawat jalan dokter tersebut hanya mendapatkan lima ratus rupiah per orang menjaga nyawa manusia selama sehari semalam tetapi upah didapatkan sekecil harus ada perbaikan,Negatif,2
Thu Jun 04 07:00:42 +0000 2026,harusnya iuran bpjs tuh jadi investasi tabungan andai peserta sampai mati tak pernah klaim tabungan bisa diambil keluarga andai pernah berapa kali klaim setelah peserta mati tabungan bisa diambil keluarga setelah dikurangi total jumlah klaim eh negara babak belur donk hhh,0HMYGHOST,2026-06-04 07:00:42+00:00,2026-06,harusnya iuran jadi investasi tabungan andai peserta sampai mati tak pernah klaim tabungan bisa diambil keluarga andai pernah berapa kali klaim setelah peserta mati tabungan bisa diambil keluarga setelah dikurangi total jumlah klaim eh negara babak belur donk h,Negatif,5
Fri Jun 05 05:00:38 +0000 2026,jauh2 hari udah dijelasin sama apoteker rahmanto kalau bakal naik harga2 obat dan ini juga bakal membebani bpjs yang birokrasi nya berubah2 itu awas aja kalau naik iuran bpjs nya dokter dan seluruh nakes digaji kecil harga obat naik jaspel minim iuran naik awas aja,apasajalala,2026-06-05 05:00:38+00:00,2026-06,jauh hari sudah dijelasin sama apoteker rahmanto kalau bakal naik harga obat juga bakal membebani birokrasi berubah awas saja kalau naik iuran dokter seluruh nakes digaji kecil harga obat naik jaspel minim iuran naik awas saja,Negatif,2
Sat Jun 06 00:43:37 +0000 2026,yang kayak gini nih penyakit birokrasi yang rajin ganjarannya tambahan tugas yang muda dinormalisasi buat kerja lembur dan yang kasi ide atau laporin sesuatu dia sendiri juga yang disuruh kerjain aneh,NakesPuskesmas,2026-06-06 00:43:37+00:00,2026-06,kayak gini nih penyakit birokrasi rajin ganjarannya tambahan tugas muda dinormalisasi buat kerja lembur kasih ide atau laporin sesuatu dia sendiri juga disuruh kerjain aneh,Negatif,1
Fri Jun 05 23:58:03 +0000 2026,perumpamaan yg akurat sekali bpjs itu kyk suami yang ngasih uang bulanan 1x klo gak cukup gk boleh minta lagi pasien2 penyakit kronis yg sering perlu opname pasti relate dan seperti suami yg udah kasih nafkah terus berbulan2 kemudian dikorek2 lg uangnya abis buat apa,murnii_tri,2026-06-05 23:58:03+00:00,2026-06,perumpamaan akurat sekali kyk suami kasih uang bulanan x kalau tidak cukup tidak boleh minta lagi pasien penyakit kronis sering perlu opname pasti relate seperti suami sudah kasih nafkah terus berbulan kemudian dikorek lagi uangnya abis buat apa,Negatif,2
Fri Jun 05 12:48:49 +0000 2026,sebenernya ya emang kebentur peraturan bpjsnya mungkin cara penyampaian dokternya kurang enak ke pasien yg bilang dokter ga usah mikir kalau ga bisa di klaim itu urusan rs kan akhirnya yang nombokin tuh rs ngaruh juga ke pendapatan semua karyawannya,Ugh__ON,2026-06-05 12:48:49+00:00,2026-06,sebenernya emang kebentur peraturan bpjsnya mungkin cara penyampaian dokternya kurang enak pasien bilang dokter tidak usah mikir kalau tidak bisa klaim urusan rumah sakit akhirnya nombokin rumah sakit ngaruh juga pendapatan semua karyawannya,Negatif,5
Tue Oct 14 02:41:27 +0000 2025,di beberapa rumah sakit sy menemui pasien yg tidak bisa menggunakan bpjs kesehatannya karena menunggak berbulan bahkan bertahun keluarga pasien seperti tersambar petir biaya pengobatan mahal tanpa bpjs pemerintah mengkaji hapus tunggakan iuran bpjs yg mencapai rp 7 trilyun,BANGSAygSUJUD,2025-10-14 02:41:27+00:00,2025-10,beberapa rumah sakit sy menemui pasien tidak bisa menggunakan kesehatannya karena menunggak berbulan bahkan bertahun keluarga pasien seperti tersambar petir biaya pengobatan mahal tanpa pemerintah mengkaji hapus tunggakan iuran mencapai rupiah trilyun,Negatif,5
Fri Jun 05 11:31:04 +0000 2026,bpjs kesehatan autodebit dr rekening saya tanpa sepengetahuan saya jumlah sebesar 1 8jt yg mana itu kebutuhan keluarga saya bulan ini habis disikat mereka semenjak tidak bekerja lg dr desember memang tidak saya bayar krn prioritas lebih untuk kebutuhan lain terbaik negara ini,AtletRebahan,2026-06-05 11:31:04+00:00,2026-06,autodebit rekening saya tanpa sepengetahuan saya jumlah sebesar juta mana kebutuhan keluarga saya bulan habis disikat mereka semenjak tidak bekerja lagi desember memang tidak saya bayar karena prioritas lebih untuk kebutuhan lain terbaik negara,Negatif,5
Thu Jun 04 23:18:27 +0000 2026,halo etmin kmrn 20 mei saya bayar bpjs scr manual lalu skrng muncul lg tagihan autodebet ini terdobel atau bagaimana ya,leowonite,2026-06-04 23:18:27+00:00,2026-06,etmin kmrn mei saya bayar scr manual lalu skrng muncul lagi tagihan autodebet terdobel atau bagaimana,Negatif,5
Fri Jun 05 07:35:13 +0000 2026,guys ada yang ngerti bpjs kah april kemarin aku dapet chat itu dari bpjs resmi klo aku ada tunggakan tapi baru aku bayar hari ini karna baru ada rezekinya nah setelah bayar kok tetap ga aktif ya status nya gimana biar aktif pls aku mau minta rujukan soalnya,tanyakanrl,2026-06-05 07:35:13+00:00,2026-06,guys ada ngerti kah april kemarin aku dapet chat resmi kalau aku ada tunggakan tapi baru aku bayar hari karna baru ada rezekinya nah setelah bayar tetap tidak aktif status gimana biar aktif pls aku mau minta rujukan soalnya,Negatif,3
Fri Jun 05 15:52:28 +0000 2026,bayar bpjs 105k 3 orang aja ngerasa duitnya sayang bisa dipake buat makan wkwkwk,tadaimakuh,2026-06-05 15:52:28+00:00,2026-06,bayar k orang saja ngerasa duitnya sayang bisa dipake buat makan tertawa,Negatif,5
Mon Jun 01 22:21:06 +0000 2026,proses klaim bpjs di rs itu kayak gini garis besarnya pasien di tangani di dokumentasi pengajuan klaim jika acc ya dibayar kalo enggak acc ya gak dibayar jadi tanggungan rs pegangan gw kondisi klinis pasien pegangan bpjs aturan klaim pmk ba panduan koding dst,TabatiereMaddok,2026-06-01 22:21:06+00:00,2026-06,proses klaim rumah sakit kayak gini garis besarnya pasien tangani dokumentasi pengajuan klaim jika acc dibayar kalau enggak acc tidak dibayar jadi tanggungan rumah sakit pegangan saya kondisi klinis pasien pegangan aturan klaim pmk ba panduan koding dst,Negatif,5
Thu Jun 04 15:15:33 +0000 2026,saya ada kendala pembayaran bpjs dari tanggal 8 mei kemarin dan jawaban yang saya terima kurang lebih sama selama sebulan uang saya kemana hei jgn cm kasih jawaban template tiap saya chat,nocturnnndy,2026-06-04 15:15:33+00:00,2026-06,saya ada kendala pembayaran tanggal mei kemarin jawaban saya terima kurang lebih sama selama sebulan uang saya kemana hei jangan cuma kasih jawaban template tiap saya chat,Negatif,4
Fri May 08 12:13:05 +0000 2026,halo kak mau tanya dong aku kan lupa bayar bpjs bulan april ya tagihan untuk bulan ini jadi 300k di kategori denda nya kosong kak ini 300k udah sama bulan mei atau belum ya,bubblushy,2026-05-08 12:13:05+00:00,2026-05,mau tanya aku lupa bayar bulan april tagihan untuk bulan jadi k kategori denda kosong k sudah sama bulan mei atau belum,Negatif,5
Fri Jun 05 01:45:40 +0000 2026,mengkaget liat tagihan listrik bulan ini,perlucuan,2026-06-05 01:45:40+00:00,2026-06,mengkaget liat tagihan listrik bulan,Negatif,4
Mon Jun 01 03:05:26 +0000 2026,halo min aku udah 3 bulan kenapa ga ada tagihan bayar ya tagihannya tetep 0 tapi tiba tiba di tanggal 1 ini diinfo pemakaian udah batas limit 100 000 terus mau dibayar juga belom bisa kan,limingssi,2026-06-01 03:05:26+00:00,2026-06,aku sudah bulan kenapa tidak ada tagihan bayar tagihannya tetep tapi tiba tiba tanggal diinfo pemakaian sudah batas limit terus mau dibayar juga belom bisa,Negatif,5
Tue Jun 02 08:46:21 +0000 2026,biasanya listrik sebulan 300 terus ke 400 bulan ini tagihan udah 450,harmionegrngr,2026-06-02 08:46:21+00:00,2026-06,biasanya listrik sebulan terus bulan tagihan sudah,Negatif,6
Fri Jun 05 08:09:51 +0000 2026,pln nih apasih masalah hidupnya kebakaran dari maret akhir pas bulan lalu dapat tagihan 12juta apa yang dibayar 12juta untuk seonggok bangunan yg kosong oke komplain kan bulan lalu tetap dibayar dengan cicilan terus bulan ini keluar tagihan lagi 12juta lagi apasiiii anjing,kookmination_,2026-06-05 08:09:51+00:00,2026-06,pln nih apasih masalah hidupnya kebakaran maret akhir pas bulan lalu dapat tagihan juta apa dibayar juta untuk seonggok bangunan kosong oke komplain bulan lalu tetap dibayar dengan cicilan terus bulan keluar tagihan lagi juta lagi apasi anjing,Negatif,7
Fri Jun 05 03:12:32 +0000 2026,alhasil biaya operasional faskes meningkat tarif layanan akan naik pula dan akses mutu layanan pasien terganggu kalau berlangsung terus menerus sisa menunggu waktu tarif bpjs akan naik,NakesPuskesmas,2026-06-05 03:12:32+00:00,2026-06,alhasil biaya operasional faskes meningkat tarif layanan akan naik pula akses mutu layanan pasien terganggu kalau berlangsung terus menerus sisa menunggu waktu tarif akan naik,Negatif,2
Fri Jun 05 03:53:22 +0000 2026,jadi mulfand boncos juga yakk event bulan ini tagihan se abrek mantap banget,iloVeyOuSoWeL,2026-06-05 03:53:22+00:00,2026-06,jadi mulfand boncos juga yakk event bulan tagihan se abrek mantap banget,Negatif,4
Fri Jun 05 07:17:17 +0000 2026,2 bulan ini tagihan listrik rumah kok naik ya pemakaian rutin amp biasa amp tidak neko amp tidak ada event kgiatan di rumah apa yang lain juga merasakan atau mgkn ada kebocoran listrik di rumah saya atau ada warung yang jumper listrik dari rumah,KantorMaksaBuat,2026-06-05 07:17:17+00:00,2026-06,bulan tagihan listrik rumah naik pemakaian rutin  biasa  tidak neko  tidak ada event kgiatan rumah apa lain juga merasakan atau mgkn ada kebocoran listrik rumah saya atau ada warung jumper listrik rumah,Negatif,6
Fri Jun 05 09:39:31 +0000 2026,tagihan cc bulan ini meledaq,grepfood,2026-06-05 09:39:31+00:00,2026-06,tagihan cc bulan meledaq,Negatif,1
Thu Jun 04 04:16:22 +0000 2026,nyebut banget liat tagihan rumah bulan ini,annisamhrn,2026-06-04 04:16:22+00:00,2026-06,nyebut banget liat tagihan rumah bulan,Negatif,1
Mon Oct 07 10:49:56 +0000 2024,jadi bingung antara ikut iuran atau bayar tagihan bpjs bulan ini,direktoridosen,2024-10-07 10:49:56+00:00,2024-10,jadi bingung antara ikut iuran atau bayar tagihan bulan,Negatif,1
Thu Dec 19 08:07:01 +0000 2024,banyak yang ngga tau kalau orang meninggal ngga cuma urus surat akte kematian lalu bikin kartu keluarga baru tapi harus urus bpjs keseatannya secara manual kalau tidak tagihannya terus berjalan dan menunggak pas kita butuh harus lunasi tagihan orang yg sudah meninggal,echoPiR,2024-12-19 08:07:01+00:00,2024-12,banyak ngga tahu kalau orang meninggal ngga cuma urus surat akte kematian lalu membuat kartu keluarga baru tapi harus urus keseatannya secara manual kalau tidak tagihannya terus berjalan menunggak pas kita butuh harus lunasi tagihan orang sudah meninggal,Negatif,5
Mon Mar 24 16:15:03 +0000 2025,dok fluoxetine bisa didapetin di fktp ga sih tanpa harus ke psikiater kalo pake bpjs depresi kompetensi 4a kan yah selama ini beli mandiri tapi berat juga di keuangan aku cuma pengen berfungsi normal aja,BaseAnakFK,2025-03-24 16:15:03+00:00,2025-03,dok fluoxetine bisa didapetin fktp tidak tanpa harus psikiater kalau pakai depresi kompetensi a yah selama beli mandiri tapi berat juga keuangan aku cuma pengen berfungsi normal saja,Negatif,1
Sun Sep 14 03:39:15 +0000 2025,fktp saya lihat jumlah pasien bpjs makin banyak fktp swasta makin dikit kalo fktl gimana yak,ardi_tama1,2025-09-14 03:39:15+00:00,2025-09,fktp saya lihat jumlah pasien makin banyak fktp swasta makin dikit kalau fktl gimana yak,Negatif,5
Tue Sep 16 05:54:35 +0000 2025,terimakasih atas penjelasannya sedih hadapi pasien yg oleh oknum di rs diminta rujukan baru terus dari fktp fktp ga bisa kasih krn ikuti aturan bpjs kasihan pasien habis waktu tenaga amp biaya transportasi dll padahal bisa rujukan internal antar spesialis di rs,drnewstwit,2025-09-16 05:54:35+00:00,2025-09,terimakasih atas penjelasannya sedih hadapi pasien oleh oknum rumah sakit diminta rujukan baru terus fktp fktp tidak bisa kasih karena ikuti aturan kasihan pasien habis waktu tenaga  biaya transportasi dll padahal bisa rujukan internal antar spesialis rumah sakit,Negatif,5
Tue Apr 21 09:47:40 +0000 2026,sebenernya di sistem fktp bpjs justru lebih menguntungkan buat pasien sehat kunjungannya kita senam aja tiap hari kan asik kalo lihat masyarakat yg kebiasaannya ngomong masuk kuping kiri keluar kuping kanan kayaknya gak akan kejadian anytime soon,ardi_tama1,2026-04-21 09:47:40+00:00,2026-04,sebenernya sistem fktp justru lebih menguntungkan buat pasien sehat kunjungannya kita senam saja tiap hari asik kalau lihat masyarakat kebiasaannya ngomong masuk kuping kiri keluar kuping kanan kayaknya tidak akan kejadian anytime soon,Negatif,2
Sun Dec 21 11:57:41 +0000 2025,hal ini berpotensi menjadi masalah pasien tidak patuh karena pasien keluarga semakin repot bolak balik rs setiap sp kasih obat berisiko terlalu banyak amp ragam obat fktp ditegur bpjs kesehatan karena terlalu banyak merujuk fktp ribut dengan pasien terkait rujukan,drnewstwit,2025-12-21 11:57:41+00:00,2025-12,hal berpotensi menjadi masalah pasien tidak patuh karena pasien keluarga semakin repot bolak balik rumah sakit setiap sp kasih obat berisiko terlalu banyak  ragam obat fktp ditegur karena terlalu banyak merujuk fktp ribut dengan pasien terkait rujukan,Negatif,2
Fri Jan 17 05:26:43 +0000 2025,bayarnya pake apa apbn apa ngegerogoti iuran bpjs lagi psikolog sampe hari ini belom bisa ngasih layanan di fktp kecuali beberapa puskes di jakarta ya jadi gausah klaim program inovasi terbaru kemenkes kalo struktur pembiayaan dan pelaksanaan pake yang existing,1212MAonTWT,2025-01-17 05:26:43+00:00,2025-01,bayarnya pakai apa apbn apa ngegerogoti iuran lagi psikolog sampe hari belom bisa kasih layanan fktp kecuali beberapa puskes jakarta jadi gausah klaim program inovasi terbaru kemenkes kalau struktur pembiayaan pelaksanaan pakai existing,Negatif,1
Sat Nov 22 23:30:36 +0000 2025,kemudian muncul bintang 1 di google review bilang dokter persulit pasien bayar bpjs kesehatan tiap bulan tetap bayar pribadi periksa kehamilan di rumah sakit padahal dokter tidak persulit sudah jelaskan amp sarankan periksa kehamilan di fktp pakai bpjs bahkan beri nomor hpnya,drnewstwit,2025-11-22 23:30:36+00:00,2025-11,kemudian muncul bintang google review bilang dokter persulit pasien bayar tiap bulan tetap bayar pribadi periksa kehamilan rumah sakit padahal dokter tidak persulit sudah jelaskan  sarankan periksa kehamilan fktp pakai bahkan beri nomor hpnya,Negatif,1
Sat Sep 13 03:14:45 +0000 2025,nah ini setuju untuk dokter di fktp yang melayani bpjs kes mending diberikan gaji yang sesuai bukan hitung hitungan per pasien,KakakMade,2025-09-13 03:14:45+00:00,2025-09,nah setuju untuk dokter fktp melayani kes mending diberikan gaji sesuai bukan hitung hitungan per pasien,Negatif,5
Thu Jan 30 07:20:33 +0000 2025,udahlah kesehatan jd second priority bpjs jg gak jelas fktp blm settle biaya berobat makin kesini makin gila2 an doaku cmn satu yaallah kirimkan saldo 50 jt ke rekeningku agar aku bs whv,icec0ffe,2025-01-30 07:20:33+00:00,2025-01,udahlah jadi second priority juga tidak jelas fktp belum settle biaya berobat makin kesini makin gila an doaku cmn satu yaallah kirimkan saldo juta rekeningku agar aku bisa whv,Negatif,1
Sat Nov 22 23:30:36 +0000 2025,kasihan dokternya pesan 1 peserta bpjs kesehatan harus belajar terkait peraturan bpjs kesehatan 2 bpjs kesehatan wajib lebih sering melakukan sosialisasi aturan 3 bpjs kesehatan kelas 1 2 3 tidak ada beda di rawat jalan fktp swasta tetap dibayar sekitar 12ribu bulan,drnewstwit,2025-11-22 23:30:36+00:00,2025-11,kasihan dokternya pesan peserta harus belajar terkait peraturan wajib lebih sering melakukan sosialisasi aturan kelas tidak ada beda rawat jalan fktp swasta tetap dibayar sekitar ribu bulan,Negatif,5
Sat Feb 15 16:55:08 +0000 2025,ada yang punya pengalaman ke psikolog offline di fktp ga yg bpjs non bpjs gitu pelayanannya gimana lebih worth mana dengan hal0d0c soalnya aku merasa lgi ga baik tapi aku tkut tia,tanyakanrl,2025-02-15 16:55:08+00:00,2025-02,ada punya pengalaman psikolog offline fktp tidak non begitu pelayanannya gimana lebih worth mana dengan haldc soalnya aku merasa lgi tidak baik tapi aku tkut tia,Negatif,7
Tue Jan 07 13:13:45 +0000 2025,pembuatan gigi tiruan ditanggung bpjs bisa dibuat di fktp kalau fktpnya ga mbikin coba nanya ke fktp drg lainnya pertanggungannya kayak kacamata dapatnya potongan harga,belindch,2025-01-07 13:13:45+00:00,2025-01,pembuatan gigi tiruan ditanggung bisa dibuat fktp kalau fktpnya tidak mbikin coba nanya fktp drg lainnya pertanggungannya kayak kacamata dapatnya potongan harga,Negatif,2
Sat Nov 22 23:30:34 +0000 2025,dapat curhat teman sejawat dokter suami pasien ibu hamil ke fktp dan bilang saya ini peserta bpjs kesehatan kelas 1 loh dok saya mau pakai bpjs kesehatan untuk periksa kehamilan istri saya di rumah sakit saya bayar bpjs tiap bulan belum pakai sayang kalau tidak dipakai,drnewstwit,2025-11-22 23:30:34+00:00,2025-11,dapat curhat teman sejawat dokter suami pasien ibu hamil fktp bilang saya peserta kelas loh dok saya mau pakai untuk periksa kehamilan istri saya rumah sakit saya bayar tiap bulan belum pakai sayang kalau tidak dipakai,Negatif,5
Sun Aug 03 02:14:59 +0000 2025,dokter umum kan domainnya di fktp sebenarnya bisa untung bila peserta yang terdaftar di fktp itu banyak dan jarang berobat atau yang datang berobat di rujuk ke fkrtl sayangnya bpjs kes sudah membetengi ini dengan membatasi jumlah rujukan,KakakMade,2025-08-03 02:14:59+00:00,2025-08,dokter umum domainnya fktp sebenarnya bisa untung bila peserta terdaftar fktp banyak jarang berobat atau datang berobat rujuk fkrtl sayangnya kes sudah membetengi dengan membatasi jumlah rujukan,Negatif,5
Tue Dec 31 06:55:34 +0000 2024,sbenernya ini tuh daftar penyakit yg tidak dapat dirujukdari fktp klinik dan puskes ke poli fkrtl rumah sakit tapi banyak yg misunderstanding grgr bpjs ga kasih info lengkap gawat darurat beda cerita alurnya bisa lgsg ke igd,scopamin,2024-12-31 06:55:34+00:00,2024-12,sbenernya daftar penyakit tidak dapat dirujukdari fktp klinik puskes poli fkrtl rumah sakit tapi banyak misunderstanding grgr tidak kasih info lengkap gawat darurat beda cerita alurnya bisa lgsg igd,Negatif,5
Fri Jun 05 08:53:12 +0000 2026,siapa yg pernah diminta pulang sama rs kalo udh lebih dari 3 hari ternyata bpjs itu ga ada aturannya batas waktu rawat inap hanya sampai 3 hari namun itu bisa jadi hanya akal akalan administrasi rs untuk mendapatkan paket bpjs dulu pernah jadi harus bayar normal tanpa bpjs karena katanya cuma 3 hari rs sialan emang,MenteriPekerja,2026-06-05 08:53:12+00:00,2026-06,siapa pernah diminta pulang sama rumah sakit kalau sudah lebih hari ternyata tidak ada aturannya batas waktu rawat inap hanya sampai hari namun bisa jadi hanya akal akalan administrasi rumah sakit untuk mendapatkan paket dulu pernah jadi harus bayar normal tanpa karena katanya cuma hari rumah sakit sialan emang,Negatif,5
Fri Jun 05 03:04:38 +0000 2026,bpjs lu tu kenapa sih ribetin orang mau berobat waktu awal mau periksa suruh ambil antrian lewat jkn klo mau ke dokter gigi pas lewat jkn jadwal dokter gak ada semua akhirnya dateng ke puskesmas langsung kenapa gak bisa ternyta suruh lewat jak sehat,gummybear16_,2026-06-05 03:04:38+00:00,2026-06,kamu tu kenapa ribetin orang mau berobat waktu awal mau periksa suruh ambil antrian lewat jkn kalau mau dokter gigi pas lewat jkn jadwal dokter tidak ada semua akhirnya dateng puskesmas langsung kenapa tidak bisa ternyta suruh lewat jak sehat,Negatif,5
Sat Jun 06 00:43:35 +0000 2026,briefing pagi penanggungjawab ruangan pada diajakin buat ikutan pembahasannya biasa seputar masalah di puskesmas pas udah mau bubaran kapus nanya bagaimana apakah sudah tidak ada masalah lagi terus tiba tiba salah seorang staf keingat saya ada bu maaf baru keingat,NakesPuskesmas,2026-06-06 00:43:35+00:00,2026-06,briefing pagi penanggungjawab ruangan pada diajakin buat ikutan pembahasannya biasa seputar masalah puskesmas pas sudah mau bubaran kapus nanya bagaimana apakah sudah tidak ada masalah lagi terus tiba tiba salah seorang staf keingat saya ada bu maaf baru keingat,Negatif,5
Sun Apr 05 09:13:09 +0000 2026,dips gigi geraham sender bolong trs retak ada bbrp akar gigi jg yg belum dicabut karena pas dirumah ga sempet periksa ke dokter kalo sender periksa dan minta penanganan gigi di klinik dipo tu bayar ga yaa btw bpjs sender udah pindah faskes ke klinik dipo mohon bantuannyaa,undipmfs3,2026-04-05 09:13:09+00:00,2026-04,dips gigi geraham sender bolong terus retak ada bbrp akar gigi juga belum dicabut karena pas dirumah tidak sempet periksa dokter kalau sender periksa minta penanganan gigi klinik dipo tu bayar tidak yaa btw sender sudah pindah faskes klinik dipo mohon bantuannyaa,Negatif,1
Mon May 04 15:58:34 +0000 2026,sejawat baik banget ke pasien di klinik sekarang dia nangis dapat pasien bpjs kesehatan yg ga bisa rawat luka mandiri paska bedah ditolong sama dia hampir setiap hari gratis perawatan luka sudah bulan selanjutnya luka membaik amp pasien kontrol kembali ke bedah apa yg terjadi,drnewstwit,2026-05-04 15:58:34+00:00,2026-05,sejawat baik banget pasien klinik sekarang dia nangis dapat pasien tidak bisa rawat luka mandiri paska bedah ditolong sama dia hampir setiap hari gratis perawatan luka sudah bulan selanjutnya luka membaik  pasien kontrol kembali bedah apa terjadi,Negatif,5
Sat Apr 25 22:12:46 +0000 2026,menanti faskes mana yang jadi lokasi shootingnya tiba2 bpjs rasa klinik executive nanti pelayanannya,XbravoBingo,2026-04-25 22:12:46+00:00,2026-04,menanti faskes mana jadi lokasi shootingnya tiba rasa klinik executive nanti pelayanannya,Negatif,7
Sat Jun 06 00:42:44 +0000 2026,btw gak benar ada keharusan harus pulang setelah 3 hari pengalaman pribadi saya dengan almarhum bapak ketika di rs swasta harus dirujuk ke rs kelas a dikarenakan penanganan untuk penyakit bapak harus ke rs kelas a di rs swasta tersebut juga lebih dari 3 hari tepatnya 4 5 hari karena setelah dicek penanganan penyakit bapak harus dirujuk jadi jangan mukul rata dengan menyebut rs sialan kasihan nakes yg ada,eternalgamez,2026-06-06 00:42:44+00:00,2026-06,btw tidak benar ada keharusan harus pulang setelah hari pengalaman pribadi saya dengan almarhum bapak ketika rumah sakit swasta harus dirujuk rumah sakit kelas a dikarenakan penanganan untuk penyakit bapak harus rumah sakit kelas a rumah sakit swasta tersebut juga lebih hari tepatnya hari karena setelah dicek penanganan penyakit bapak harus dirujuk jadi jangan mukul rata dengan menyebut rumah sakit sialan kasihan nakes ada,Negatif,5
Sun Sep 08 09:48:34 +0000 2024,lagi lagi pasien bpjs menurut pihak keluarga tdk dilayani dengan baik tkp rsud lm baharuddin kabupaten muna jumat 06 09 24 keluarga pasien mengamuk karena kakeknya tfk segera di temui oleh dokter sehingga nyawa nya tdk dapat tertolong,neVerAl0nely___,2024-09-08 09:48:34+00:00,2024-09,lagi lagi pasien menurut pihak keluarga tidak dilayani dengan baik tkp rsud lm baharuddin kabupaten muna jumat keluarga pasien mengamuk karena kakeknya tfk segera temui oleh dokter sehingga nyawa tidak dapat tertolong,Negatif,1
Fri May 22 03:50:04 +0000 2026,guys berobat ke puskesmas wlpn tanpa bpjs emg gratis ya cuma bayar biaya regist aja aku selama ini kalo sakit ke faskes lain dokter keluarga gitu dan selalu ambil paket biaya termurah 120k barusan ke puskesmas kok ga bayar obatnya atau aku yg klewat bayar,tanyakanrl,2026-05-22 03:50:04+00:00,2026-05,guys berobat puskesmas wlpn tanpa emg gratis cuma bayar biaya regist saja aku selama kalau sakit faskes lain dokter keluarga begitu selalu ambil paket biaya termurah k barusan puskesmas tidak bayar obatnya atau aku klewat bayar,Negatif,5
Sun Feb 02 13:11:46 +0000 2025,dimarahin keluarga pasien yang bawa anak berobat pake bpjs demam baru dari kemaren suhunya sampe igd 37 1 pak ini igd kalo mau pake bpjs ya kasus gawat darurat sudah diperiksa loh anaknya ga ada gawat saya polisi loh semoga nanti dokter ga pernah butuh saya,_heavenpostman,2025-02-02 13:11:46+00:00,2025-02,dimarahin keluarga pasien bawa anak berobat pakai demam baru kemaren suhunya sampe igd pak igd kalau mau pakai kasus gawat darurat sudah diperiksa loh anaknya tidak ada gawat saya polisi loh semoga nanti dokter tidak pernah butuh saya,Negatif,5
Thu Aug 14 03:46:59 +0000 2025,wa sepupu dokter yg lg praktek cm blg aku drop lgsung dtg kiriman obat sebanyak ini pdhal bpjs blm berlaku d palu wajib d syukuri punya keluarga se syg ini pdku,GeminiRyun,2025-08-14 03:46:59+00:00,2025-08,wa sepupu dokter lagi praktek cuma blg aku drop lgsung dtg kiriman obat sebanyak pdhal belum berlaku d palu wajib d syukuri punya keluarga se syg pdku,Negatif,5
Wed Aug 14 15:56:27 +0000 2024,buat dekan2 fk se indonesia lu harus tau sekolah tuh harusnya melindungi siswa dari kejamnya dunia lu malah sok2an bikin jadi neraka kalian semua itu korban idealisme bahwa dokter itu mesti perfect percaya lah semua pasien dan keluarga pengguna bpjs ga pernah nuntut perfect,wewegomb,2024-08-14 15:56:27+00:00,2024-08,buat dekan fk se indonesia kamu harus tahu sekolah harusnya melindungi siswa kejamnya dunia kamu malah sokan membuat jadi neraka kalian semua korban idealisme bahwa dokter mesti perfect percaya lah semua pasien keluarga pengguna tidak pernah nuntut perfect,Negatif,1
Fri Jun 05 15:00:31 +0000 2026,itu pak dokter yg ada di video sesekali jaga malamlah di igd di rs yg ngelayani pasien bpjs biar paham betapa challenge nya kondisi rekan2 nakes di lapangan mana bpjs kesehatan jarang sekali bikin materi edukasi tentang regulasi2 ajaib yg mereka ciptakan menguras emosi,fat_bry,2026-06-05 15:00:31+00:00,2026-06,pak dokter ada video sesekali jaga malamlah igd rumah sakit ngelayani pasien biar paham betapa challenge kondisi rekan nakes lapangan mana jarang sekali membuat materi edukasi tentang regulasi ajaib mereka ciptakan menguras emosi,Negatif,5
Sun Feb 23 03:55:21 +0000 2025,ini dokter rs primaya udh tau bpjs tp lu prescribe obat patent tuh gimana deh kan ga semua keluarga itu klg dokter kyk klg w yg hapal obat generik dari merek paten kasihan tau kalo pasien dibilang habis obat dari bpjs trs akhirnya ttp beli obat paten di luar,Allebbellaa,2025-02-23 03:55:21+00:00,2025-02,dokter rumah sakit primaya sudah tahu tapi kamu prescribe obat patent gimana tidak semua keluarga klg dokter kyk klg w hapal obat generik merek paten kasihan tahu kalau pasien dibilang habis obat terus akhirnya ttp beli obat paten luar,Negatif,6
Fri Mar 21 03:43:09 +0000 2025,sumpah demi alek gak mau lagi ke mitra keluarga depok dokter ngaret dua jam padahal ini bukan pake bpjs,wooinaa,2025-03-21 03:43:09+00:00,2025-03,sumpah demi alek tidak mau lagi mitra keluarga depok dokter ngaret dua jam padahal bukan pakai,Negatif,2
Sun Jan 26 12:03:12 +0000 2025,yang nyusahin orang pengen kemauannya tercapai tapi ga mau kebagian risiko manajemen amp bpjs pengen pasien ga dirawat ga sesuai kriteria tapi yg disuruh ngomong dokter keluarga pengen pasien dirawat tapi ga sesuai kriteria bpjs tapoi ga mau umum lah trus gimana,Marimar_Aauw,2025-01-26 12:03:12+00:00,2025-01,nyusahin orang pengen kemauannya tercapai tapi tidak mau kebagian risiko manajemen  pengen pasien tidak dirawat tidak sesuai kriteria tapi disuruh ngomong dokter keluarga pengen pasien dirawat tapi tidak sesuai kriteria tapoi tidak mau umum lah trus gimana,Negatif,5
Wed Apr 08 07:39:51 +0000 2026,pakai bpjs di puskesmas posyandu dokter keluarga sudah ada kenapa kok bikin yang aneh2 lagi aneh memang pemerintah ini,black_k00k33,2026-04-08 07:39:51+00:00,2026-04,pakai puskesmas posyandu dokter keluarga sudah ada kenapa membuat aneh lagi aneh memang pemerintah,Negatif,5
Mon Apr 27 00:49:18 +0000 2026,membayar bpjs tiap bulan bukan juga berarti kalian bisa memesan surat rujukan layaknya menu di restoran jujur ini sering banget terjadi di fktp banyak yang masih anggap dokter umum cuma jalur masuk ke spesialis padahal secara medis itu keliru bpjs itu sistem berjenjang dan dokter umum bukan penjaga pintutapi garda terdepan penanganan penyakit,tb_siswadi,2026-04-27 00:49:18+00:00,2026-04,membayar tiap bulan bukan juga berarti kalian bisa memesan surat rujukan layaknya menu restoran jujur sering banget terjadi fktp banyak masih anggap dokter umum cuma jalur masuk spesialis padahal secara medis keliru sistem berjenjang dokter umum bukan penjaga pintutapi garda terdepan penanganan penyakit,Negatif,2
Thu Feb 19 07:43:57 +0000 2026,periksa ke dokter spesialis itu bayar berapa sih aku pingin banget periksa tapi kalo pake bpjs harus nunggu rujukan mulu dan itu lama,mintcho12081,2026-02-19 07:43:57+00:00,2026-02,periksa dokter spesialis bayar berapa aku pingin banget periksa tapi kalau pakai harus nunggu rujukan mulu lama,Negatif,5
Tue Jan 13 01:16:31 +0000 2026,halo imissu aku lagi sakit ada benjolan nyeri di badanku untuk berobat bpjs ke rs terdekat harus minta rujukan dari faskes 1 kan ya kira kira sulit ngga ya minta rujukan ke rs spesialis di rs sender udah gak betah sama nyerinya terima kasih,unudmenfess,2026-01-13 01:16:31+00:00,2026-01,imissu aku lagi sakit ada benjolan nyeri badanku untuk berobat rumah sakit terdekat harus minta rujukan faskes kira kira sulit ngga minta rujukan rumah sakit spesialis rumah sakit sender sudah tidak betah sama nyerinya terima kasih,Negatif,5
Fri Jun 05 03:16:40 +0000 2026,menurutku petugas informasi bpjs sama poli rs adalah orang orang yang punya kesabaran 1000x bcs u kudu jelasin ke mbah mbah yang gaptek dan udah berkurang indra pendengarannya ttg antrian online rujukan alur prosedur dll,ribuduasatu,2026-06-05 03:16:40+00:00,2026-06,menurutku petugas informasi sama poli rumah sakit adalah orang orang punya kesabaran x bcs u kudu jelasin mbah mbah gaptek sudah berkurang indra pendengarannya ttg antrian online rujukan alur prosedur dll,Negatif,2
Tue Feb 17 13:35:12 +0000 2026,temen2 undip mau tanya dong psikolog di rs hermina banyumanik itu bisa pakai bpjs ga ya terus kalau minta rujukan ke klinik dipo bilang apa waktu di administrasinya jujur sender takut,UNDIP_FESS,2026-02-17 13:35:12+00:00,2026-02,temen undip mau tanya psikolog rumah sakit hermina banyumanik bisa pakai tidak terus kalau minta rujukan klinik dipo bilang apa waktu administrasinya jujur sender takut,Negatif,1
Thu May 28 17:19:38 +0000 2026,yang bisa ratusan juta di 1 rs btkv bedah saraf orto jika sp sedikit bedah plastik caseload non bpjs atau pisau di rs rujukan utama pisau yang mana semuanya punya long operation jadi alasan apa kira kira yang membuat mereka sering ngibul kepo jadinya,jaehyungantenk,2026-05-28 17:19:38+00:00,2026-05,bisa ratusan juta rumah sakit btkv bedah saraf orto jika sp sedikit bedah plastik caseload non atau pisau rumah sakit rujukan utama pisau mana semuanya punya long operation jadi alasan apa kira kira membuat mereka sering ngibul kepo jadinya,Negatif,4
Tue Mar 17 03:45:03 +0000 2026,tahun lalu gue operasi pengangkatan amandel tonsilektomi ditanggung bpjs biaya kalau bayar sendiri rp 30 juta gue bayar nol dicover bpjs prosedurnya bener dari awal faskes 1 dulu rujukan rs semua sesuai jalur bpjs itu emang ribet antreannya bikin sabar diuji tapi kalau lo tau caranya rawat inap sampai operasi besar bisa gratis share ke ortu atau keluarga yang bayar bpjs tiap bulan tapi belum pernah sekalipun klaim biar pas butuh mereka gak pulang nangis dari rs,hanifproduktif,2026-03-17 03:45:03+00:00,2026-03,tahun lalu saya operasi pengangkatan amandel tonsilektomi ditanggung biaya kalau bayar sendiri rupiah juta saya bayar nol dicover prosedurnya bener awal faskes dulu rujukan rumah sakit semua sesuai jalur emang ribet antreannya membuat sabar diuji tapi kalau kamu tahu caranya rawat inap sampai operasi besar bisa gratis share ortu atau keluarga bayar tiap bulan tapi belum pernah sekalipun klaim biar pas butuh mereka tidak pulang nangis rumah sakit,Negatif,5
Tue May 26 08:19:08 +0000 2026,aku mau bahas poin ke 3 ya itu emang mau giring opini ga focus sama kasus ini malah pake pengandaian itu loh anaknya sadar melek bedakan gawat darurat gawat darurat sekali kali ke igd rs dan tanya berapa banyak yg berhasil pake bpjs tanpa rujukan daripada katanya2 gini,ettno7cito,2026-05-26 08:19:08+00:00,2026-05,aku mau bahas poin emang mau giring opini tidak focus sama kasus malah pakai pengandaian loh anaknya sadar melek bedakan gawat darurat gawat darurat sekali kali igd rumah sakit tanya berapa banyak berhasil pakai tanpa rujukan daripada katanya gini,Negatif,5
Fri May 08 01:22:48 +0000 2026,bpjs katanya down pasien mau perpanjang rujukan ke rs pada gk bisa takbirr,orenjiaji,2026-05-08 01:22:48+00:00,2026-05,katanya down pasien mau perpanjang rujukan rumah sakit pada tidak bisa takbirr,Negatif,5
Tue Dec 30 07:14:30 +0000 2025,1 perbedaan bpjs rs rujukan rspp vs pelni untuk pasien adhd 2 beda conditioner lavajoy vs sensatia botanica vs pantene tube 3 kenapa dimasa krisis harus punya kartu kredit gt im about to write my most controversial take ever,Ichavarma_,2025-12-30 07:14:30+00:00,2025-12,perbedaan rumah sakit rujukan rspp vs pelni untuk pasien adhd beda conditioner lavajoy vs sensatia botanica vs pantene tube kenapa dimasa krisis harus punya kartu kredit begitu im about to write my most controversial take ever,Negatif,5
Fri Jun 05 06:51:14 +0000 2026,bisik bisik perawat ko dokter lagi nunggu trasnfer dok tapi lama oh ya udh di tunggu aja gak bisa kita alihkan ke bpjs saja ya nggk lah itu tuh tdi cuma di bersihkan karena klo nggak bsa kena infeksi jadi ada mhswa berobat hbs jatuh hrs bayar pribadi tpi dia tdk bawa uang dan menunggu transfer orang tuanya semoga lekas di transfer ya,urya_suryana,2026-06-05 06:51:14+00:00,2026-06,bisik bisik perawat ko dokter lagi nunggu trasnfer dok tapi lama oh sudah tunggu saja tidak bisa kita alihkan saja nggk lah tdi cuma bersihkan karena kalau tidak bsa kena infeksi jadi ada mhswa berobat hbs jatuh harus bayar pribadi tpi dia tidak bawa uang menunggu transfer orang tuanya semoga lekas transfer,Negatif,2
Fri Jun 05 23:35:20 +0000 2026,jir kan emang prioritas pendukung nderrrrrr kemane aje lukhh makanya banyak penerima bansos bpjs dinonaktifkan padahal butuh,avvvrylll,2026-06-05 23:35:20+00:00,2026-06,jir emang prioritas pendukung nder kemane aje lukhh makanya banyak penerima bansos dinonaktifkan padahal butuh,Negatif,6
Thu Jun 04 04:45:15 +0000 2026,dari kemarin mau daftarin karyawan baru di bpjskes dan bpjstk nya tp gabisa mulu ternyata data dukcapil masih kendala sehingga gaaa bisa daftarin nik nik karyawan baru ke website bpjs,strwbrrymoist,2026-06-04 04:45:15+00:00,2026-06,kemarin mau daftarin karyawan baru bpjskes bpjstk tapi gabisa mulu ternyata data dukcapil masih kendala sehingga tidak bisa daftarin nik nik karyawan baru website,Negatif,5
Sat Jun 06 00:25:28 +0000 2026,mabes polri ada apa ya kira kira koq memberikan tempat di bareskrim kepada sony sanjaya untuk klarifikasi tidak jual titik sppg padahal itu dugaan pidana yg disidik kejagung dan membuat dia jadi penghuni rutan di bareskrim kan banyak penyidik koq mati semua sensor nya,ferrykoto,2026-06-06 00:25:28+00:00,2026-06,mabes polri ada apa kira kira koq memberikan tempat bareskrim kepada sony sanjaya untuk klarifikasi tidak jual titik sppg padahal dugaan pidana disidik kejagung membuat dia jadi penghuni rutan bareskrim banyak penyidik koq mati semua sensor,Negatif,5
Sat Jun 01 10:22:20 +0000 2024,cw gaji work kalo tiap gajian selalu ada keterangan dipotong bpjs tk amp bpjs kesehatan tp ternyata keduanya gak dibayar itu bisa diproses hukum gak sih guys wkwk capek bgt tiap gajian selalu dipotong tp nomor keanggotaan aja gak ada mana gaji dicicil dan thr belum cont,worksfess,2024-06-01 10:22:20+00:00,2024-06,cw gaji work kalau tiap gajian selalu ada keterangan dipotong tk  tapi ternyata keduanya tidak dibayar bisa diproses hukum tidak guys tertawa capek banget tiap gajian selalu dipotong tapi nomor keanggotaan saja tidak ada mana gaji dicicil thr belum cont,Negatif,5
Sat Jun 06 00:54:57 +0000 2026,ut sender mau isi angket penilaian tapi kok ga bisa gini ya mana udah kesel banget tutornya ga pernah aktif matkul berpraktik tapi minim info tuweb 2 reschedule seenaknya ini tuweb 3 gada info lagi tugasnya belum ada yang dinilai,utfess,2026-06-06 00:54:57+00:00,2026-06,ut sender mau isi angket penilaian tapi tidak bisa gini mana sudah kesel banget tutornya tidak pernah aktif matkul berpraktik tapi minim info tuweb reschedule seenaknya tuweb gada info lagi tugasnya belum ada dinilai,Negatif,3
Fri Jun 05 08:29:06 +0000 2026,gw mau cairin bpjs kenapa ketolak mulu ya gegara quotanya penuh etdah gw butuh ini apakah banyak yg bernasib sama kek gw aka banyak kena layoff,redyulmyeon,2026-06-05 08:29:06+00:00,2026-06,saya mau cairin kenapa ketolak mulu gegara quotanya penuh etdah saya butuh apakah banyak bernasib sama seperti saya aka banyak kena layoff,Negatif,2
Thu Aug 21 21:26:12 +0000 2025,yang lagi viral bocah 3 tahun meninggal akibat tubuh yang dipenuhi cacing sempat dirawat di rumah sakit namun terkendala administrasi karena tak memiliki identitas dan bpjs upaya pengurusan dokumen gagal meski berbagai dinas dihubungi batas waktu 3x24 jam rumah sakit pun terlewat sehingga biaya perawatan dialihkan secara tunai tagihan mencapai rp23 juta lebih dan itu harus dilunasi sementara ayahnya sakit tbc dan ibunya mengalami ganguan jiwa sungguh miris tidak bisa membayangkan hal ini terjadi diantara orang orang terdekat kita dek kamu sudah tidak sakit lagi ya dek kamu akan lebih bahagia di surganya aamiin bersama ayah ibrahim dan ibunda hajar,Nurulygkaukenal,2025-08-21 21:26:12+00:00,2025-08,lagi viral bocah tahun meninggal akibat tubuh dipenuhi cacing sempat dirawat rumah sakit namun terkendala administrasi karena tak memiliki identitas upaya pengurusan dokumen gagal meski berbagai dinas dihubungi batas waktu x jam rumah sakit pun terlewat sehingga biaya perawatan dialihkan secara tunai tagihan mencapai rupiah juta lebih harus dilunasi sementara ayahnya sakit tbc ibunya mengalami ganguan jiwa sungguh miris tidak bisa membayangkan hal terjadi diantara orang orang terdekat kita dek kamu sudah tidak sakit lagi dek kamu akan lebih bahagia surganya aamiin bersama ayah ibrahim ibunda hajar,Negatif,5
Sat Aug 09 16:14:21 +0000 2025,dapet kabar ibunya temen kena gagal ginjal stadium akhir amp susah nyari rs buat cuci darah krn bpjs full waiting list apakah ada info rs di jogja yg msh bisa terima pasien cuci darah bpjs udah coba hermina betesda sardito siloam panti rapih amp happy land tp blm dapet,runflowleo,2025-08-09 16:14:21+00:00,2025-08,dapet kabar ibunya temen kena gagal ginjal stadium akhir  susah nyari rumah sakit buat cuci darah karena full waiting list apakah ada info rumah sakit jogja msh bisa terima pasien cuci darah sudah coba hermina betesda sardito siloam panti rapih  happy land tapi belum dapet,Negatif,5
Fri Feb 13 06:30:09 +0000 2026,11 jt bpjs rakyat dinonaktifkan whoosh dibayar pake apbn dicicil 100th ikn amp bandara kertajati rugi n sepi food estate gagal penggundulan hutan banjir gt 1000nyawa melayang ga ada yg ditangkap mbg lemah kontrol 17t bop sebenernya negara ini kaya pura2 kaya sih,imaqueennz,2026-02-13 06:30:09+00:00,2026-02,juta rakyat dinonaktifkan whoosh dibayar pakai apbn dicicil tahun ikn  bandara kertajati rugi n sepi food estate gagal penggundulan hutan banjir begitu nyawa melayang tidak ada ditangkap lemah kontrol t bop sebenernya negara kaya pura kaya,Negatif,6
Sat Jan 17 02:34:11 +0000 2026,bpjs dicabut lansia gagal dirujuk ke rs miris,P3gEl,2026-01-17 02:34:11+00:00,2026-01,dicabut lansia gagal dirujuk rumah sakit miris,Negatif,5
Sun Feb 15 13:40:55 +0000 2026,awal feb 2026 sekitar 11 juta peserta bpjs kesehatan pbi dinonaktifkan lebih dari 120 ribu di antaranya adalah pasien penyakit katastropik gagal ginjal kanker jantung stroke bagi mereka status aktif adalah soal hidup dan mati,watchdoc_ID,2026-02-15 13:40:55+00:00,2026-02,awal feb sekitar juta peserta pbi dinonaktifkan lebih ribu antaranya adalah pasien penyakit katastropik gagal ginjal kanker jantung stroke bagi mereka status aktif adalah soal hidup mati,Negatif,5
Thu Feb 05 14:20:34 +0000 2026,rezim prabowo memang tak punya empati ratusan ribu pasien gagal ginjal tak bisa cuci darah akibat bpjs pbi di seluruh indonesia mendadak di non aktif kan tanpa pemberitahuan,MurtadhaOne1,2026-02-05 14:20:34+00:00,2026-02,rezim prabowo memang tak punya empati ratusan ribu pasien gagal ginjal tak bisa cuci darah akibat pbi seluruh indonesia mendadak non aktif tanpa pemberitahuan,Negatif,5
Fri Jun 05 13:36:23 +0000 2026,kasian banget jadi wni pasien dan dokter ribut bpjs diem aja memandang dari kejauhan program nya sebenarnya baik alokasi dana ini yg busuk,bettyveve,2026-06-05 13:36:23+00:00,2026-06,kasian banget jadi wni pasien dokter ribut diem saja memandang kejauhan program sebenarnya baik alokasi dana busuk,Negatif,2
Thu Apr 09 02:48:39 +0000 2026,penyebab jaspel telat ya karena gagal klaim bpjs hak nakes dipake buat nalangin operasional kalo kayak gini kok ada yang bilang dokter enggak manusiawi sampluk lambene mbik ngomong cangkemu kobong wis ditulungi dibayari kok isih ngunek nguneke,TabatiereMaddok,2026-04-09 02:48:39+00:00,2026-04,penyebab jaspel telat karena gagal klaim hak nakes dipake buat nalangin operasional kalau kayak gini ada bilang dokter enggak manusiawi sampluk lambene mbik ngomong cangkemu kobong wis ditulungi dibayari isih ngunek nguneke,Negatif,3
Sat Jun 06 00:55:43 +0000 2026,indonesia cuma bisa ngandelin sektor perbankan eh malah minus semua jci 2 62 bbca sama bank plat merah merah semua diversifikasi ekonomi kapan coba,buzuzima0,2026-06-06 00:55:43+00:00,2026-06,indonesia cuma bisa ngandelin sektor perbankan eh malah minus semua jci bbca sama bank plat merah merah semua diversifikasi ekonomi kapan coba,Negatif,4
Sat Jun 06 00:22:23 +0000 2026,di negara yang zalim kritikan rakyat harus dibayar mahal uu tni mata kanan andrie yunus buta akibat disiram air keras mbg uang rakyat di korupsi miliaran rupiah per hari,salam4jari,2026-06-06 00:22:23+00:00,2026-06,negara zalim kritikan rakyat harus dibayar mahal uu tni mata kanan andrie yunus buta akibat disiram air keras uang rakyat korupsi miliaran rupiah per hari,Negatif,5
Thu Apr 16 07:19:02 +0000 2026,langkah ini menjadi krusial karena beban penyakit tidak menular akibat konsumsi ggl berlebih terus meningkat sebagai gambaran biaya bpjs untuk gagal ginjal melonjak drastis hingga tembus rp13 38 triliun pada tahun 2025,KemenkesRI,2026-04-16 07:19:02+00:00,2026-04,langkah menjadi krusial karena beban penyakit tidak menular akibat konsumsi ggl berlebih terus meningkat sebagai gambaran biaya untuk gagal ginjal melonjak drastis hingga tembus rupiah triliun pada tahun,Negatif,5
Fri Jun 05 23:39:45 +0000 2026,loh ya memang bpjs klen tu ada perubahan kebijakan makin susah di klaim harus cari trik biar bisa klaim sakit dan dapet rujukan,audee84,2026-06-05 23:39:45+00:00,2026-06,loh memang klen tu ada perubahan kebijakan makin susah klaim harus cari trik biar bisa klaim sakit dapet rujukan,Negatif,5
Thu Feb 05 08:04:05 +0000 2026,status bpjs pbi yang mendadak nonaktif sejak awal februari membuat banyak pasien kronis panik karena pengobatan mereka tak bisa ditunda lala pasien gagal ginjal menjadi salah satu yang terdampak ketika jadwal cuci darahnya terancam batal setelah kartunya tiba tiba mati bpjs menyebut penonaktifan ini bagian dari pembaruan data penerima bantuan berdasarkan keputusan menteri sosial dan menegaskan jumlah peserta tidak dikurangi peserta yang masih tergolong miskin atau dalam kondisi darurat medis bisa mengajukan aktivasi ulang lewat dinas sosial baca di,kompascom,2026-02-05 08:04:05+00:00,2026-02,status pbi mendadak nonaktif sejak awal februari membuat banyak pasien kronis panik karena pengobatan mereka tak bisa ditunda lala pasien gagal ginjal menjadi salah satu terdampak ketika jadwal cuci darahnya terancam batal setelah kartunya tiba tiba mati menyebut penonaktifan bagian pembaruan data penerima bantuan berdasarkan keputusan menteri sosial menegaskan jumlah peserta tidak dikurangi peserta masih tergolong miskin atau dalam kondisi darurat medis bisa mengajukan aktivasi ulang lewat dinas sosial baca,Negatif,5
Thu Jun 04 02:01:54 +0000 2026,bp s sialan disertai masyarakat yg playing victim merasa tersakiti karna dia pake bpjs padahal aing ga tau pembayaran doi apa ketika mengkie bahwa sakitnya bukan kasus igd astafirullah kesalnya masih mendarah daging kata gue bp s stop deh adu domba masyarakat dan nakes,marpaunggg_02,2026-06-04 02:01:54+00:00,2026-06,bp s sialan disertai masyarakat playing victim merasa tersakiti karna dia pakai padahal aing tidak tahu pembayaran doi apa ketika mengkie bahwa sakitnya bukan kasus igd astafirullah kesalnya masih mendarah daging kata saya bp s stop adu domba masyarakat nakes,Negatif,7
Thu Jan 09 13:12:53 +0000 2025,gw hanya bisa bersimpati pak dan ga tau kapan ini akan berakhir rakyat byk yg jd pengangguran akibat phk karena lesunya ekonomi dan turunnya daya beli masyarakat ppn naik bpjs bermasalah sampai pagar saja pemerintah pada ga tau trus taunya apa,toe_giman,2025-01-09 13:12:53+00:00,2025-01,saya hanya bisa bersimpati pak tidak tahu kapan akan berakhir rakyat byk jadi pengangguran akibat phk karena lesunya ekonomi turunnya daya beli masyarakat ppn naik bermasalah sampai pagar saja pemerintah pada tidak tahu trus taunya apa,Negatif,2
Sun May 31 02:19:10 +0000 2026,status wa senior saya afiliasi mazhab x katakanlah jangan suka protes bla bla bla khowarij bla bla kalo ga protes bpjs ga akan lahir karena dpr waktu itu blatantly bilang gapunya anggaran skrg pokoknya kalo mrk bilang ga punya anggaran itu artinya ga ngisi kantong mreka,DokterbedahYK,2026-05-31 02:19:10+00:00,2026-05,status wa senior saya afiliasi mazhab x katakanlah jangan suka protes bla bla bla khowarij bla bla kalau tidak protes tidak akan lahir karena dpr waktu blatantly bilang gapunya anggaran sekarang pokoknya kalau mrk bilang tidak punya anggaran artinya tidak ngisi kantong mreka,Negatif,4
Mon Jul 28 21:06:56 +0000 2025,njirrrr aku suka ini bagian negara peduli sama rakyat cuma bpjs aja ini juga masih banyak yg bermasalah,Leobebbe,2025-07-28 21:06:56+00:00,2025-07,njir aku suka bagian negara peduli sama rakyat cuma saja juga masih banyak bermasalah,Negatif,4
Fri Jun 05 11:42:04 +0000 2026,kayaknya sering kejadian kaya gitu temen saya juga ngalamin berbulan bulan gak punya uang gak bisa bayar bpjs sekalinya dapet uang hasil kerja langsung disedot bpjs nyisa dikit lagi,arieagung,2026-06-05 11:42:04+00:00,2026-06,kayaknya sering kejadian kaya begitu temen saya juga ngalamin berbulan bulan tidak punya uang tidak bisa bayar sekalinya dapet uang hasil kerja langsung disedot nyisa dikit lagi,Negatif,5
Tue Jun 02 12:25:41 +0000 2026,komunitas pasien cuci darah indonesia mencatat sekitar 200 pasien gagal ginjal gagal menjalani cuci darah akibat penonaktifan bpjs pbi masa harus hidup miskin dan menderita dulu baru bisa dibiayai negara,projectm_org,2026-06-02 12:25:41+00:00,2026-06,komunitas pasien cuci darah indonesia mencatat sekitar pasien gagal ginjal gagal menjalani cuci darah akibat penonaktifan pbi masa harus hidup miskin menderita dulu baru bisa dibiayai negara,Negatif,5
Sat Jun 06 00:14:13 +0000 2026,saya ga bisa bayar bpjs orang tua sejak pindah ke mandiri 3 bulan yang lalu karena tidak ada kode bayar selama 3 bulan tidak ada kode bayar di aplikasi sejak 3 bulan yang lalu saya sudah menunggu lebih dari 14 hari saya ga bisa bayar bpjs karena g bisa dapet kode bayar,nistirsyiwilin,2026-06-06 00:14:13+00:00,2026-06,saya tidak bisa bayar orang tua sejak pindah mandiri bulan lalu karena tidak ada kode bayar selama bulan tidak ada kode bayar aplikasi sejak bulan lalu saya sudah menunggu lebih hari saya tidak bisa bayar karena g bisa dapet kode bayar,Negatif,5
Thu Jul 03 01:46:31 +0000 2025,jadi selama ini aku pikir kalo restock di puskesmas lewat jalur umum itu cuma dapet 1 botol karna kemaren bpjs aku bermasalah ya udah restock jalur umum bayar 15k doang taunya tetep dapet 3 botol yaudah next umum aja deh ga usah pake bpjs btw sehat sehat2 selalu gays,IzuKiraru,2025-07-03 01:46:31+00:00,2025-07,jadi selama aku pikir kalau restock puskesmas lewat jalur umum cuma dapet botol karna kemaren aku bermasalah sudah restock jalur umum bayar k doang taunya tetep dapet botol yaudah next umum saja tidak usah pakai btw sehat sehat selalu gays,Negatif,5
Tue Jan 27 14:52:15 +0000 2026,pernah lagi di poli umum klinik bpjs kedatangan pasien yang baru pertama berobat ke saya usia akhir 30 an dengan sakit lambung mual perut ga enak waktu periksa fisik kok suara jantung nya ga bener langsung kirim rujukan ke igd rs ternyata beneran jantung nya bermasalah,drnewstwit,2026-01-27 14:52:15+00:00,2026-01,pernah lagi poli umum klinik kedatangan pasien baru pertama berobat saya usia akhir an dengan sakit lambung mual perut tidak enak waktu periksa fisik suara jantung tidak bener langsung kirim rujukan igd rumah sakit ternyata beneran jantung bermasalah,Negatif,5
Mon Jun 01 04:59:06 +0000 2026,nah kebetulan saya ada 2 perlindungan pak bpjs dan as kes pribadi singkat cerita desember 2024 saya kena stroke hemoragic dan yg namanya stroke panenanganmya harus cepet pertama kali saya masuk saya pake bpjs dan ternyata disuruh antri karena istri panik akhirnya kita sodorkan asuransi dan langsung ditangani pengennya sih cukup bpjs aja pak tapi worry dengan prosedurnya kalo untuk denda sih ga ada pak jadi hanya ga terlindungi aja jadi kita harus redeal harga preminya aja kalo cuti premi,mrtweepsID,2026-06-01 04:59:06+00:00,2026-06,nah kebetulan saya ada perlindungan pak as kes pribadi singkat cerita desember saya kena stroke hemoragic namanya stroke panenanganmya harus cepet pertama kali saya masuk saya pakai ternyata disuruh antri karena istri panik akhirnya kita sodorkan asuransi langsung ditangani pengennya cukup saja pak tapi worry dengan prosedurnya kalau untuk denda tidak ada pak jadi hanya tidak terlindungi saja jadi kita harus redeal harga preminya saja kalau cuti premi,Negatif,5
Fri Apr 10 12:34:52 +0000 2026,gue juga lagi datang bulan ya allah beb hati hati makan gorengan dan garam mulu ingat bpjs bermasalah nyok makan satu porsi aja setiap makan ueueue,YellowSkaii,2026-04-10 12:34:52+00:00,2026-04,saya juga lagi datang bulan allah beb hati hati makan gorengan garam mulu ingat bermasalah nyok makan satu porsi saja setiap makan ueueue,Negatif,6
Thu Feb 05 14:43:35 +0000 2026,ya mestinya disanksi oleh bpjs dong ini berarti kan rumah sakitnya bermasalah rumah sakitnya yang harus ditutup kata gus ipul saat ditemui di kantor kemensos jakarta pusat kamis 5 2 2026 baca selengkapnya sn,kompascom,2026-02-05 14:43:35+00:00,2026-02,mestinya disanksi oleh berarti rumah sakitnya bermasalah rumah sakitnya harus ditutup kata gus ipul saat ditemui kantor kemensos jakarta pusat kamis baca selengkapnya sn,Negatif,7
Sun Aug 24 13:00:30 +0000 2025,nasib suram anak yg menderita gangguan jantung sdh di depan mata dlm waktu dekat mrk tidak akan bisa menggunakan fasilitas bpjs kesehatan untuk berobat fakta itu diungkapkan ketua idai yg jg dokter spesialis jantung anak dr piprim basarah yanuarso jumat 22 8,NenkMonica,2025-08-24 13:00:30+00:00,2025-08,nasib suram anak menderita gangguan jantung sdh depan mata dlm waktu dekat mrk tidak akan bisa menggunakan fasilitas untuk berobat fakta diungkapkan ketua idai juga dokter spesialis jantung anak piprim basarah yanuarso jumat,Negatif,2
Tue Jun 04 16:17:54 +0000 2024,rek untuk konsultasi ke psikiater di surabaya bisa pake bpjs dan rekomendasinya kemana ya mungkin bisa di share alurnya sih kalo gangguan dari apa yang aku alami aku stress berlebih makan sehari sekali bb sampe turun 2kg tidak bisa tidur seharian atau malah bisa cont,sbyfess,2024-06-04 16:17:54+00:00,2024-06,rek untuk konsultasi psikiater surabaya bisa pakai rekomendasinya kemana mungkin bisa share alurnya kalau gangguan apa aku alami aku stress berlebih makan sehari sekali bb sampe turun kg tidak bisa tidur seharian atau malah bisa cont,Negatif,4
Fri Jul 19 06:17:43 +0000 2024,hadeh bpjs gangguan anjooy ini gue kerja gimanaaaa pasien numpuuuk,hiloffyu,2024-07-19 06:17:43+00:00,2024-07,hadeh gangguan anjooy saya kerja gimana pasien numpuk,Negatif,1
Tue Apr 08 12:24:36 +0000 2025,aku heran deh sm bpjs resep kacamata untuk reimburse ke optik kan harus dari dokter spesialis mata tapi diagnosis gangguan refraksi itu ga bisa dirujuk well bisa dirujuk tapi harus memenuhi tacc time age complication comorbidity ga kaya diagnosis lain yg bisa lgsg dirujuk,Voljinyy,2025-04-08 12:24:36+00:00,2025-04,aku heran sama resep kacamata untuk reimburse optik harus dokter spesialis mata tapi diagnosis gangguan refraksi tidak bisa dirujuk well bisa dirujuk tapi harus memenuhi tacc time age complication comorbidity tidak kaya diagnosis lain bisa lgsg dirujuk,Negatif,3
Mon May 27 03:10:05 +0000 2024,inilah pengobatan gangguan mental yang ditanggung bpjs kesehatan,tempodotco,2024-05-27 03:10:05+00:00,2024-05,inilah pengobatan gangguan mental ditanggung,Negatif,4
Sat Jun 06 01:01:24 +0000 2026,opsen pkb emang bisa bikin gila pajak dobel naik tapi jalan tetep bolong daerah mana nih yang pajaknya naik gila gilaan,buzuzima0,2026-06-06 01:01:24+00:00,2026-06,opsen pkb emang bisa membuat gila pajak dobel naik tapi jalan tetep bolong daerah mana nih pajaknya naik gila gilaan,Negatif,3
Fri Jun 05 20:19:48 +0000 2026,jujur gue udah 6 kali ganti dokter dan semuanya bilang hal yg sama wkwkwk gue udah kayak hafal mereka tuh mau ngomong apa udah gue jelasin berkali kali dok ini batuknya dari tahun kemaren ga sembuh2 tetep aja kendala biaya juga sih klo ganti klinik soalnya gue pake bpjs,akangrion,2026-06-05 20:19:48+00:00,2026-06,jujur saya sudah kali ganti dokter semuanya bilang hal sama tertawa saya sudah kayak hafal mereka mau ngomong apa sudah saya jelasin berkali kali dok batuknya tahun kemaren tidak sembuh tetep saja kendala biaya juga kalau ganti klinik soalnya saya pakai,Negatif,5
Tue Aug 20 13:10:22 +0000 2024,work gais ada solusi lain ga ya aku masih kendala di skck karena ga punya bpjs kalo misal besok bikin nanti di aplikasi nya bakal langsung ada keterangan aktif ga ya atau harus nunggu 14 hari ya help aku udah lama nganggur,worksfess,2024-08-20 13:10:22+00:00,2024-08,work gais ada solusi lain tidak aku masih kendala skck karena tidak punya kalau misal besok membuat nanti aplikasi bakal langsung ada keterangan aktif tidak atau harus nunggu hari help aku sudah lama nganggur,Negatif,5
Sat Jul 13 04:37:50 +0000 2024,work pny bpjs krn dlu syarat dftar kuliah selama 3 4 thun lulus gaperna di bayar skrng pusing mau kerja hrus pke bpjs boleh ga sih klo ga pake bpjs mau bayar tp blm kerja mau kerja tp kendala bpjs,worksfess,2024-07-13 04:37:50+00:00,2024-07,work pny karena dulu syarat dftar kuliah selama thun lulus gaperna bayar skrng pusing mau kerja hrus pke boleh tidak kalau tidak pakai mau bayar tapi belum kerja mau kerja tapi kendala,Negatif,5
Fri Jun 05 09:50:01 +0000 2026,saya mau login bpjs kok tidak bisa ya dari kemarin katanya salah nik terus padahal sudah benar,daebuuuk,2026-06-05 09:50:01+00:00,2026-06,saya mau login tidak bisa kemarin katanya salah nik terus padahal sudah benar,Negatif,5
Thu Jun 04 04:06:37 +0000 2026,ini gimana min saya disuruh ke kantor cabang sampai di kantor cabang disuruh scan bardcode buat antri online setelah isi data keluar kaya gini ini lagi di kantor cabang antrian online nggk bsa di ambil memding antrian manuak aja,zena_fisdiora,2026-06-04 04:06:37+00:00,2026-06,gimana saya disuruh kantor cabang sampai kantor cabang disuruh scan bardcode buat antri online setelah isi data keluar kaya gini lagi kantor cabang antrian online nggk bsa ambil memding antrian manuak saja,Negatif,5
Sat Jun 06 00:26:56 +0000 2026,terus dengerin pidato junjunganmu yg jago membual minus prestasi riil sorry ye,BANGSAygSUJUD,2026-06-06 00:26:56+00:00,2026-06,terus dengerin pidato junjunganmu jago membual minus prestasi riil sorry ye,Negatif,2
Sat Aug 03 03:59:17 +0000 2024,ya memang seperti itu kak aturan bpjs memang ditangani dulu di faskes 1 jika penanganan faskes 1 tidak berhasil baru dirujuk ke rs rs skrg jg banyak yg merugi akibat diagnosa dan ketentuan dari bpjs,valiisaa,2024-08-03 03:59:17+00:00,2024-08,memang seperti aturan memang ditangani dulu faskes jika penanganan faskes tidak berhasil baru dirujuk rumah sakit rumah sakit sekarang juga banyak merugi akibat diagnosa ketentuan,Negatif,5
Fri Sep 06 10:01:27 +0000 2024,gaji pekerja akan dipotong lagi untuk tambahan iuran pensiun sukarela tapi wajib belum nanti tapera yg masih ditunda blm lagi wacana kenaikan iuran bpjs belum lagi wacana asuransi kendaraan tambah ppn pula naik jadi 12 tahun depan kurang apa coba kepedulian pemerintah untuk rakyat dari,P3gEl,2024-09-06 10:01:27+00:00,2024-09,gaji pekerja akan dipotong lagi untuk tambahan iuran pensiun sukarela tapi wajib belum nanti tapera masih ditunda belum lagi wacana kenaikan iuran belum lagi wacana asuransi kendaraan tambah ppn pula naik jadi tahun depan kurang apa coba kepedulian pemerintah untuk rakyat,Negatif,2
Mon May 27 16:13:30 +0000 2024,bpjs disesuaikan kelas 3 dihapus ppn naik ke 12 ukt naik publik protes keras ditunda setahun pertalite dihapus tdl naik lpg akan naik sembako naik rakyat harus bayar tapera 3 gaji semua demi utang naik,ZAEffendy,2024-05-27 16:13:30+00:00,2024-05,disesuaikan kelas dihapus ppn naik ukt naik publik protes keras ditunda setahun pertalite dihapus tdl naik lpg akan naik sembako naik rakyat harus bayar tapera gaji semua demi utang naik,Negatif,2
Wed Feb 25 14:44:13 +0000 2026,pemerintah bakal naikin iuran bpjs 2026 menkes budi bilang kenaikanny mash rendah dibanding beli rokok 42 rb sebulan harusnya bisa deh ya laki laki beli rokok kan lebih rp 42 rb sebulan kata budi kenaikan tarif bpjs ini gabisa lagi ditunda krn dana bpjs kesehatan defisit,txtdrimedia,2026-02-25 14:44:13+00:00,2026-02,pemerintah bakal naikin iuran menkes budi bilang kenaikanny mash rendah dibanding beli rokok ribu sebulan harusnya bisa laki laki beli rokok lebih rupiah ribu sebulan kata budi kenaikan tarif gabisa lagi ditunda karena dana defisit,Negatif,2
Tue Dec 31 05:31:00 +0000 2024,lalu dimana celah buat bpjs kes menunda pembayaran tanpa harus telat bayar ya saat menerbitkan ba kelengkapan klaim palingan berkas dikembalikan dengan alasan tidak lengkap sehingga penerbitan ba ditunda bpjs kes wajib bayar 15 hari kalender sejak ba ini terbit,KakakMade,2024-12-31 05:31:00+00:00,2024-12,lalu dimana celah buat kes menunda pembayaran tanpa harus telat bayar saat menerbitkan ba kelengkapan klaim palingan berkas dikembalikan dengan alasan tidak lengkap sehingga penerbitan ba ditunda kes wajib bayar hari kalender sejak ba terbit,Negatif,5
Thu Jan 16 10:14:17 +0000 2025,wkwkk bayangin aja orang divonis sakit harus op misal biaya op nya ambilah 15 juta include perawatan dia g punya bpjs akhirnya ditunda biar bikin bpjs dulu karena op nya g harus segera dia bikin bpjs iuran sekali katakan 150 ribu 14 hari kemudian bpjs nya dah bs dipake wkwkwk,middeude,2025-01-16 10:14:17+00:00,2025-01,wkwkk bayangin saja orang divonis sakit harus op misal biaya op ambilah juta include perawatan dia g punya akhirnya ditunda biar membuat dulu karena op g harus segera dia membuat iuran sekali katakan ribu hari kemudian sudah bisa dipake tertawa,Negatif,5
Wed Feb 04 14:22:33 +0000 2026,ini pembunuhan anjir hd tu ga boleh ditunda dan sekali hd tu mahal banget apalagi buat penerima bpjs pbi,simondbiru,2026-02-04 14:22:33+00:00,2026-02,pembunuhan anjir hd tu tidak boleh ditunda sekali hd tu mahal banget apalagi buat penerima pbi,Negatif,5
Wed Feb 04 07:17:03 +0000 2026,lala 34 panik saat bpjs pbi miliknya mendadak nonaktif sesak napas mengancam menjelang jadwal cuci darah rutin hemodialisa terpaksa terhenti padahal pengobatan gagal ginjal tak bisa ditunda baca selengkapnya rk,kompascom,2026-02-04 07:17:03+00:00,2026-02,lala panik saat pbi miliknya mendadak nonaktif sesak napas mengancam menjelang jadwal cuci darah rutin hemodialisa terpaksa terhenti padahal pengobatan gagal ginjal tak bisa ditunda baca selengkapnya rk,Negatif,5
Tue Jan 07 03:24:00 +0000 2025,kenapa care center bpjs nya tidak bisa dihubungi terus ya selalu layanan sibuk,Wildan_Kholidn,2025-01-07 03:24:00+00:00,2025-01,kenapa care center tidak bisa dihubungi terus selalu layanan sibuk,Negatif,5
Wed Feb 04 13:26:05 +0000 2026,huh gue mau aktifin bpjs biar bisa dipake malah si pandawa nolak laporan gue dan nyuruh ke bpjs kesehatan terdekat asem,dikasihsaos,2026-02-04 13:26:05+00:00,2026-02,huh saya mau aktifin biar bisa dipake malah si pandawa nolak laporan saya nyuruh terdekat asem,Negatif,7
Fri Oct 04 15:05:08 +0000 2024,edukasi ini harus massive terkait maksimalisasi penggunaan bpjskes di igd banyak yg krg teredukasi dgn baik atau layanan faskes disarankan buka 24jam,mrtweepsID,2024-10-04 15:05:08+00:00,2024-10,edukasi harus massive terkait maksimalisasi penggunaan bpjskes igd banyak krg teredukasi dengan baik atau layanan faskes disarankan buka jam,Negatif,2
Wed Feb 04 09:33:59 +0000 2026,pak mohon bantuannya lagi agar kemenkes kemensos dan ditegur dg keras kejadian ini tak hny jogja di sumatera juga mulai byk terjadi bpjskes subsidi utk kalangan pra sejahtera dihentikan dg alasan efiseinsi jika mau ada efisiensi jelas bukan kami yg miskin ini yang perlu di efisiensikan bukan pak,direktoridosen,2026-02-04 09:33:59+00:00,2026-02,pak mohon bantuannya lagi agar kemenkes kemensos ditegur dg keras kejadian tak hny jogja sumatera juga mulai byk terjadi bpjskes subsidi untuk kalangan pra sejahtera dihentikan dg alasan efiseinsi jika mau ada efisiensi jelas bukan kami miskin perlu efisiensikan bukan pak,Negatif,7
Sun Jul 07 07:58:16 +0000 2024,masalah dunia kesehatan di indonesia dana yg disalurkan ke fasilitas kesehatan sangat kurang sehingga sulit bayar obat alat operasional amp tenaga kesehatan solusi yg mau dilakukan tingkatkan penyaluran dana naikkan tarif inacbgs amp kapitasi bpjskes impor dokter asing,drnewstwit,2024-07-07 07:58:16+00:00,2024-07,masalah dunia indonesia dana disalurkan fasilitas sangat kurang sehingga sulit bayar obat alat operasional  tenaga solusi mau dilakukan tingkatkan penyaluran dana naikkan tarif inacbgs  kapitasi bpjskes impor dokter asing,Negatif,5
Sat Dec 06 02:30:13 +0000 2025,true kok kalau gaji 4jt itu pph nya emang 0 karena dibawah gaji minimum yang dikenakan pajak tapi gaji dibawah umr emg ttp dipotong bpjskes kok kalau pernah lapor pajak kalau dibawah kriteria minimum pemotongan pajak penghasilan nanti dia jatohnya 0 nihil,rfpramsw,2025-12-06 02:30:13+00:00,2025-12,true kalau gaji juta pph emang karena dibawah gaji minimum dikenakan pajak tapi gaji dibawah umr emg ttp dipotong bpjskes kalau pernah lapor pajak kalau dibawah kriteria minimum pemotongan pajak penghasilan nanti dia jatohnya nihil,Negatif,4
Fri Feb 07 06:26:46 +0000 2025,nanti bpjskes patungannya naik ribuuttt rakyat ga terima dateng pahlawan membatalkan kenaikan gitu aja terus sampai samsul jadi presiden ya,Capitalisborju,2025-02-07 06:26:46+00:00,2025-02,nanti bpjskes patungannya naik ribuut rakyat tidak terima dateng pahlawan membatalkan kenaikan begitu saja terus sampai samsul jadi presiden,Negatif,4
Mon Jun 16 11:32:18 +0000 2025,yg pekerja boleh gak sih gak bayar bpjskes cuma bpjstk aja wkwk buat apa gaji kepotong besar tp gak bisa dipakai gini,semogaaqu,2025-06-16 11:32:18+00:00,2025-06,pekerja boleh tidak tidak bayar bpjskes cuma bpjstk saja tertawa buat apa gaji kepotong besar tapi tidak bisa dipakai gini,Negatif,4
Wed Jun 03 21:23:23 +0000 2026,ngeluh tentang bpjskes malah diceramahin tentang bpjstk itu beda ya guys,bukannoviya,2026-06-03 21:23:23+00:00,2026-06,ngeluh tentang bpjskes malah diceramahin tentang bpjstk beda guys,Negatif,1
Sat Dec 28 07:56:31 +0000 2024,emosi banget soalnya ada peserta pbi yang ujug2 diputus oleh bpjskes tanpa ngasih tau ke pesertanya orang tsb jadi ga bisa pakai bpjskes krn statusnya nunggak bayar,RAKemal,2024-12-28 07:56:31+00:00,2024-12,emosi banget soalnya ada peserta pbi ujug diputus oleh bpjskes tanpa kasih tahu pesertanya orang tsb jadi tidak bisa pakai bpjskes karena statusnya nunggak bayar,Negatif,5
Wed Dec 11 11:51:39 +0000 2024,mentang2 kami nakes jg pd puji2 soalnya gara2 pemerentah melalui bpjskes kasi kesempatan semua rakyat yg sakit utk berobat kami melihat betul betapa bpjskes jd penyambung nyawa rakyat eh bpjs nya jumawa hih kek duit situ banyak banget limpah ruah buat diturunin ke rs aje,3rezkyaulia3,2024-12-11 11:51:39+00:00,2024-12,mentang kami nakes juga pd puji soalnya gara pemerentah melalui bpjskes kasih kesempatan semua rakyat sakit untuk berobat kami melihat betul betapa bpjskes jadi penyambung nyawa rakyat eh jumawa hih seperti duit situ banyak banget limpah ruah buat diturunin rumah sakit aje,Negatif,2
Mon May 13 14:03:30 +0000 2024,ada orang bahas bpjskes di counter dgn bpjstk trus merasa sama2 asuransi nasional jd harus disamaratakan lah namanya bpjstk tk nya ketenagakerjaan kl lu kaga kerja ya ngapain dapet pie sih mir,sinanons,2024-05-13 14:03:30+00:00,2024-05,ada orang bahas bpjskes counter dengan bpjstk trus merasa sama asuransi nasional jadi harus disamaratakan lah namanya bpjstk tk ketenagakerjaan kalau kamu kaga kerja ngapain dapet pie mir,Negatif,4
Fri May 01 03:01:16 +0000 2026,adeku cerita gajinya dipotong 3 hari pas ibu meninggal dia telat isi absenan krn di hari h ga sanggup ngetik ibu meninggal tp bos dan org toko tau semua mksd gw klo u mau punya aturan saklek minimal bpjskes bayarinlah dri awal dia kerja masih gw yg bayarin pribadi anj,kawaiinashi,2026-05-01 03:01:16+00:00,2026-05,adeku cerita gajinya dipotong hari pas ibu meninggal dia telat isi absenan karena hari h tidak sanggup ngetik ibu meninggal tapi bos orang toko tahu semua mksd saya kalau u mau punya aturan saklek minimal bpjskes bayarinlah dri awal dia kerja masih saya bayarin pribadi anj,Negatif,4
Mon Apr 13 06:01:21 +0000 2026,yg outsource mentok di umr tanpa tunjangan apapun even msh dipotong bpjskes amp jamsostek ada banyak amp menjamur di daerah,agogoID,2026-04-13 06:01:21+00:00,2026-04,outsource mentok umr tanpa tunjangan apapun even msh dipotong bpjskes  jamsostek ada banyak  menjamur daerah,Negatif,2
Thu Jun 06 23:35:13 +0000 2024,jangan sok sokan mau kasi izin nambang ke muhammadiyah deh aset smua bumn ekstraktif itu kalah jauh dr aset muhammadiyah kalau mau bantu muhammadiyah bayar tuh utang bpjskes ratusan m di rs muhammadiyah,Munir_Timur,2024-06-06 23:35:13+00:00,2024-06,jangan sok sokan mau kasih izin nambang muhammadiyah aset smua bumn ekstraktif kalah jauh aset muhammadiyah kalau mau bantu muhammadiyah bayar utang bpjskes ratusan m rumah sakit muhammadiyah,Negatif,2
Wed Sep 24 14:24:43 +0000 2025,mff kak odi keren tapi potongan bpjskes harusnya maks 1 dari umr ga sih karna liat gajinya cm 2 jt itung itunganku otomatis berjalan,blairwillowss_,2025-09-24 14:24:43+00:00,2025-09,mff odi keren tapi potongan bpjskes harusnya maks umr tidak karna liat gajinya cuma juta itung itunganku otomatis berjalan,Negatif,7
Fri Oct 11 01:10:25 +0000 2024,mgkn yg dipotong itu cm bpjstk klu bpjs kesehatan utk rawat inap itu ada kantor yg mau ada yg gak mau krn dicover asuransi jiwa biasanya kenalan bos manajer utk bantu tutup target jualan polis yg iuran dibayar full krywn biasanya krywn disuruh terusin bpjskes mandiri pbi,roy1alien,2024-10-11 01:10:25+00:00,2024-10,mgkn dipotong cuma bpjstk klu untuk rawat inap ada kantor mau ada tidak mau karena dicover asuransi jiwa biasanya kenalan bos manajer untuk bantu tutup target jualan polis iuran dibayar full krywn biasanya krywn disuruh terusin bpjskes mandiri pbi,Negatif,4
Wed Aug 20 00:58:31 +0000 2025,miris ya allah dpr ri gaji tunjangan tembus 100jt menteri keu garap pajak potensial tapi kerakyat menengah kebawah kesenjangan sosial inflasi gaji buruh bumc bums guru gak pernah diperhatiin bpjskes tarif dinaikin tpi penyakit yg ditanggung dikurangin stress jdi wni,hevesly,2025-08-20 00:58:31+00:00,2025-08,miris allah dpr ri gaji tunjangan tembus juta menteri keu garap pajak potensial tapi kerakyat menengah kebawah kesenjangan sosial inflasi gaji buruh bumc bums guru tidak pernah diperhatiin bpjskes tarif dinaikin tpi penyakit ditanggung dikurangin stress jdi wni,Negatif,2
Sat Nov 09 04:54:23 +0000 2024,gara gara mahasiswa s2 sekarang banyak orang bpjsk dapet banyak info yang bikin shock salah satunya kalo temen seangkatan aku yang dulu dirut di rs x dipecat ga terhormat dari pusat karena fraud bareng timnya eh sekarang jadi dirut di rs lain di kota yang sama,1212MAonTWT,2024-11-09 04:54:23+00:00,2024-11,gara gara mahasiswa s sekarang banyak orang bpjsk dapet banyak info membuat shock salah satunya kalau temen seangkatan aku dulu dirut rumah sakit x dipecat tidak terhormat pusat karena fraud bareng timnya eh sekarang jadi dirut rumah sakit lain kota sama,Negatif,5
Sun Jan 11 06:27:52 +0000 2026,kenapa ini bpjsk lama skli kh cair nya momi 2 minggu lebih,_nicann,2026-01-11 06:27:52+00:00,2026-01,kenapa bpjsk lama skli kh cair momi minggu lebih,Negatif,5
Sun Dec 29 03:56:56 +0000 2024,integrasi pertukaran data bpjsk sama bp jamsostek aja ga bisa banyak kali alasannya cuma pelaksana aja banyak alasan belum sama data perpajakan pph make sense apa ngga si fulan yg bayar pajak sekian ratus jt tahun statusnya pbi,ObiWan_Catnobi,2024-12-29 03:56:56+00:00,2024-12,integrasi pertukaran data bpjsk sama bp jamsostek saja tidak bisa banyak kali alasannya cuma pelaksana saja banyak alasan belum sama data perpajakan pph make sense apa ngga si fulan bayar pajak sekian ratus juta tahun statusnya pbi,Negatif,4
Wed Apr 29 03:59:19 +0000 2026,kesel bet hari ini diteror mantan nasabah gw resign polisnya doi ilang gw bantu follow up ke cs tapi jawabannya bikin malesin gw posisi udah kasih semua data nasabah ke marketing lama dan ga tau gimana kelanjutannya buat bantuin juga males karena ini pt ga pernah bayarin bpjsk,Susu_segarr,2026-04-29 03:59:19+00:00,2026-04,kesel bet hari diteror mantan nasabah saya resign polisnya doi ilang saya bantu follow up cs tapi jawabannya membuat malesin saya posisi sudah kasih semua data nasabah marketing lama tidak tahu gimana kelanjutannya buat bantuin juga males karena pt tidak pernah bayarin bpjsk,Negatif,3
Wed Jan 01 04:50:13 +0000 2025,gaada pemberitahuan warning tertulis yg dikirim ke peserta ini asli bodoh betul kelakuan bpjsk onlan onlen apps apps mobal mobel jkn lu pikir pake tantiem lu yg selangit itu fron brp yg punya hp brp yg punya smartphone brp yg rutin konek internet,ObiWan_Catnobi,2025-01-01 04:50:13+00:00,2025-01,gaada pemberitahuan warning tertulis dikirim peserta asli bodoh betul kelakuan bpjsk onlan onlen apps apps mobal mobel jkn kamu pikir pakai tantiem kamu selangit fron berapa punya hp berapa punya smartphone berapa rutin konek internet,Negatif,1
Wed Jan 01 04:43:33 +0000 2025,ini karena pemkot kab prov stop bayarin iuran udah lewat taun udah lewat masa award award an uhc award segera kontak dinsos setempat sebelum jadwal ambil obat ht cara lain itu pindah status ke pbpu kelas 3 itu jg kontak bpjsk cabang aneh kan ribet kan,ObiWan_Catnobi,2025-01-01 04:43:33+00:00,2025-01,karena pemkot kab prov stop bayarin iuran sudah lewat taun sudah lewat masa award award an uhc award segera kontak dinsos setempat sebelum jadwal ambil obat ht cara lain pindah status pbpu kelas juga kontak bpjsk cabang aneh ribet,Negatif,4
Mon Dec 30 06:40:32 +0000 2024,gawat apaan ini udah lama dari pertama jkn bergulir juga gini sejumlah penyakit yg sifatnya ga butuh pelayanan spesialistik idealnya stop di fktp penyakitnya apa ya 144 ini dari mana standar kompetensi dokter kalo bpjsk salah gw setuju tapi bukan soal 144 penyakit,ObiWan_Catnobi,2024-12-30 06:40:32+00:00,2024-12,gawat apaan sudah lama pertama jkn bergulir juga gini sejumlah penyakit sifatnya tidak butuh pelayanan spesialistik idealnya stop fktp penyakitnya apa mana standar kompetensi dokter kalau bpjsk salah saya setuju tapi bukan soal penyakit,Negatif,2
Sun Mar 15 06:18:59 +0000 2026,bener ini di lapangan byk kejadian gini kadang malah nakesnya yg dikira mempersulit pdahal cuma merujuk arahan bpjsk yg sumbernya dri perpres tntang jaminan kesehatan,NakesPuskesmas,2026-03-15 06:18:59+00:00,2026-03,bener lapangan byk kejadian gini kadang malah nakesnya dikira mempersulit pdahal cuma merujuk arahan bpjsk sumbernya dri perpres tntang jaminan,Negatif,2
Sun Dec 29 04:27:43 +0000 2024,iya yak nggak tepat juga aku bilang banyak orang kaya soalnya yg lagi diomongin cuma 2 orang tapi di qt ada insight katanya ini memang problem salah satunya karena data bpjsk amp bp jamsostek nggak terintegrasi dgn baik padahal harusnya kan kalau pekerja otomatis nggak pbi,nabiylarisfa,2024-12-29 04:27:43+00:00,2024-12,iya yak tidak tepat juga aku bilang banyak orang kaya soalnya lagi diomongin cuma orang tapi qt ada insight katanya memang problem salah satunya karena data bpjsk  bp jamsostek tidak terintegrasi dengan baik padahal harusnya kalau pekerja otomatis tidak pbi,Negatif,5
Sun Jan 12 11:48:46 +0000 2025,bpjsk ga diaudit bipikey,0jenry1,2025-01-12 11:48:46+00:00,2025-01,bpjsk tidak diaudit bipikey,Negatif,5
Mon Dec 30 01:06:59 +0000 2024,kantornya harvey kayak eeq berarti soale gak daftarin pekerjanya di bpjsk kelas 1,ervinalutfi,2024-12-30 01:06:59+00:00,2024-12,kantornya harvey kayak eeq berarti soale tidak daftarin pekerjanya bpjsk kelas,Negatif,7
Mon May 27 13:06:06 +0000 2024,pemerintah suka ada ada aja nih bpjsk aja kadang simpang siur nih cairinnya yg katanya baru bisa di ambil umur 55thn ini ada lagi potongan gaji segitu gitunya ada aja yah buat jadiin beban teh gws deh pemerintahan indo,Deeeyol,2024-05-27 13:06:06+00:00,2024-05,pemerintah suka ada ada saja nih bpjsk saja kadang simpang siur nih cairinnya katanya baru bisa ambil umur tahun ada lagi potongan gaji segitu gitunya ada saja yah buat jadiin beban teh gws pemerintahan indo,Negatif,2
Thu Jun 27 22:01:43 +0000 2024,potongan bpjsk iki beneran 300rb kaaaah ril ta wakeh e anjir,ariestiaw,2024-06-27 22:01:43+00:00,2024-06,potongan bpjsk iki beneran ribu kah ril ta wakeh e anjir,Negatif,4
Tue Feb 04 03:26:15 +0000 2025,p iuran bpjsk itu sistem subsidi silang jd klo km ga sakit ya uangnya dialokasiin ke yg sakit s berarti sy dpt pahala dong pak gw ga gitu jg konsepnya neng,lil_ipoet,2025-02-04 03:26:15+00:00,2025-02,p iuran bpjsk sistem subsidi silang jadi kalau kamu tidak sakit uangnya dialokasiin sakit s berarti sy dapat pahala pak saya tidak begitu juga konsepnya neng,Negatif,2
Mon Apr 01 05:47:59 +0000 2024,omg keinget ad 1 bapak2 mau ngurus klaim jht bpjsk samaan sm ayah ayah gbs klaim grgr error trs dialihkan ke lapakasik sdgkan si bapak ini gabisa klaim grgr iuran bpjsknya blm dibayar samsek sdgkan kata doi tiap gajian dipotong utk bayar,3dozenroses33,2024-04-01 05:47:59+00:00,2024-04,omg keinget ad bapak mau ngurus klaim jht bpjsk samaan sama ayah ayah gbs klaim grgr error terus dialihkan lapakasik sdgkan si bapak gabisa klaim grgr iuran bpjsknya belum dibayar samsek sdgkan kata doi tiap gajian dipotong untuk bayar,Negatif,2
Sun Aug 11 00:28:07 +0000 2024,seru baca replies dan quotes nya karena berasal dari beragam perspektif inti masalahnya mayoritas peserta bpjsk masih belum paham aturan main sementara pengelolanya sendiri masih keukeuh mengandalkan peserta buat hapal dan cari tau sendiri alhasil jadi konflik abadi padahal solusinya bisa jadi semudah buat infographics aturan bpjs untuk dipasang di seluruh faskes,bayuamus,2024-08-11 00:28:07+00:00,2024-08,seru baca replies quotes karena berasal beragam perspektif inti masalahnya mayoritas peserta bpjsk masih belum paham aturan main sementara pengelolanya sendiri masih keukeuh mengandalkan peserta buat hapal cari tahu sendiri alhasil jadi konflik abadi padahal solusinya bisa jadi semudah buat infographics aturan untuk dipasang seluruh faskes,Negatif,6
Fri Sep 27 06:26:15 +0000 2024,omong kosong apalagi ini paling jg di msukkan kdlm tanggungan bpjsk,Konco_82,2024-09-27 06:26:15+00:00,2024-09,omong kosong apalagi paling juga msukkan kdlm tanggungan bpjsk,Negatif,4
Thu Sep 19 03:19:57 +0000 2024,sakit hati ga dtanggung asuransi swasta bpjsks bpjskt ya,bentarlupayo,2024-09-19 03:19:57+00:00,2024-09,sakit hati tidak dtanggung asuransi swasta bpjsks bpjskt,Negatif,4
Tue Jul 01 09:37:22 +0000 2025,tiap tgl 1 kok susah bener mau bayar bpjsks dr shopeepay app dari pagi buta pesannya billing is in maintenance klo pake shopee app baru bisa tolong benerin dong sengaja ga bayar pake shopee app krn pingin pake kupon potongan tagihannya shopeepay app,__eisquosamo__,2025-07-01 09:37:22+00:00,2025-07,tiap tanggal susah bener mau bayar bpjsks shopeepay app pagi buta pesannya billing is in maintenance kalau pakai shopee app baru bisa tolong benerin sengaja tidak bayar pakai shopee app karena pingin pakai kupon potongan tagihannya shopeepay app,Negatif,3
Sun Dec 29 02:38:53 +0000 2024,setiap hari selalu ada aja ulah bpjsks yg bikin pasien cemas,__eisquosamo__,2024-12-29 02:38:53+00:00,2024-12,setiap hari selalu ada saja ulah bpjsks membuat pasien cemas,Negatif,5
Thu Jan 02 00:52:12 +0000 2025,dok bisa minta ke idi atau siapapun utk bayar bajer nyerang bpjsks ga siy atau bajer buat sosialisasi aturan rs amp bpjsks sambil julidin bpjsks,NurAzizahSyawal,2025-01-02 00:52:12+00:00,2025-01,dok bisa minta idi atau siapapun untuk bayar bajer nyerang bpjsks tidak siy atau bajer buat sosialisasi aturan rumah sakit  bpjsks sambil julidin bpjsks,Negatif,5
Wed Jan 07 09:46:28 +0000 2026,aneh deh client lama ku kalo ngitung pph21 bpjs kes 1 borned by employee tuh dijadiin taxable pdhl nontaxable tapi deductable kalo dinasehatin malah pinteran dia emang kadang kidding ni orang,n3v3rdoes3xist,2026-01-07 09:46:28+00:00,2026-01,aneh client lama ku kalau ngitung pph kes borned by employee dijadiin taxable padahal nontaxable tapi deductable kalau dinasehatin malah pinteran dia emang kadang kidding ni orang,Negatif,5
Mon Apr 06 04:34:37 +0000 2026,bayangin lo kerja tetap jaminan bpjs kes dan ket gaji 5 jt dan pulangnya nyambi sambil guling binin canva template cuan 15jt bulan bukannya lebih mantab 20 jt perbulan dan jaminan kes maupun ketenaga kerjaan,antarprovinsii,2026-04-06 04:34:37+00:00,2026-04,bayangin kamu kerja tetap jaminan kes ket gaji juta pulangnya nyambi sambil guling binin canva template cuan juta bulan bukannya lebih mantab juta perbulan jaminan kes maupun ketenaga kerjaan,Negatif,2
Wed Oct 01 10:59:01 +0000 2025,jarang yang bicarain ini tapi salah satu komponen terpenting menuju financial freedom adalah asuransi terserah mau bpjs kes atau tk atau swasta asuransi itu penting banget itu penting banget karena downside kalo kita sakit itu gak ada batasnya bill rumah sakit bisa sampe 10juta atau 100juta sedangkan downside dari asuransi itu udah terukur yaitu bayar premi yaa ada kemungkinan naik di tahun berikutnya tapi tetap terukur jadi kita batasi resiko downsidenya sebesar nilai premi itu when the time is right punya budgetnya pakelah asuransi gue bukan sales asuransi tapi gue pengusaha yang udah kalkulasi resiko dan gak makesense kalo kita gak pake asuransi padahal mampu,siransel24,2025-10-01 10:59:01+00:00,2025-10,jarang bicarain tapi salah satu komponen terpenting menuju financial freedom adalah asuransi terserah mau kes atau tk atau swasta asuransi penting banget penting banget karena downside kalau kita sakit tidak ada batasnya bill rumah sakit bisa sampe juta atau juta sedangkan downside asuransi sudah terukur yaitu bayar premi yaa ada kemungkinan naik tahun berikutnya tapi tetap terukur jadi kita batasi resiko downsidenya sebesar nilai premi when the time is right punya budgetnya pakelah asuransi saya bukan sales asuransi tapi saya pengusaha sudah kalkulasi resiko tidak makesense kalau kita tidak pakai asuransi padahal mampu,Negatif,1
Wed Feb 04 21:07:25 +0000 2026,lebih mahal iuran bpjs kes nggak sih,KopBam,2026-02-04 21:07:25+00:00,2026-02,lebih mahal iuran kes tidak,Negatif,5
Sun Apr 12 13:42:54 +0000 2026,bpjs kes ini buat layanan kesehatan relatif merata dan terjangkau di daerah rs di daerah kalau mengandalkan umum dan asuransi swasta sdh pasti byk yg kolaps,ph4n_,2026-04-12 13:42:54+00:00,2026-04,kes buat layanan relatif merata terjangkau daerah rumah sakit daerah kalau mengandalkan umum asuransi swasta sdh pasti byk kolaps,Negatif,5
Thu Mar 19 12:51:12 +0000 2026,gaji dipotong untuk simp wajib 30rb bpjs kes 37rb bpjs tenaga kerja 99rb uang thr dipotong 500rb biasa lebaran sebelumnya dpt parcel sekarang engga kl protes saranya kalian itu harusnya bersyukur hehe in aja,deannial_,2026-03-19 12:51:12+00:00,2026-03,gaji dipotong untuk simp wajib ribu kes ribu tenaga kerja ribu uang thr dipotong ribu biasa lebaran sebelumnya dapat parcel sekarang engga kalau protes saranya kalian harusnya bersyukur hehe in saja,Negatif,5
Sun Apr 05 14:55:08 +0000 2026,work udah 2 5 tahun kerja di company sekarang tp ga dapet bpjs kes amp bpjstk kalopun mau dapet harus ngajuin sendiri nunggu approval atasan wkwk pdhl bs dibilang company gede cabang jg ada banyak se indo,worksfess,2026-04-05 14:55:08+00:00,2026-04,work sudah tahun kerja company sekarang tapi tidak dapet kes  bpjstk kalopun mau dapet harus ngajuin sendiri nunggu approval atasan tertawa padahal bisa dibilang company gede cabang juga ada banyak se indo,Negatif,4
Sat Feb 07 23:59:36 +0000 2026,menkes mensos dan bpjs kes gak punya grup wasap berantakan bener urus rakyat,mudzakirmanaf,2026-02-07 23:59:36+00:00,2026-02,menkes mensos kes tidak punya grup wasap berantakan bener urus rakyat,Negatif,5
Sat Jun 06 00:55:45 +0000 2026,lha knp terjadi sebaliknya pasien dirawat 1 hr sdh sehat mau dipulangin tp kata bpjs hrs nunggu 3 hr kl dipulangin lbh cepat malah ga bisa diklaim krn dianggap pasien hrsnya ga perlu dirawat,fssusanti1,2026-06-06 00:55:45+00:00,2026-06,lha kenapa terjadi sebaliknya pasien dirawat hr sdh sehat mau dipulangin tapi kata harus nunggu hr kalau dipulangin lbh cepat malah tidak bisa diklaim karena dianggap pasien hrsnya tidak perlu dirawat,Negatif,5
Fri Jun 05 20:30:10 +0000 2026,ya kan emang kemaren bpjs dipotong kipk dipotong dalih efisiensi gitu,demeter_mr,2026-06-05 20:30:10+00:00,2026-06,emang kemaren dipotong kipk dipotong dalih efisiensi begitu,Negatif,2
Sun May 31 05:22:39 +0000 2026,iya kaa ini aku lagi belajar cara bikin bpjs soalnya psikiater ternyata ga di cover asuransi perusahaan alm papa aku mau huggg,lovelykazeya,2026-05-31 05:22:39+00:00,2026-05,iya kaa aku lagi belajar cara membuat soalnya psikiater ternyata tidak cover asuransi perusahaan alm papa aku mau hug,Negatif,2
Wed Mar 06 11:58:01 +0000 2024,bpjs ini ide pem sby sblmny di bid kesehtn yg tntuny negara hrs punya komitmen mnanggulangi bya opr bpjs dn alkes rs sdngkn iuran anggota sbg pelengkap sj bkn yg utama tpi sngat dsayangkn alokasi anggarany 2023 cuman4 46t 2 89 dri anggrn jam sosial bndingkn bansos jkw 500t,Legislator75,2024-03-06 11:58:01+00:00,2024-03,ide pem sby sblmny bid kesehtn tntuny negara harus punya komitmen mnanggulangi bya opr dn alkes rumah sakit sdngkn iuran anggota sbg pelengkap sj bkn utama tpi sngat dsayangkn alokasi anggarany cuman t dri anggrn jam sosial bndingkn bansos jkw t,Negatif,7
Thu Jun 04 00:19:15 +0000 2026,jelata skrg pada mundur karena jasa gak bisa buat hidup akhirnya tetap yg masuk darah biru semua yg cari posisi gak mengandalkan duit dari situ bpjs lancar karena rsv baru mulai kerjasama sept 2025 akhir tahun udah pending 10 m maret barusan udah pending 28 m,lutfithe13th,2026-06-04 00:19:15+00:00,2026-06,jelata sekarang pada mundur karena jasa tidak bisa buat hidup akhirnya tetap masuk darah biru semua cari posisi tidak mengandalkan duit situ lancar karena rsv baru mulai kerjasama sept akhir tahun sudah pending m maret barusan sudah pending m,Negatif,1
Fri Jun 05 15:06:10 +0000 2026,udah gak bisa sekarang kalau ketahuan dokter meresepkan obat yg tidak ada di rs atau tidak ditanggung bpjs klaim bisa ditolak keseluruhan,afathngantuk,2026-06-05 15:06:10+00:00,2026-06,sudah tidak bisa sekarang kalau ketahuan dokter meresepkan obat tidak ada rumah sakit atau tidak ditanggung klaim bisa ditolak keseluruhan,Negatif,5
Fri Jun 05 14:07:51 +0000 2026,jadi teriakan pasien saya sudah bayar bpjs kok itu benar tapi nakes yang bilang bpjs membatasinya juga ada benarnya karena rs itu tetap bisnis bukan lembaga amal tetap harus bayar operasional amp gaji pegawai bpjs tdk terbebani tanggung jwb moral yg sama dg rs,arvkevin,2026-06-05 14:07:51+00:00,2026-06,jadi teriakan pasien saya sudah bayar benar tapi nakes bilang membatasinya juga ada benarnya karena rumah sakit tetap bisnis bukan lembaga amal tetap harus bayar operasional  gaji pegawai tidak terbebani tanggung jwb moral sama dg rumah sakit,Negatif,5
Tue Jun 02 08:23:31 +0000 2026,saya named kak saya memang selalu nyaranin pasien untuk pake bpjs terutama buat yg kurang mampu karna tau in this economy biaya kesehatan itu mahal mau pake bpjs atau umum bayaran saya sama bahkan spesialis yg bayarannya lbh banyak dptnya kalo umum selalu nyaranin pake bpjs,moovelcius,2026-06-02 08:23:31+00:00,2026-06,saya named saya memang selalu nyaranin pasien untuk pakai terutama buat kurang mampu karna tahu in this economy biaya mahal mau pakai atau umum bayaran saya sama bahkan spesialis bayarannya lbh banyak dptnya kalau umum selalu nyaranin pakai,Negatif,5
Mon Feb 02 15:10:09 +0000 2026,sender kemarin pindah ke bpjs mandiri krena kis nonaktif hbis pks bayar tunggakan 2 5thn 1 kk dan udah aktif tapi hari ini status kepesertaan sender tiba2 brubah ke pbi kis kira2 yg uang sender bayar kmrin tuh bisa balik gak ya thanks infonya,tanyakanrl,2026-02-02 15:10:09+00:00,2026-02,sender kemarin pindah mandiri krena kis nonaktif hbis pks bayar tunggakan tahun kk sudah aktif tapi hari status kepesertaan sender tiba brubah pbi kis kira uang sender bayar kmrin bisa balik tidak thanks infonya,Negatif,4
Tue Feb 10 08:12:31 +0000 2026,udah dibilang sejak 2023 lalu hapus sistem iuran kepesertaan bpjs geser kepesertaan bpjs dari berbasis iuran menjadi berbasis keewarganegaraan revisi uu no 24 2011 tentang bpjs uu no 40 2004 bpjs harusnya gratis sekarang kita sibuk terus sama perbaiki data yang gak kelar kelar nyawa gak bisa nunggu bos,Uki23,2026-02-10 08:12:31+00:00,2026-02,sudah dibilang sejak lalu hapus sistem iuran kepesertaan geser kepesertaan berbasis iuran menjadi berbasis keewarganegaraan revisi uu no tentang uu no harusnya gratis sekarang kita sibuk terus sama perbaiki data tidak kelar kelar nyawa tidak bisa nunggu bos,Negatif,6
Sat Jun 06 00:07:29 +0000 2026,bener bener sial hidup gw udah jadi wni presidennya prabowo rupiah anjlok ga dapet tiket bts arirang kuala lumpur ditipu temen sendiri udah tf duit tiket ternyata dia kabur kasihan,aecalypsoo,2026-06-06 00:07:29+00:00,2026-06,bener bener sial hidup saya sudah jadi wni presidennya prabowo rupiah anjlok tidak dapet tiket bts arirang kuala lumpur ditipu temen sendiri sudah tf duit tiket ternyata dia kabur kasihan,Negatif,7
Fri Feb 06 04:00:14 +0000 2026,yg menghentikan peserta pbi itu siapa kaliankan bpjs itu mengikuti data dan arahan kemensos rumah sakit cuma ngikuti apa yg diarahkan bpjstapi ketika rumah sakit mempermasalahkan soal kepesertaan pasien pbi kok rumah sakitnya yg disanksi menteri pekooook,JantunGPiisanG,2026-02-06 04:00:14+00:00,2026-02,menghentikan peserta pbi siapa kaliankan mengikuti data arahan kemensos rumah sakit cuma ngikuti apa diarahkan bpjstapi ketika rumah sakit mempermasalahkan soal kepesertaan pasien pbi rumah sakitnya disanksi menteri pekok,Negatif,2
Fri Apr 17 01:47:37 +0000 2026,eh tumben bener nih udh belum kontrol kepatuhan rs untuk melayani bpjs pasien bpjs pun sering diremehkan meskipun peserta mereka kan bayar dibayar negara bukan cm numpang priksa,Jelli_cent,2026-04-17 01:47:37+00:00,2026-04,eh tumben bener nih sudah belum kontrol kepatuhan rumah sakit untuk melayani pasien pun sering diremehkan meskipun peserta mereka bayar dibayar negara bukan cuma numpang priksa,Negatif,6
Sun Feb 08 08:08:08 +0000 2026,bukan hanya wayanng yang dimainkan dalang tapi kesehatan jutaan umat ikut dipermainkan pasien penyakit kronis terancam lebih dari 10 juta peserta bpjs pbi kehilangan status aktif nikmati pilihan mu,Opposisi6890,2026-02-08 08:08:08+00:00,2026-02,bukan hanya wayanng dimainkan dalang tapi jutaan umat ikut dipermainkan pasien penyakit kronis terancam lebih juta peserta pbi kehilangan status aktif nikmati pilihan mu,Negatif,1
Wed Jun 03 02:17:28 +0000 2026,gak aktif tapi preminya jalan nggak mba coba tanya ke bpjs di 165 deh mba kemaren aku nanya temenku bilangnya udah gak aktif krn udh keluar dri perusahaan tapi preminya masih berjalan alhasil 1 tahun gak dibayar dia perlu bayar 2 juta,Muhasabahin_Aja,2026-06-03 02:17:28+00:00,2026-06,tidak aktif tapi preminya jalan tidak mba coba tanya mba kemaren aku nanya temenku bilangnya sudah tidak aktif karena sudah keluar dri perusahaan tapi preminya masih berjalan alhasil tahun tidak dibayar dia perlu bayar juta,Negatif,3
Fri Feb 06 01:59:41 +0000 2026,sinkronisasi kementrian dan lembaga sangat penting terutama sosialisasi kemasyarakatan jgn cuma respon ketika jadi viral berita per 1 februari bpjs menonaktifkan peserta bpjs pib utk beberapa katagori berikut penyebab di balik status kepesertaan menjadi tidak aktif 1 data dtsen tidak diperbarui perubahan pekerjaan alamat atau kondisi ekonomi peserta yang belum diperbarui di dtsen kemensos bisa membuat nama peserta otomatis dihapus sementara 2 nik tidak sinkron dengan dukcapil ketidaksesuaian nik antara data bpjs dan dukcapil dapat menyebabkan kepesertaan dinonaktifkan 3 perubahan status sosial ekonomi peserta yang dianggap sudah mampu atau tidak lagi tergolong miskin sehingga dicabut dukungan bpjs kesehatan pbi nya 4 perubahan domisili tanpa pelaporan pindah tempat tinggal tanpa melapor ke dinas sosial setempat membuat data peserta tidak sesuai wilayah administrasi sehingga status bisa nonaktif 5 keterlambatan update dari pemerintah daerah jika pemerintah daerah terlambat mengirim pembaruan data ke pusat status peserta bisa sementara dinonaktifkan jika nonaktifnya kurang dr 6 bulan maka bisa lgs reaktivasi langsung tanpa perlu daftar ulang lagi cukup lewat online baik aplikasi mobile jkn maupun via nomor wa dgn memasukkan no nik dan no kartu peserta bpjs pibnya mengenal hak dan kewajiban sebagai warga negara agar tidak dikit2 menyalahkan pemerintah apalagi lgs menghujat,are_inismyname,2026-02-06 01:59:41+00:00,2026-02,sinkronisasi kementrian lembaga sangat penting terutama sosialisasi kemasyarakatan jangan cuma respon ketika jadi viral berita per februari menonaktifkan peserta pib untuk beberapa katagori berikut penyebab balik status kepesertaan menjadi tidak aktif data dtsen tidak diperbarui perubahan pekerjaan alamat atau kondisi ekonomi peserta belum diperbarui dtsen kemensos bisa membuat nama peserta otomatis dihapus sementara nik tidak sinkron dengan dukcapil ketidaksesuaian nik antara data dukcapil dapat menyebabkan kepesertaan dinonaktifkan perubahan status sosial ekonomi peserta dianggap sudah mampu atau tidak lagi tergolong miskin sehingga dicabut dukungan pbi perubahan domisili tanpa pelaporan pindah tempat tinggal tanpa melapor dinas sosial setempat membuat data peserta tidak sesuai wilayah administrasi sehingga status bisa nonaktif keterlambatan update pemerintah daerah jika pemerintah daerah terlambat mengirim pembaruan data pusat status peserta bisa sementara dinonaktifkan jika nonaktifnya kurang bulan maka bisa lgs reaktivasi langsung tanpa perlu daftar ulang lagi cukup lewat online baik aplikasi mobile jkn maupun via nomor wa dengan memasukkan no nik no kartu peserta pibnya mengenal hak kewajiban sebagai warga negara agar tidak dikit menyalahkan pemerintah apalagi lgs menghujat,Negatif,3
Sat Jun 06 00:20:00 +0000 2026,sharing sedikit kandidat ini sudah konfrim hadir interview dari hari rabu kemarin namun hari ini sampai jam 11 siang ybs belum datang padahal jadwal interview jam 09 00 user pun sudah info kandidat yg gak hadir di skip aja karena mengundurkan diri sebagai recruiter gue coba menghubungi kandidat lagi untuk cari tau alasan kenapa gak hadir mungkin ada halangan karena sudah konfrim hadir ternyata kandidat lagi berduka ayahnya meninggal dunia pagi tadi dan gak sempat mengabari respect buat kakaknyat sc threadsoliviarestya,txtharihariWNI,2026-06-06 00:20:00+00:00,2026-06,sharing sedikit kandidat sudah konfrim hadir interview hari rabu kemarin namun hari sampai jam siang ybs belum datang padahal jadwal interview jam user pun sudah info kandidat tidak hadir skip saja karena mengundurkan diri sebagai recruiter saya coba menghubungi kandidat lagi untuk cari tahu alasan kenapa tidak hadir mungkin ada halangan karena sudah konfrim hadir ternyata kandidat lagi berduka ayahnya meninggal dunia pagi tadi tidak sempat mengabari respect buat kakaknyat sc threadsoliviarestya,Negatif,4
Tue Nov 25 08:02:45 +0000 2025,dengan universal health coverage uhc itu ternyata masih banyak peserta yang tidak aktif walaupun daerahnya uhc tetap saja ada masyarakat yang tidak bisa menggunakan bpjs untuk berobat tegasnya,Gerindra,2025-11-25 08:02:45+00:00,2025-11,dengan universal health coverage uhc ternyata masih banyak peserta tidak aktif walaupun daerahnya uhc tetap saja ada masyarakat tidak bisa menggunakan untuk berobat tegasnya,Negatif,5
Sat Jun 06 00:12:23 +0000 2026,kemarin pas sertifikasi di bbpvp aku bapak asessor sekarang pelatihan disini beda ama dulu mbak karena diefisiensi biayanya dikurangi gt apa buat mbg mentingin yg ga penting ya pak sekelas skill buat kerja aja pemerintah ga becus kasih fasilitasnya,girlslikedonut,2026-06-06 00:12:23+00:00,2026-06,kemarin pas sertifikasi bbpvp aku bapak asessor sekarang pelatihan disini beda ama dulu mbak karena diefisiensi biayanya dikurangi begitu apa buat mentingin tidak penting pak sekelas skill buat kerja saja pemerintah tidak becus kasih fasilitasnya,Negatif,4
Wed May 06 00:39:47 +0000 2026,kita tahu bahwa bpjs kesehatan diperkirakan defisit kekurangan uang 20 30 triliun dalam 1 tahun ini setara 17 25 hari mbg peserta sudah bayar iuran pemerintah harus sedia berikan dana ke bpjs k supaya ga defisit bukan bikin aturan utk hemat tp rugikan pasien amp petugas,drnewstwit,2026-05-06 00:39:47+00:00,2026-05,kita tahu bahwa diperkirakan defisit kekurangan uang triliun dalam tahun setara hari peserta sudah bayar iuran pemerintah harus sedia berikan dana k supaya tidak defisit bukan membuat aturan untuk hemat tapi rugikan pasien  petugas,Negatif,5
Sat Jun 06 00:14:31 +0000 2026,bagus kita minta aja bpjs itu bertanggung jawab,MenteriPekerja,2026-06-06 00:14:31+00:00,2026-06,bagus kita minta saja bertanggung jawab,Negatif,1
Thu Jun 04 15:31:17 +0000 2026,hey bpjs ak knp sulit bgt aktivasi ulangnya,nayngrha,2026-06-04 15:31:17+00:00,2026-06,hey ak kenapa sulit banget aktivasi ulangnya,Negatif,2
Sat Feb 07 01:50:00 +0000 2026,kata menkes dan wamenkes rumah sakit tak boleh tolak pasien bpjs pbi terus tinggal urus aktivasi yg sebelumnya di nonaktifkan semudah itukah prakteknya di lapangan,P3gEl,2026-02-07 01:50:00+00:00,2026-02,kata menkes wamenkes rumah sakit tak boleh tolak pasien pbi terus tinggal urus aktivasi sebelumnya nonaktifkan semudah itukah prakteknya lapangan,Negatif,5
Sat Jun 14 09:30:05 +0000 2025,geh mau nnya kalo ngurus aktivasi bpjs setelah nunggak itu hrs ke kantor bpjs sesuai domisili apa bisa bebas ya btw aku ga bisa regis mobile jkn ga bisa verif wajah tia,lampungbase,2025-06-14 09:30:05+00:00,2025-06,geh mau nnya kalau ngurus aktivasi setelah nunggak harus kantor sesuai domisili apa bisa bebas btw aku tidak bisa regis mobile jkn tidak bisa verif wajah tia,Negatif,6
Wed Feb 11 19:48:01 +0000 2026,benci bgt di tiktok ada yg komen katanya aktivasi bpjs cepet gigi lu,briankkee,2026-02-11 19:48:01+00:00,2026-02,benci banget tiktok ada komen katanya aktivasi cepet gigi kamu,Negatif,6
Mon Sep 30 02:58:12 +0000 2024,gigiku sakit mau periksa trs baru inget blm aktivasi bpjs lagi tadi malem udh isi formulir sih tapi pagi ini pandawa gangguan,andikahemaw,2024-09-30 02:58:12+00:00,2024-09,gigiku sakit mau periksa terus baru inget belum aktivasi lagi tadi malem sudah isi formulir tapi pagi pandawa gangguan,Negatif,5
Fri Jun 05 23:49:29 +0000 2026,masih lemas bukan ga stabil pahami dulu lemas bukan indikator kalau pasien di rawat masih merasa lemas tanda vital normal kondisi membaik bisa rawat mandiri di rumah ya harus pulang banyak pasien bpjs kami berhari2 bulanan di rs meski rs rugi puluhan ratusan juta,drnewstwit,2026-06-05 23:49:29+00:00,2026-06,masih lemas bukan tidak stabil pahami dulu lemas bukan indikator kalau pasien rawat masih merasa lemas tanda vital normal kondisi membaik bisa rawat mandiri rumah harus pulang banyak pasien kami berhari bulanan rumah sakit meski rumah sakit rugi puluhan ratusan juta,Negatif,5
Wed Feb 11 11:28:46 +0000 2026,fakta di lapangan urus reaktivasi bpjs pbi berobat rutin itu melelahkan ditambah harus mengurus administrasi di pemerintahan yang menguji mental materi dan fisik,kumifigo,2026-02-11 11:28:46+00:00,2026-02,fakta lapangan urus reaktivasi pbi berobat rutin melelahkan ditambah harus mengurus administrasi pemerintahan menguji mental materi fisik,Negatif,5
Thu May 21 04:00:06 +0000 2026,aku mau reaktivasi bpjs pbi mamaku udh bolak balik ke desa sama kecamatan ujung2nya desa ngasih tau klo mau urus sendiri hrs ke dinsos dinkes atau di urusi mereka tp bayar kalian ada yg pengalaman bikin bpjs pbi ga share dong,tanyakanrl,2026-05-21 04:00:06+00:00,2026-05,aku mau reaktivasi pbi mamaku sudah bolak balik desa sama kecamatan ujungnya desa kasih tahu kalau mau urus sendiri harus dinsos dinkes atau urusi mereka tapi bayar kalian ada pengalaman membuat pbi tidak share,Negatif,5
Sun Feb 15 10:45:27 +0000 2026,bpjs pbi yang memang di khususkan untuk rakyat miskin atau kurang mampu sempat di non aktifkan lalu di aktifkan kembali nah untuk reaktivasi dibuat pusing 7 keliling simak syaratnya yang membuat kamu tidak ingin pakai layanan ini yang jelas di persulit,AnakLolina2,2026-02-15 10:45:27+00:00,2026-02,pbi memang khususkan untuk rakyat miskin atau kurang mampu sempat non aktifkan lalu aktifkan kembali nah untuk reaktivasi dibuat pusing keliling simak syaratnya membuat kamu tidak ingin pakai layanan jelas persulit,Negatif,3
Fri Jun 05 14:55:09 +0000 2026,gais bapakku kan pensiunan pns adikku mau daftar ulang ditanya gaji gapok bapakku misal 500rb tapi totalnya jadi 1jt karena dpt tunjangan bpjs kesehatan itu ditulisnya gapok doang atau 1jt itu ya,tanyarlfes,2026-06-05 14:55:09+00:00,2026-06,gais bapakku pensiunan pns adikku mau daftar ulang ditanya gaji gapok bapakku misal ribu tapi totalnya jadi juta karena dapat tunjangan ditulisnya gapok doang atau juta,Negatif,2
Thu Apr 02 12:21:45 +0000 2026,lgian orang udh kesakitan malah disuruh daftar bpjs dlu,ciberng,2026-04-02 12:21:45+00:00,2026-04,lgian orang sudah kesakitan malah disuruh daftar dulu,Negatif,5
Fri Jun 05 14:59:43 +0000 2026,mau tanya dong semoga gak oot kalau daftar ulang ditanya gaji konteks ortu pensiunan pns yang ditulis gaji pokok doang gaji kotor atau bersih untuk tunjangan yg didapat tunjangan istri anak dan beras kalau potongannya iuran bpjs,iscreamlate,2026-06-05 14:59:43+00:00,2026-06,mau tanya semoga tidak oot kalau daftar ulang ditanya gaji konteks ortu pensiunan pns ditulis gaji pokok doang gaji kotor atau bersih untuk tunjangan didapat tunjangan istri anak beras kalau potongannya iuran,Negatif,2
Tue May 12 16:01:11 +0000 2026,gua gak pake bpjs daftar akun bbm subsidi juga buat mobil bapak gua yang kayak kontol info aja doksli udah dihapus buzzer pemerintah emang cupu dan kayak kontol semua,agcrisbp,2026-05-12 16:01:11+00:00,2026-05,saya tidak pakai daftar akun bbm subsidi juga buat mobil bapak saya kayak kontol info saja doksli sudah dihapus buzzer pemerintah emang cupu kayak kontol semua,Negatif,4
Sat Jun 06 00:40:23 +0000 2026,iya aku sebetulnya kemaren dikasih tau temenku jg suruh pengajuan tapi aku gak lakuin karena aku kalau belajar ngandelin bmp fisik bgt kalau gak dapet buku takut ngang ngong banget,jyeonst_,2026-06-06 00:40:23+00:00,2026-06,iya aku sebetulnya kemaren dikasih tahu temenku juga suruh pengajuan tapi aku tidak lakuin karena aku kalau belajar ngandelin bmp fisik banget kalau tidak dapet buku takut ngang ngong banget,Negatif,1
Tue May 26 14:49:53 +0000 2026,1 semua profesi emang harusnya kerja sesuai jam kerja 2 dokter dan nakes berhak nolak pasien selama bukan kondisi gawat darurat dan itu dilindungi uu 3 mbok ya sebagai peserta bpjs harus paham juga aturannya gimana jam pendaftaran dll udah ga paham ngelunjak marah2 pula,spacecravt,2026-05-26 14:49:53+00:00,2026-05,semua profesi emang harusnya kerja sesuai jam kerja dokter nakes berhak nolak pasien selama bukan kondisi gawat darurat dilindungi uu mbok sebagai peserta harus paham juga aturannya gimana jam pendaftaran dll sudah tidak paham ngelunjak marah pula,Negatif,5
Sat Jun 06 00:17:38 +0000 2026,saya ingin tau polisinya biar di datang ke tempatku mnengkap para pelaku penimbun pengcer bbm yg tiap hari 7 12 drijen,Thondhanks,2026-06-06 00:17:38+00:00,2026-06,saya ingin tahu polisinya biar datang tempatku mnengkap para pelaku penimbun pengcer bbm tiap hari drijen,Negatif,1
Sat Mar 28 11:59:09 +0000 2026,tau nggak sih ojol itu salah satu profesi dengan risiko kecelakaan kerja tertinggi di indonesia tapi yang baru terdaftar di bpjs ketenagakerjaan cuma 12 3 artinya 87 7 ojol kalau kecelakaan atau kenapa kenapa nggak bisa claim jaminan kecelakaan kerja jkk sama jaminan kematian jkm bayangin aja biaya rawat inap operasi yang harus ditanggung sendiri bikin pusing kan yuk kalau ada ojol di circle kalian saudara tetangga temen bahkan orang tua atau suami istri tolong edukasi dan bantu daftarin ya sekarang lagi ada diskon 50 dari pemerintah jadi cukup rp 8 400 bulan udah dapet perlindungan jkk jkm lumayan banget buat peace of mind disclaimer aku bukan karyawan bpjstk cuma orang biasa yang pernah liat temen orang sekitar kena musibah dan nyesel karena nggak punya bpjstk sharing aja biar lebih banyak yang terlindungi tag ojol atau orang yang kamu kenal kalau mau biar mereka liat langsung,iyntwitt,2026-03-28 11:59:09+00:00,2026-03,tahu tidak ojol salah satu profesi dengan risiko kecelakaan kerja tertinggi indonesia tapi baru terdaftar ketenagakerjaan cuma artinya ojol kalau kecelakaan atau kenapa kenapa tidak bisa claim jaminan kecelakaan kerja jkk sama jaminan kematian jkm bayangin saja biaya rawat inap operasi harus ditanggung sendiri membuat pusing yuk kalau ada ojol circle kalian saudara tetangga temen bahkan orang tua atau suami istri tolong edukasi bantu daftarin sekarang lagi ada diskon pemerintah jadi cukup rupiah bulan sudah dapet perlindungan jkk jkm lumayan banget buat peace of mind disclaimer aku bukan karyawan bpjstk cuma orang biasa pernah liat temen orang sekitar kena musibah nyesel karena tidak punya bpjstk sharing saja biar lebih banyak terlindungi tag ojol atau orang kamu kenal kalau mau biar mereka liat langsung,Negatif,5
Mon Jun 01 16:01:27 +0000 2026,guys kalo ada penyalahgunaan data laporkan ke ini juga secara legal bpjs kesehatan mesti ada segregasi peran seperti data karyawan hanya bisa dilihat oleh admin perusahaannya saja ga boleh lintas company,RichHealthyFun,2026-06-01 16:01:27+00:00,2026-06,guys kalau ada penyalahgunaan data laporkan juga secara legal mesti ada segregasi peran seperti data karyawan hanya bisa dilihat oleh admin perusahaannya saja tidak boleh lintas company,Negatif,3
Thu May 16 02:43:43 +0000 2024,ni knp bpjs ketenagakerjaan verifikasi muka ga bisa terus ya masa katanya ga sesuai ktp mon maappppp ni kalo sesuai ktp saya ga bertumbuh berkembang dongg di ktp itu foto plg sekolah dekil kumus2 masa disamain sama skrg yg udh glow up gini,bukancccc,2024-05-16 02:43:43+00:00,2024-05,ni kenapa ketenagakerjaan verifikasi muka tidak bisa terus masa katanya tidak sesuai ktp mon maap ni kalau sesuai ktp saya tidak bertumbuh berkembang dongg ktp foto plg sekolah dekil kumus masa disamain sama sekarang sudah glow up gini,Negatif,5
Tue Apr 07 14:07:33 +0000 2026,cak peserta bpjs pbi harusnya mendesak didata ulang verifikasi ulang banyak yg tergolong mampu masuk jadi peserta bpjs pbi ini,_Haris_Srg,2026-04-07 14:07:33+00:00,2026-04,cak peserta pbi harusnya mendesak didata ulang verifikasi ulang banyak tergolong mampu masuk jadi peserta pbi,Negatif,3
Tue May 12 09:32:47 +0000 2026,3 bulan terakhir ini sering banget dapat pengaduan terkait kebocoran atau akses ilegal yang dilakukan oleh oknum dc pinjol akses yang mereka pergunakan adalah data kependudukan yang lengkap berisi nik dan data lainnya tahun lalu data edabu bpjs kesehatan sudah diberikan sensor penulisan nama perusahaan lengkap dan ada dampak perubahan ketika kebijakan itu dilaksanakan kasus ini naik kembali sejak pertengahan awal tahun 2026 tolong pihak memperhatikan kembali dan melakukan audit terhadap pihak ke 3 yang dipekerjakan oleh pihak pinjol mohon untuk juga memeriksa ulang dan audit besar besaran terhadap user id yang mengakses web edabu jika data bpjs kesehatan masih dimanfaatkan oleh dc pinjol untuk melakukan penagihan hal ini sangat menyalahi aturan dan undang undang yang berlaku,mrtweepsID,2026-05-12 09:32:47+00:00,2026-05,bulan terakhir sering banget dapat pengaduan terkait kebocoran atau akses ilegal dilakukan oleh oknum dc pinjol akses mereka pergunakan adalah data kependudukan lengkap berisi nik data lainnya tahun lalu data edabu sudah diberikan sensor penulisan nama perusahaan lengkap ada dampak perubahan ketika kebijakan dilaksanakan kasus naik kembali sejak pertengahan awal tahun tolong pihak memperhatikan kembali melakukan audit terhadap pihak dipekerjakan oleh pihak pinjol mohon untuk juga memeriksa ulang audit besar besaran terhadap user id mengakses web edabu jika data masih dimanfaatkan oleh dc pinjol untuk melakukan penagihan hal sangat menyalahi aturan undang undang berlaku,Negatif,3
Tue May 12 09:49:51 +0000 2026,di bpjs kesehatan juga bisa dilacak misal mau lihat data bs hub ke pandawa dan tinggal input nik nanti keluar semua itu yg satu kk meski udah dibintang2in tapi kayak gini bisa ttp kelacak harusnya untuk verif cek kepesertaan bpjs itu bs pakai bbrp tingkat gak cuma input nik langsung keluar sistem edabu yang dipikir aman2 aja tapi bisa juga jadi tempat disalahgunakan gini berbenah kenapa sih,esk0pihitam,2026-05-12 09:49:51+00:00,2026-05,juga bisa dilacak misal mau lihat data bisa hub pandawa tinggal input nik nanti keluar semua satu kk meski sudah dibintangin tapi kayak gini bisa ttp kelacak harusnya untuk verif cek kepesertaan bisa pakai bbrp tingkat tidak cuma input nik langsung keluar sistem edabu dipikir aman saja tapi bisa juga jadi tempat disalahgunakan gini berbenah kenapa,Negatif,3
Thu Jun 04 03:07:49 +0000 2026,hahaha betul tbh kita ke karyawan pasti cuma minta laporan polisi doang berkas lainnya yang naikin ke sistem dari perusahaan semua hahaha karena kalau ke rs dan nik nya ketarik ke bpjs tk rs nya auto kontak kantor hahahaha kalo gak diurus berarti ya bayar jalur umum ke rsnya,suntomyfIower,2026-06-04 03:07:49+00:00,2026-06,hahaha betul tbh kita karyawan pasti cuma minta laporan polisi doang berkas lainnya naikin sistem perusahaan semua hahaha karena kalau rumah sakit nik ketarik tk rumah sakit auto kontak kantor hahahaha kalau tidak diurus berarti bayar jalur umum rsnya,Negatif,5
Sat May 09 13:38:13 +0000 2026,hafal nik bpjs no kk grgr ngelamar pekerjaan,taerangilah,2026-05-09 13:38:13+00:00,2026-05,hafal nik no kk grgr ngelamar pekerjaan,Negatif,3
Tue May 12 12:25:52 +0000 2026,amit amit ini negara no hope bener uu nyuruh art wajib bpjs dari awal kerja didaftarin bpjs kesehatan ga bisa bisa pake wasap itu terus skrg daftar ketenagakerjaan appnya jelek bgt no connection lah nik ga sesuai lah pdhal udah gabisa dinext lah jelek lo negara jelekkk bgt,haifainayah,2026-05-12 12:25:52+00:00,2026-05,amit amit negara no hope bener uu nyuruh art wajib awal kerja didaftarin tidak bisa bisa pakai wasap terus sekarang daftar ketenagakerjaan appnya jelek banget no connection lah nik tidak sesuai lah pdhal sudah gabisa dinext lah jelek kamu negara jelek banget,Negatif,4
Tue Jun 02 15:47:42 +0000 2026,hah aku saat itu pake bpjs lho yg di mana kalau rsj masukkin pasien bpjs sembarangan alias ga butuh2 amat rsj bisa rugi karena harus keluar modal lagi buat kebutuhan2 pasien selama rawat inap di sana sementara mereka udah patokin biayanya dari awal,sterlegardz,2026-06-02 15:47:42+00:00,2026-06,hah aku saat pakai lho mana kalau rsj masukkin pasien sembarangan alias tidak butuh amat rsj bisa rugi karena harus keluar modal lagi buat kebutuhan pasien selama rawat inap sana sementara mereka sudah patokin biayanya awal,Negatif,5
Tue Jun 02 13:27:46 +0000 2026,bpjs ni dibayar tiap bulan tapi cuma bisa ngecover pereda nyeri sama vitamin buat kista ganglion nyeri,peachjamsss,2026-06-02 13:27:46+00:00,2026-06,ni dibayar tiap bulan tapi cuma bisa ngecover pereda nyeri sama vitamin buat kista ganglion nyeri,Negatif,7
Fri Jun 05 12:09:21 +0000 2026,kak aku ga bisa registrasi kartu tri aku notifikasi nya nomor nik tidak ditemukan,LeniAprCim96,2026-06-05 12:09:21+00:00,2026-06,aku tidak bisa registrasi kartu tri aku notifikasi nomor nik tidak ditemukan,Negatif,2
Fri Jun 05 08:36:05 +0000 2026,nik anak tidak muncul di pip 2026 begini solusinya,Harian_Jogja,2026-06-05 08:36:05+00:00,2026-06,nik anak tidak muncul pip begini solusinya,Negatif,6
Fri Jun 05 06:39:19 +0000 2026,halo kak apa sekarang sudah bisa karena saya juga begini data tidak ditemukan,ingeeoo,2026-06-05 06:39:19+00:00,2026-06,apa sekarang sudah bisa karena saya juga begini data tidak ditemukan,Negatif,1
Mon Jun 01 13:58:17 +0000 2026,gila ga habis pikir jadi ketauan yah kenapa para dc pinjol tuh bisa tau data kita yg 1 kk sama kita semua bahkan bs tau anak dr nasabah itu sekolah dimana dll sedih banget tinggal di negara open source alias di indonesia kita diwajibkan punya bpjs kesehatan sama pemerintah indonesia tapi data kita diperjualbelikan di telegram padahal jelas2 di aplikasi mobile jkn ada tulisan kayak gini dipastikan aman dan dilindungi cih,bismillahyuk_,2026-06-01 13:58:17+00:00,2026-06,gila tidak habis pikir jadi ketauan yah kenapa para dc pinjol bisa tahu data kita kk sama kita semua bahkan bisa tahu anak nasabah sekolah dimana dll sedih banget tinggal negara open source alias indonesia kita diwajibkan punya sama pemerintah indonesia tapi data kita diperjualbelikan telegram padahal jelas aplikasi mobile jkn ada tulisan kayak gini dipastikan aman dilindungi cih,Negatif,2
Thu May 07 04:02:30 +0000 2026,sampe skrg masih ga sampe di otak gue sistem yang kalian punya itu sejelek apa kalau masih ada proses sinkronisasi data makanya bpjs ga aktif terus duit yang udh dipotong itu posisinya udah tersalurkan ke bpjs atau masih di kementerian ayah gue kerja terus misal,sakuinmypocket,2026-05-07 04:02:30+00:00,2026-05,sampe sekarang masih tidak sampe otak saya sistem kalian punya sejelek apa kalau masih ada proses sinkronisasi data makanya tidak aktif terus duit sudah dipotong posisinya sudah tersalurkan atau masih kementerian ayah saya kerja terus misal,Negatif,3
Fri Jun 05 04:00:06 +0000 2026,setiap bulan tanpa sistem terintegrasi adalah bulan rs kehilangan momentum bangun rekam jejak kepatuhan yang baik di mata kemenkes bantu memulai itu dalam 4 minggu,upmedik,2026-06-05 04:00:06+00:00,2026-06,setiap bulan tanpa sistem terintegrasi adalah bulan rumah sakit kehilangan momentum bangun rekam jejak kepatuhan baik mata kemenkes bantu memulai dalam minggu,Negatif,5
Fri Jun 05 08:27:17 +0000 2026,wabup spmb harus bebas titipan data tidak sinkron langsung ditolak oleh sistem ini alasannya,jpradarkediri,2026-06-05 08:27:17+00:00,2026-06,wabup spmb harus bebas titipan data tidak sinkron langsung ditolak oleh sistem alasannya,Negatif,1
Thu Jun 04 04:00:06 +0000 2026,sistem yang tidak terintegrasi membuat rs rentan dari dua sisi sanksi kemenkes dan inefisiensi operasional menyelesaikan keduanya dalam onboarding 4 minggu,upmedik,2026-06-04 04:00:06+00:00,2026-06,sistem tidak terintegrasi membuat rumah sakit rentan dua sisi sanksi kemenkes inefisiensi operasional menyelesaikan keduanya dalam onboarding minggu,Negatif,5
Tue Jun 02 09:03:51 +0000 2026,mbg multiplier ekonomi nya dirasakan oleh rakyat bawah bpjs itu dana yg disetor dibelikan kembali ke saham blue chip oleh bpjs 18 emiten blue chip dengan kepemilikan 1 yeild 4 5 setahun loe kalikan aja jalan tol banyak perusahaan kontraktor bumn bangkrut,ArmaZulfikar,2026-06-02 09:03:51+00:00,2026-06,multiplier ekonomi dirasakan oleh rakyat bawah dana disetor dibelikan kembali saham blue chip oleh emiten blue chip dengan kepemilikan yeild setahun loe kalikan saja jalan tol banyak perusahaan kontraktor bumn bangkrut,Negatif,2
Thu Jun 04 13:52:27 +0000 2026,hitungnya kan bukan dari harga donk coba lebih objektif dengan pbv saat covid dan saat ini bmri saat covid 0 8 0 9x saat ini 1 5x bbri covid 1 7 1 9x saat ini 1 4 1 6x bbca covid 3 0 3 5x saat ini 4 0 4 5x jadi yg lebih realistis malah bbri,gunawandvd,2026-06-04 13:52:27+00:00,2026-06,hitungnya bukan harga donk coba lebih objektif dengan pbv saat covid saat bmri saat covid x saat x bbri covid x saat x bbca covid x saat x jadi lebih realistis malah bbri,Negatif,7
Fri May 24 04:48:57 +0000 2024,bpjs tuh gak jelas anjing daftar gajelas ubah data gajelas najissss,sagitariufs,2024-05-24 04:48:57+00:00,2024-05,tidak jelas anjing daftar gajelas ubah data gajelas najis,Negatif,7
Tue Dec 10 14:46:36 +0000 2024,apa yang sat set gak bikin ribet aplikasi mobile jkn lah mau ambil antrean online tinggal sat set mau cek status kepesertaan jkn tinggal sat set mau ubah data tinggal sat set serba sat set lah pokoknya,BPJSKesehatanRI,2024-12-10 14:46:36+00:00,2024-12,apa sat set tidak membuat ribet aplikasi mobile jkn lah mau ambil antrean online tinggal sat set mau cek status kepesertaan jkn tinggal sat set mau ubah data tinggal sat set serba sat set lah pokoknya,Negatif,4
Wed Oct 02 16:11:30 +0000 2024,kalau kita mau ubah bpjs jd mandiri stlh resign kerja tagihannya akan langsung di potong pada saat pengubahan data atau akan masuk tagihan di bulan berikutnya setelah aktif ya,allezvous_,2024-10-02 16:11:30+00:00,2024-10,kalau kita mau ubah jadi mandiri stlh resign kerja tagihannya akan langsung potong pada saat pengubahan data atau akan masuk tagihan bulan berikutnya setelah aktif,Negatif,3
Sun Mar 29 07:27:04 +0000 2026,hal hal ini normal di tempat kerja atau nggak ya mulai dari izin sakit dipersulit gaji dipotong karena target disuruh standby di luar jam kerja sampai bpjs belum didaftarkan ternyata semua itu ada aturannya cek videonya sampai habis ya rekanaker,KemnakerRI,2026-03-29 07:27:04+00:00,2026-03,hal hal normal tempat kerja atau tidak mulai izin sakit dipersulit gaji dipotong karena target disuruh standby luar jam kerja sampai belum didaftarkan ternyata semua ada aturannya cek videonya sampai habis rekanaker,Negatif,4
Wed Feb 18 09:35:30 +0000 2026,gaes mau nanya januari lalu gw kan masuk rs hb darah rendah sampe 8 kudu transfusi darah bbrp hari ini ngerasa lemes badan kadang sampe susah bangun dan curiga hb turun lg kalo gw pake bpjs konsul ke dokter aja minta cek darah dan ternyata harus transfusi darah tapi gw minta tanpa rawat inap apakah bisa,BanyuSadewa,2026-02-18 09:35:30+00:00,2026-02,gaes mau nanya januari lalu saya masuk rumah sakit hb darah rendah sampe kudu transfusi darah bbrp hari ngerasa lemes badan kadang sampe susah bangun curiga hb turun lagi kalau saya pakai konsul dokter saja minta cek darah ternyata harus transfusi darah tapi saya minta tanpa rawat inap apakah bisa,Negatif,5
Fri Jan 09 14:59:22 +0000 2026,demi allah sakit bgt impaksi tu yaa tiap mom gbs tdr aku msh nunggu 2mgg lg ketemu dokter krn pake bpjs pengeen bgt mandiri ada sih uangnya tp bs ga makan sebulan klian impaksi mandiri hbs brp jogja atau bpjs yg ga antri panjang bgt gini di rs mana yaah ya allah,jogja_base,2026-01-09 14:59:22+00:00,2026-01,demi allah sakit banget impaksi tu yaa tiap mom gbs tdr aku msh nunggu mgg lagi ketemu dokter karena pakai pengeen banget mandiri ada uangnya tapi bisa tidak makan sebulan klian impaksi mandiri hbs berapa jogja atau tidak antri panjang banget gini rumah sakit mana yaah allah,Negatif,2
Tue Mar 10 21:30:43 +0000 2026,euy teman teman mau nanya kalian pernah ada kasus ga pas mau bayar bpjs gabisa tp status masih aktif apa itu dibayarin dari pusat apa gmna soalnya februari kmarin mau bayar gabisa tp sampai skarang gaada notif tagihan,BaseBDG,2026-03-10 21:30:43+00:00,2026-03,euy teman teman mau nanya kalian pernah ada kasus tidak pas mau bayar gabisa tapi status masih aktif apa dibayarin pusat apa gmna soalnya februari kmarin mau bayar gabisa tapi sampai skarang gaada notif tagihan,Negatif,4
Wed Apr 15 14:32:17 +0000 2026,min status sudah menikah sudah ada istri amp anak 1 tapi anak istri dpt bpjs pbi sdangkan di aplikasi mobile jkn si suami ini sendiri dan status non aktif kalau mau daftar bpjs mandiri apakah anak istri jadi ikut bayar juga,rend123_,2026-04-15 14:32:17+00:00,2026-04,status sudah menikah sudah ada istri  anak tapi anak istri dapat pbi sdangkan aplikasi mobile jkn si suami sendiri status non aktif kalau mau daftar mandiri apakah anak istri jadi ikut bayar juga,Negatif,2
Thu Oct 09 02:43:42 +0000 2025,halo min mau tanya ini saya login ke aplikasi jmo udh 3x salah sandi itu bisa login lg atau harus gimana ya karna ada notif harus ke cabang bpjs terdekat,n3v3rdoes3xist,2025-10-09 02:43:42+00:00,2025-10,mau tanya saya login aplikasi jmo sudah x salah sandi bisa login lagi atau harus gimana karna ada notif harus cabang terdekat,Negatif,7
Tue Mar 10 10:29:11 +0000 2026,mobile jkn kenapa gak bisa login ya terus lagi kok bpjs gak kebayar 4 padahal anggota 4 tapi yang kebayar 3 doang,mooncrushnoise,2026-03-10 10:29:11+00:00,2026-03,mobile jkn kenapa tidak bisa login terus lagi tidak kebayar padahal anggota tapi kebayar doang,Negatif,3
Fri Jun 05 17:44:44 +0000 2026,bapake persisss bgt begini mana no hp nya banyak frustasi bgt klo blio udh lupa password,tyunnienyangz,2026-06-05 17:44:44+00:00,2026-06,bapake persis banget begini mana no hp banyak frustasi banget kalau blio sudah lupa password,Negatif,2
Thu Jan 29 13:11:54 +0000 2026,fr sampe akun bpjs lupa password nanya aku,carameliezeee,2026-01-29 13:11:54+00:00,2026-01,fr sampe akun lupa password nanya aku,Negatif,4
Sat Jun 06 00:39:05 +0000 2026,kangen bgt sorry bgt gw meminta maaf tp gw kangen the way we used to talk aduh i dont even care about the feelings i just really miss that momenttttt,ursadqueen,2026-06-06 00:39:05+00:00,2026-06,kangen banget sorry banget saya meminta maaf tapi saya kangen the way we used to talk aduh i dont even care about the feelings i just really miss that moment,Negatif,7
Tue Jan 21 12:27:48 +0000 2025,halo kak saya lupa password jkn saya dan nomor yg didaftarkan beserta nomor emailnya yg mendaftarkan jg lupa bagaimana solusinya apakah hatus ke kantor bpjs langsung,Taman__Hidup,2025-01-21 12:27:48+00:00,2025-01,saya lupa password jkn saya nomor didaftarkan beserta nomor emailnya mendaftarkan juga lupa bagaimana solusinya apakah hatus kantor langsung,Negatif,4
Fri Jun 05 10:46:47 +0000 2026,bunda ku ganti hp ganti semua akun bjir gara lupa password terus,inyouraya,2026-06-05 10:46:47+00:00,2026-06,bunda ku ganti hp ganti semua akun bjir gara lupa password terus,Negatif,4
Sat Apr 19 18:09:36 +0000 2025,aku mau login jkn susah kali njing itu otp ga kekirim2 via sms mau ngecek bpjs udh aktif apa blm padahal,hompimpaaakkk,2025-04-19 18:09:36+00:00,2025-04,aku mau login jkn susah kali njing otp tidak kekirim via sms mau ngecek sudah aktif apa belum padahal,Negatif,4
Mon Jun 01 08:54:41 +0000 2026,harusnya bpjs cover life after breakup sama hts,biscutemarry,2026-06-01 08:54:41+00:00,2026-06,harusnya cover life after breakup sama hts,Negatif,2
Thu Oct 03 08:52:49 +0000 2024,cosplei menjadi dpjp dan petugas bpjs 24 7 td pagi baru sj sy downloadkan dan ambil nomor antrian mobile jkn bpjs fyi otp sign up nya mobile jkn lama amat kek seabad nunggunya,soylattays,2024-10-03 08:52:49+00:00,2024-10,cosplei menjadi dpjp petugas td pagi baru sj sy downloadkan ambil nomor antrian mobile jkn fyi otp sign up mobile jkn lama amat seperti seabad nunggunya,Negatif,5
Mon Jan 06 07:10:52 +0000 2025,br san liat vid raditya dika yg pengenalan apk jkn yg bpjs br daftar tp otp ga masuk2 ke sms wkwk emg udah feeling diawal apapun yg dibikin pemerintah gapernah beres,icarusfalls76,2025-01-06 07:10:52+00:00,2025-01,baru san liat vid raditya dika pengenalan apk jkn baru daftar tapi otp tidak masuk sms tertawa emg sudah feeling diawal apapun dibikin pemerintah gapernah beres,Negatif,4
Sun May 03 06:02:22 +0000 2026,agak sus tanya aja itu program apa kalau bukan pekerja formal kok bisa dapet jamsostek atau cek di apk jmo atau bpjs ketenagakerjaan nama ibumu bener2 kedaftar gak terus kemarin pas didaftarin disuruh bawa hp gak kalau iya cek aja di hp ibumu apa ada otp mencurigakan,andi_997,2026-05-03 06:02:22+00:00,2026-05,agak sus tanya saja program apa kalau bukan pekerja formal bisa dapet jamsostek atau cek apk jmo atau ketenagakerjaan nama ibumu bener kedaftar tidak terus kemarin pas didaftarin disuruh bawa hp tidak kalau iya cek saja hp ibumu apa ada otp mencurigakan,Negatif,4
Thu Jun 04 06:46:11 +0000 2026,mcm mana nak reset password jpj ebid ni barua oi,itshareez,2026-06-04 06:46:11+00:00,2026-06,mcm mana nak reset password jpj ebid ni barua oi,Negatif,7
Sat Jun 06 00:55:20 +0000 2026,pls tolong bantu repost biar orang orang tau kalian jangan sampe instal dan hati hati sama aplikasi gcamera ini saldo aku terkuras habis sama aplikasi bodong aku sama sekali ngga ngelakuin pembayaran langganan tiba tiba pagi ini aku baru nyadar kalo saldo aku habis,00_jesslyn,2026-06-06 00:55:20+00:00,2026-06,pls tolong bantu repost biar orang orang tahu kalian jangan sampe instal hati hati sama aplikasi gcamera saldo aku terkuras habis sama aplikasi bodong aku sama sekali ngga ngelakuin pembayaran langganan tiba tiba pagi aku baru nyadar kalau saldo aku habis,Negatif,5
Tue Jun 02 07:40:20 +0000 2026,min ini kenapa yaa aplikasi jmo lemot parah mau nyairin jht update pengkinian data aja ngulang terus gak bisa verifikasi biometrik padahal muka saya tdk ada yg berubah mau ngajuin appointment online jg gk bisa kolom kode pos gk bisa di klik tlg jgn di persulit,Fadiieyla,2026-06-02 07:40:20+00:00,2026-06,kenapa yaa aplikasi jmo lemot parah mau nyairin jht update pengkinian data saja ngulang terus tidak bisa verifikasi biometrik padahal muka saya tidak ada berubah mau ngajuin appointment online juga tidak bisa kolom kode pos tidak bisa klik tlg jangan persulit,Negatif,3
Tue Jun 02 09:10:00 +0000 2026,mungkin di perspektif pasien rsnya yg mempersulit padahal aturan bpjsnya yg emang begitu untuk bisa masuk igd dan rawat inap kriteria gawat daruratnya hrs terpenuhi jeleknya bpjs mereka yg punya aturan tapi ga mau edukasi ke px jadi pada akhirnya rs dibenturkan sama pasien,moovelcius,2026-06-02 09:10:00+00:00,2026-06,mungkin perspektif pasien rsnya mempersulit padahal aturan bpjsnya emang begitu untuk bisa masuk igd rawat inap kriteria gawat daruratnya harus terpenuhi jeleknya mereka punya aturan tapi tidak mau edukasi px jadi pada akhirnya rumah sakit dibenturkan sama pasien,Negatif,5
Sun May 31 07:55:41 +0000 2026,pdhl tinggal search keyword obat or berobat jg muncul klo belio udh berobat rutin pake bpjs kis dr 2thn lalu,protprotttt,2026-05-31 07:55:41+00:00,2026-05,padahal tinggal search keyword obat or berobat juga muncul kalau belio sudah berobat rutin pakai kis tahun lalu,Negatif,5
Tue Jan 27 08:47:46 +0000 2026,pemerintah tu bisa ga si bikin aplikasi yg proper mulai dari coretax mobile jkn yg buat bpjs oss ga ada yang bener pemerintah kan dah ngewajibin pajak tiap tahun dibayar sm masyarakat tp knp pelayanan apk masi lemot gini duitnya jan dikorupsi pake tuh bwt bayar org it,skybornsaily,2026-01-27 08:47:46+00:00,2026-01,pemerintah tu bisa tidak si membuat aplikasi proper mulai coretax mobile jkn buat oss tidak ada bener pemerintah sudah ngewajibin pajak tiap tahun dibayar sama masyarakat tapi kenapa pelayanan apk masi lemot gini duitnya jan dikorupsi pakai bwt bayar orang it,Negatif,7
Sat Jun 01 07:55:35 +0000 2024,ojol status mitra bukan karyawan perusahaan kendaraan punya pribadi maintenance kendaraan juga pribadi pendapatan belum tentu di atas umr gak ada jaminan kesehatan gak ada bpjs ketenagakerjaan pemerintah sasaran empuk ini buat dipotong penghasilannya,ardisatriawan,2024-06-01 07:55:35+00:00,2024-06,ojol status mitra bukan karyawan perusahaan kendaraan punya pribadi maintenance kendaraan juga pribadi pendapatan belum tentu atas umr tidak ada jaminan tidak ada ketenagakerjaan pemerintah sasaran empuk buat dipotong penghasilannya,Negatif,2
Fri Jul 19 12:49:11 +0000 2024,aku berharapnya sih adil antara pasien bpjs sama mandiri tapi kalopun mandiri punya antrean khusus aku juga paham maintenance alat2 medis juga mahal dan kalo rs nombokin terus buat dana bpjs yang terlambat turun satu rs bisa gak operasional yang kena pasien lain juga,NoSocialBatt,2024-07-19 12:49:11+00:00,2024-07,aku berharapnya adil antara pasien sama mandiri tapi kalopun mandiri punya antrean khusus aku juga paham maintenance alat medis juga mahal kalau rumah sakit nombokin terus buat dana terlambat turun satu rumah sakit bisa tidak operasional kena pasien lain juga,Negatif,5
Fri May 01 01:16:07 +0000 2026,tanyarl plsss helpp guysss enlighten me emang sistemnya gini kah gak bisa klaim bpjs dan pakai rujukan antarpoli kalau gak alih rawat dan masih kontrol di poli yg satu ini udah h 3 soalnyaa dan puskesmas juga libur,tanyarlfes,2026-05-01 01:16:07+00:00,2026-05,tanyarl pls helpp guys enlighten me emang sistemnya gini kah tidak bisa klaim pakai rujukan antarpoli kalau tidak alih rawat masih kontrol poli satu sudah h soalnyaa puskesmas juga libur,Negatif,5
Thu Jun 04 04:49:28 +0000 2026,siapa yg suka dijutekin sama dokter gua mls bgt kl pke bpjs slalu dijudesin gua nanya ini gigi gua knp giginya adaapa dia cuma jawab mau obat apa rujukan dah gd dijelasin apa shibal pas nyokap w di cek sama dia jg trnyta dia mlh jlkin dokter lain,eafves,2026-06-04 04:49:28+00:00,2026-06,siapa suka dijutekin sama dokter saya mls banget kalau pke slalu dijudesin saya nanya gigi saya kenapa giginya adaapa dia cuma jawab mau obat apa rujukan sudah gd dijelasin apa shibal pas nyokap w cek sama dia juga ternyata dia mlh jlkin dokter lain,Negatif,1
Thu Jun 04 19:11:42 +0000 2026,emang bpjs bisa mengetahui takdir bagaimana jika pasien sakit jatung tsb tsb meninggal krn dokter tdk bisa lakukan pemasangan ring disebabkan adanya aturan dr,PutraAn26054635,2026-06-04 19:11:42+00:00,2026-06,emang bisa mengetahui takdir bagaimana jika pasien sakit jatung tsb tsb meninggal karena dokter tidak bisa lakukan pemasangan ring disebabkan adanya aturan,Negatif,5
Fri Jun 05 13:28:15 +0000 2026,karna bpjs cuma ngasih misal 20 juta sedangkan biaya rawat lu 40 juta trus 20 juta siapa yg bayar,Koovelly,2026-06-05 13:28:15+00:00,2026-06,karna cuma kasih misal juta sedangkan biaya rawat kamu juta trus juta siapa bayar,Negatif,5
Sat Jun 06 00:21:44 +0000 2026,ternyata dpr ri yg anggotanya mayoritas berasal dari pdip itu ketuanya goblog sudah goblog mengganjal pengesahan ruu perampasan aset pula uu tsb sangat dibutuhkan presiden bersama rakyat utk membasmi koruptor,awikuchuz,2026-06-06 00:21:44+00:00,2026-06,ternyata dpr ri anggotanya mayoritas berasal pdip ketuanya goblog sudah goblog mengganjal pengesahan ruu perampasan aset pula uu tsb sangat dibutuhkan presiden bersama rakyat untuk membasmi koruptor,Negatif,2
Sat Jun 06 00:27:56 +0000 2026,pada ayat 2 dijelaskan bahwa kesehatan janin dgn cacat bawaan adalah indikasi dgn persyaratan yaitu cacat bawaannya tidak dpt diperbaiki sehingga tdk memungkinkan hidup di luar kandungan down syndrome trisomy 21 tdk dpt diperbaiki tp mgkn bs hidup di luar kandungan,DombaHitamManis,2026-06-06 00:27:56+00:00,2026-06,pada ayat dijelaskan bahwa janin dengan cacat bawaan adalah indikasi dengan persyaratan yaitu cacat bawaannya tidak dapat diperbaiki sehingga tidak memungkinkan hidup luar kandungan down syndrome trisomy tidak dapat diperbaiki tapi mgkn bisa hidup luar kandungan,Negatif,4
Sat Feb 08 04:47:20 +0000 2025,pasien dateng ujuk minta rujukan untuk follow up mcu haji anamnesis pf pp normal semua udah dijelasin kalo mcu ga ditanggung bpjs teriak marah sampe bilang kalo dia gagal haji gara gara ini bilang kalo gaji nakes dibayar dari bpjs semua,cashtonluvluv,2025-02-08 04:47:20+00:00,2025-02,pasien dateng ujuk minta rujukan untuk follow up mcu haji anamnesis pf pp normal semua sudah dijelasin kalau mcu tidak ditanggung teriak marah sampe bilang kalau dia gagal haji gara gara bilang kalau gaji nakes dibayar semua,Negatif,2
Tue Jun 02 19:09:25 +0000 2026,bpjs 10 th lalu ibu sakit yg mana tiap ke rs pasti habis minimal 500k 1 jt an kalo sama obat sebulan ga cuma sekali akhirnya di daftarkn bpjs cukup bayar 100k bln belum lagi pernah operasi dan masih kontrol sampe sekarang kalo ga ada bpjs sudah seharga rumah biayanya,natasellbuy,2026-06-02 19:09:25+00:00,2026-06,tahun lalu ibu sakit mana tiap rumah sakit pasti habis minimal k juta an kalau sama obat sebulan tidak cuma sekali akhirnya daftarkn cukup bayar k bln belum lagi pernah operasi masih kontrol sampe sekarang kalau tidak ada sudah seharga rumah biayanya,Negatif,5
Fri Nov 14 08:20:41 +0000 2025,selain surat rujukan berjenjang ini ketololan lain masa surat surat rujukan 6 bln jadi 3 bln kontrol beda dokter harus bikin surat rujukan baru padahal bisa konsulan dari dpjp semua itu bikin pengeluaran biaya bpjs membengkak,PerryGerr,2025-11-14 08:20:41+00:00,2025-11,selain surat rujukan berjenjang ketololan lain masa surat surat rujukan bln jadi bln kontrol beda dokter harus membuat surat rujukan baru padahal bisa konsulan dpjp semua membuat pengeluaran biaya membengkak,Negatif,5
Thu Jan 11 01:18:47 +0000 2024,kenapa tidak ada pemberitahuan klo yg terdaftar bpjs dr pemkot suruh verifikasi ulang ke faskes pdhl udh ninggalin cp pagi udh ke rs mau kontrol malah ditolak krna pake bpjs kuota pemkot suruh pulang ngurus dlu ke faskes blum nanti nunggunya brpa lama hmmm,mengenalaku,2024-01-11 01:18:47+00:00,2024-01,kenapa tidak ada pemberitahuan kalau terdaftar pemkot suruh verifikasi ulang faskes padahal sudah ninggalin cp pagi sudah rumah sakit mau kontrol malah ditolak krna pakai kuota pemkot suruh pulang ngurus dulu faskes blum nanti nunggunya brpa lama hm,Negatif,5
Fri Jul 12 04:30:14 +0000 2024,mau tanya sy habis berobat ke faskes 2 poli obgyn dgn rujukan dr faskes 1 lalu disuruh kontrol ulang 1 minggu lagi dan dikasih surat kontrol apa bs ttp pakai bpjs ya utk kontrol krn petugasnya blg ga bisa harus umum krn klo ke obgyn terbatas 1x kunjungan bln,santipra_,2024-07-12 04:30:14+00:00,2024-07,mau tanya sy habis berobat faskes poli obgyn dengan rujukan faskes lalu disuruh kontrol ulang minggu lagi dikasih surat kontrol apa bisa ttp pakai untuk kontrol karena petugasnya blg tidak bisa harus umum karena kalau obgyn terbatas x kunjungan bln,Negatif,5
Tue Jun 03 16:24:33 +0000 2025,seminggu lagi pas kontrol pas dicek ada kenapa2nya apakah harus dioperasi ulang dan karna ini kesalahan sendiri apakah bpjs bs menanggungnya,rosalinamumtas,2025-06-03 16:24:33+00:00,2025-06,seminggu lagi pas kontrol pas dicek ada kenapanya apakah harus dioperasi ulang karna kesalahan sendiri apakah bisa menanggungnya,Negatif,2
Thu Jun 04 00:17:00 +0000 2026,bpjs tega bgtt ngurangin tanggungan org yg sekarat org yg harusnya cuci darah 3x seminggu malah dikurangin jadi 2x aja klo mau normal 3x harus bayar yg 1x nya sekitar 1 5 jt kurang lebih,IDamayantii,2026-06-04 00:17:00+00:00,2026-06,tega bgtt ngurangin tanggungan orang sekarat orang harusnya cuci darah x seminggu malah dikurangin jadi x saja kalau mau normal x harus bayar x sekitar juta kurang lebih,Negatif,5
Sun Mar 22 03:49:19 +0000 2026,bayangkan lu bayar iuran bpjs kesehatan selama 10 thn gak pernah sakit sama sekali lalu lu mati tanpa lu pernah sekalipun pakai bpjs kesehatan uang yg udah lu bayar ke bpjs kesehatan hangus apakah adil sistem kaya gini bahkan di bpjs kesehatanpun gw gak melihat ada keadilan,FafaganFatagan,2026-03-22 03:49:19+00:00,2026-03,bayangkan kamu bayar iuran selama tahun tidak pernah sakit sama sekali lalu kamu mati tanpa kamu pernah sekalipun pakai uang sudah kamu bayar hangus apakah adil sistem kaya gini bahkan kesehatanpun saya tidak melihat ada keadilan,Negatif,5
Fri Mar 27 12:02:12 +0000 2026,gua suka sebel sama bpjs bayar iuran rajin tapi ga selamanya pasti bisa dipake pas butuh,bigcatfox,2026-03-27 12:02:12+00:00,2026-03,saya suka sebel sama bayar iuran rajin tapi tidak selamanya pasti bisa dipake pas butuh,Negatif,1
Fri Jun 05 12:11:32 +0000 2026,aduin noh pegawai bpjs tp dpt benefit asuransi swasta siapa yg bayar ya kita kita yg iuran bpjs aduin noh gaji pegawai bpjs yg gajinya ngalah ngalahin kita yg bayar iuran bpjs belom lagi jor jorannya mereka kalau rapat atau kegiatan di hotel bintang sekian,contact030vvv,2026-06-05 12:11:32+00:00,2026-06,aduin noh pegawai tapi dapat benefit asuransi swasta siapa bayar kita kita iuran aduin noh gaji pegawai gajinya ngalah ngalahin kita bayar iuran belom lagi jor jorannya mereka kalau rapat atau kegiatan hotel bintang sekian,Negatif,4
Fri Mar 27 00:49:48 +0000 2026,3 per hari dipotong dari tukin sedangkan rakyat jelata gajinya dipotong 4 buat bayar iuran bpjs,lewatt_doang,2026-03-27 00:49:48+00:00,2026-03,per hari dipotong tukin sedangkan rakyat jelata gajinya dipotong buat bayar iuran,Negatif,2
Mon Apr 27 04:43:40 +0000 2026,karena politisi negara ini memilih dan merancang sistem bpjs itu sendiri naikkan tarif supaya porsi iuran yg pemerintah bayar lebih banyak,thoriqmm,2026-04-27 04:43:40+00:00,2026-04,karena politisi negara memilih merancang sistem sendiri naikkan tarif supaya porsi iuran pemerintah bayar lebih banyak,Negatif,2
Sat Mar 28 02:22:17 +0000 2026,kenapa semua wni harus ikut bpjs dan harus bayar iuran kalo akhirnya tidak semua bisa menikmati layanannya in this economy helaaaw curcolan soal bpjs di bawah ini lumayan memicu pro kontra di reply yang gue keluhkan sistem tiap faskes berbeda ngga ada standar jelas saat sistem dipersulit yang dirugikan adalah pasien yang bayar iuran bpjs tiap bulan tapi ngga bisa pakai layanan bpjs akhirnya tetap harus bayar untuk berobat pakai uang pribadi atau ikut asuransi swasta berarti bayar bpjs itu pengeluaran extra dong sistem subsidi silang gue yang bukan crazy rich ini harus mensubsidi orang lain yang mungkin lebih tajir dari gue gile lu ndro in this economy,SiPalingDepok,2026-03-28 02:22:17+00:00,2026-03,kenapa semua wni harus ikut harus bayar iuran kalau akhirnya tidak semua bisa menikmati layanannya in this economy helaw curcolan soal bawah lumayan memicu pro kontra reply saya keluhkan sistem tiap faskes berbeda ngga ada standar jelas saat sistem dipersulit dirugikan adalah pasien bayar iuran tiap bulan tapi ngga bisa pakai layanan akhirnya tetap harus bayar untuk berobat pakai uang pribadi atau ikut asuransi swasta berarti bayar pengeluaran extra sistem subsidi silang saya bukan crazy rich harus mensubsidi orang lain mungkin lebih tajir saya gile kamu ndro in this economy,Negatif,2
Fri Feb 27 02:30:15 +0000 2026,hack iuran bpjs yang lo bayar iuran yang dibayar karyawan bisa jadi pengurang jaminan hari tua jht jaminan pensiun jp cek slip gaji pastikan ini udah diperhitungkan yang dibayar perusahaan bukan urusan lo yang lo bayar harus masuk pengurang,hanifproduktif,2026-02-27 02:30:15+00:00,2026-02,hack iuran kamu bayar iuran dibayar karyawan bisa jadi pengurang jaminan hari tua jht jaminan pensiun jp cek slip gaji pastikan sudah diperhitungkan dibayar perusahaan bukan urusan kamu kamu bayar harus masuk pengurang,Negatif,2
Sat Jun 06 00:58:56 +0000 2026,beras 10rb gaji umr masih segitu aja gimana rakyat kecil mau makan,buzuzima0,2026-06-06 00:58:56+00:00,2026-06,beras ribu gaji umr masih segitu saja gimana rakyat kecil mau makan,Negatif,2
Mon Jun 01 10:42:52 +0000 2026,bayar iuran bpjs,delavizu,2026-06-01 10:42:52+00:00,2026-06,bayar iuran,Negatif,1
Wed Feb 25 12:19:48 +0000 2026,kalau bicara paling gampang dinaikkan ya bpjs tinggal ubah iuran kirim notifikasi selesai rokok beda cerita cukai dinaikkan yang muncul rokok ilegal bayar cukai 12 batang jual 18 batang negara bocor yang patuh makin tertekan yang main belakang makin subur masalahnya ada di daya beli pengawasan dan mentalitas pasar kalau pengawasan lemah cukai setinggi apa pun cuma jadi angka di kertas,eskepalmilosatu,2026-02-25 12:19:48+00:00,2026-02,kalau bicara paling gampang dinaikkan tinggal ubah iuran kirim notifikasi selesai rokok beda cerita cukai dinaikkan muncul rokok ilegal bayar cukai batang jual batang negara bocor patuh makin tertekan main belakang makin subur masalahnya ada daya beli pengawasan mentalitas pasar kalau pengawasan lemah cukai setinggi apa pun cuma jadi angka kertas,Negatif,6
Sat Apr 25 13:08:03 +0000 2026,rafi ahmad jadi duta bpjs kesehatan dianya kalau sakit terbang pake jet pribadi ke singapore yang bayar iuran nunggu berjam2 disewotin belum lagi yang kena penonaktifan pbi,txtharihariWNI,2026-04-25 13:08:03+00:00,2026-04,rafi ahmad jadi duta dianya kalau sakit terbang pakai jet pribadi singapore bayar iuran nunggu berjam disewotin belum lagi kena penonaktifan pbi,Negatif,2
Sun May 31 10:42:57 +0000 2026,kak maaf jbjb tanyaa aku keknya ada indikasi syaraf kejepit karena di panggul kanan sakit dalam keadaan tertentu terutama mau tidur kek ga nyaman sakit bisa gasih periksa ke dokter minta rujukan ke dr spesialis pake bpjs,ttphahahihi,2026-05-31 10:42:57+00:00,2026-05,maaf jbjb tanyaa aku keknya ada indikasi syaraf kejepit karena panggul kanan sakit dalam keadaan tertentu terutama mau tidur seperti tidak nyaman sakit bisa gasih periksa dokter minta rujukan spesialis pakai,Negatif,5
Wed Jun 03 23:57:41 +0000 2026,plis ini tes kesehatan unsoed wajib pake bpjs sedangkat aku baru bikin kemaren dan status nya masih belum aktif ini gmn help,aicethaitea,2026-06-03 23:57:41+00:00,2026-06,plis tes unsoed wajib pakai sedangkat aku baru membuat kemaren status masih belum aktif bagaimana help,Negatif,5
Thu Jun 04 23:39:23 +0000 2026,perpqnjang skck bayar bpjs kesehatan tu capek banget loh kalo masih jobless asli dah,lagibucinvoc,2026-06-04 23:39:23+00:00,2026-06,perpqnjang skck bayar tu capek banget loh kalau masih jobless asli sudah,Negatif,4
Fri Jun 05 00:08:00 +0000 2026,bpjs kesehatan makin defisit,ahmadrizki666,2026-06-05 00:08:00+00:00,2026-06,makin defisit,Negatif,5
Fri Jun 05 23:16:26 +0000 2026,efek yang dirasakan antara lain sakit kepala dan sensasi fly bahkan salah satu rekannya dilaporkan sempat mengalami lumpuh sementara edukasi tentang bahaya penyalahgunaan zat berisiko perlu terus diperkuat untuk melindungi generasi muda,Indonesia_Truth,2026-06-05 23:16:26+00:00,2026-06,efek dirasakan antara lain sakit kepala sensasi fly bahkan salah satu rekannya dilaporkan sempat mengalami lumpuh sementara edukasi tentang bahaya penyalahgunaan zat berisiko perlu terus diperkuat untuk melindungi generasi muda,Negatif,7
Sun May 03 09:50:36 +0000 2026,selama menteri kesehatan masih menetapkan klinik dibayar rendah oleh bpjs kesejatan hanya dibayar rp12 000 peserta bulan untuk pelayanan dokter umum dokter gigi selama itu pula dokter di klinik dibayar rendah jakarta rp2 000 pasien bpjs 17 menit sudah ada dr yg sepakat,drnewstwit,2026-05-03 09:50:36+00:00,2026-05,selama menteri masih menetapkan klinik dibayar rendah oleh kesejatan hanya dibayar rupiah peserta bulan untuk pelayanan dokter umum dokter gigi selama pula dokter klinik dibayar rendah jakarta rupiah pasien menit sudah ada sepakat,Negatif,2
Thu Jun 04 03:14:19 +0000 2026,kerja di pelayanan 1 tahun terakhir kebijakan di dunia kesehatan bisa dibilang update terus setiap bulan kadang kurang setuju sama kebijakan bpjs karena beberapa persyaratan menyusasahkan masyarakat,akurantyy,2026-06-04 03:14:19+00:00,2026-06,kerja pelayanan tahun terakhir kebijakan dunia bisa dibilang update terus setiap bulan kadang kurang setuju sama kebijakan karena beberapa persyaratan menyusasahkan masyarakat,Negatif,4
Mon May 11 03:04:12 +0000 2026,kenapa ya kantor pelayanan seperti bagian sim skck dukcapil pajak bpjs samsat dll cuma buka di pagi sampe siang doang dikira paginya rakyat nganggur semua apa gimana ya cc threadm rizzapratama,KapudS640,2026-05-11 03:04:12+00:00,2026-05,kenapa kantor pelayanan seperti bagian sim skck dukcapil pajak samsat dll cuma buka pagi sampe siang doang dikira paginya rakyat nganggur semua apa gimana cc threadm rizzapratama,Negatif,4
Thu Jun 04 01:09:38 +0000 2026,cuma diindo yg ada gelar haji2an gak cewek gak cowok dan itu udh dianggap jd status sosial yang tinggi tp masih pakai bpjs kelas 3 dan ngarep bantuan pemerintah maaf ini sedikit pengalaman,Noudoloupe,2026-06-04 01:09:38+00:00,2026-06,cuma diindo ada gelar hajian tidak cewek tidak cowok sudah dianggap jadi status sosial tinggi tapi masih pakai kelas ngarep bantuan pemerintah maaf sedikit pengalaman,Negatif,3
Fri Jun 05 04:41:41 +0000 2026,kalau gini mah jelasin aja bisa ditangin tapi bpjs ndak cover pengalaman pada mau kok tetap diberi perawatan rawat jalan dengan biaya pribadi,stardustc40,2026-06-05 04:41:41+00:00,2026-06,kalau gini mah jelasin saja bisa ditangin tapi ndak cover pengalaman pada mau tetap diberi perawatan rawat jalan dengan biaya pribadi,Negatif,2
Fri Jun 05 23:28:13 +0000 2026,sekarang harga obat mulai naik harga bmhp juga daripada ngluarin biaya umum yang ikutan naik pasien mending ngandelin bpjs tapi kalo penggantian klaim enggak naik ya rs jadi sapi perah situasinya rs serba terhimpit depan belakang kanan kiri kena semua,TabatiereMaddok,2026-06-05 23:28:13+00:00,2026-06,sekarang harga obat mulai naik harga bmhp juga daripada ngluarin biaya umum ikutan naik pasien mending ngandelin tapi kalau penggantian klaim enggak naik rumah sakit jadi sapi perah situasinya rumah sakit serba terhimpit depan belakang kanan kiri kena semua,Negatif,5
Thu Jun 04 07:33:16 +0000 2026,minimal pengalaman 2 tahun gaji umr kurang gk dapet bpjs apapun,joutnal,2026-06-04 07:33:16+00:00,2026-06,minimal pengalaman tahun gaji umr kurang tidak dapet apapun,Negatif,2
Thu Mar 05 08:59:23 +0000 2026,pengalaman saya sebagai penyintas gigi bungsu yang diambil 5 gigi sekaligus termasuk sisa akar gigi saya operasi pengambilan gigi itu pakai bpjs katanya kalau operasi normal 1 gigi biayanya 3 5 juta waktu itu saya dibius total jadi selama operasi saya gak merasakan apapun nah paska operasi inilah yg menyiksa selama 3 hari saya kesulitan menggerakkan rahang selama 7 hari hanya makan bubur susu dan jus tapi setelah itu gak ada keluhan gigi bungsu lagi,khanifirsyad,2026-03-05 08:59:23+00:00,2026-03,pengalaman saya sebagai penyintas gigi bungsu diambil gigi sekaligus termasuk sisa akar gigi saya operasi pengambilan gigi pakai katanya kalau operasi normal gigi biayanya juta waktu saya dibius total jadi selama operasi saya tidak merasakan apapun nah paska operasi inilah menyiksa selama hari saya kesulitan menggerakkan rahang selama hari hanya makan bubur susu jus tapi setelah tidak ada keluhan gigi bungsu lagi,Negatif,6
Fri Jun 05 04:20:50 +0000 2026,kira kira perawatan gigi bolong ini bisa ga yaa cover pakai bpjs arghhhh udah sakit bangett sampai sakit kepala,Khaizutoo,2026-06-05 04:20:50+00:00,2026-06,kira kira perawatan gigi bolong bisa tidak yaa cover pakai argh sudah sakit bangett sampai sakit kepala,Negatif,5
Fri Jun 05 05:30:08 +0000 2026,rupiah lemah gt harga bahan baku obat naik 90 bahan baku obat masih impor gt harga produksi naik gt harga obat naik gt beban biaya bpjs naik gt iuran naik orang desa berobat pake bpjs di faskes pertama tapi orang desa nggak pakai dolar jadi simpulkan sj sendiri,bilbibluu,2026-06-05 05:30:08+00:00,2026-06,rupiah lemah begitu harga bahan baku obat naik bahan baku obat masih impor begitu harga produksi naik begitu harga obat naik begitu beban biaya naik begitu iuran naik orang desa berobat pakai faskes pertama tapi orang desa tidak pakai dolar jadi simpulkan sj sendiri,Negatif,5
Fri Jun 05 04:15:30 +0000 2026,omakkkkkkk ngerii kaliii gpj ini yaaaaaudh ngancem pake bpjs kesehatann mamamm noh lu dijadiin kambing hitam ama pinjolllll,shawtylinzz,2026-06-05 04:15:30+00:00,2026-06,omak ngerii kali gpj yaudh ngancem pakai kesehatann mamamm noh kamu dijadiin kambing hitam ama pinjol,Negatif,1
Fri Jun 05 07:27:17 +0000 2026,tolong ya kalau ada orang menengah ke atas yg ngeluhin perekonomian sekarang itu jangan dihina kamu kira subsidi bpjs yg kamu pakai itu dari siapa subsidi bahan bakar motormu itu juga dari siapa sesama wni itu tolong empati ingat negeri ini dibangun dari pajak rakyatnya bukan dari kantong pribadi pemerintahnya cc threadhasjournal,KapudS640,2026-06-05 07:27:17+00:00,2026-06,tolong kalau ada orang menengah atas ngeluhin perekonomian sekarang jangan dihina kamu kira subsidi kamu pakai siapa subsidi bahan bakar motormu juga siapa sesama wni tolong empati ingat negeri dibangun pajak rakyatnya bukan kantong pribadi pemerintahnya cc threadhasjournal,Negatif,4
Fri Jun 05 14:31:22 +0000 2026,lha makanya karena uang rakyat ya harus balik ke rakyat kan medical check up gak dicover bpjs kecuali atas rekomendasi dokter kalau yg itu gak pakai bpjs lha kenapa sampeyan marah kalau rakyat dikasih medical check up gratis kenapa dari dulu gak ada program ini,ImaginarySteady,2026-06-05 14:31:22+00:00,2026-06,lha makanya karena uang rakyat harus balik rakyat medical check up tidak dicover kecuali atas rekomendasi dokter kalau tidak pakai lha kenapa sampeyan marah kalau rakyat dikasih medical check up gratis kenapa dulu tidak ada program,Negatif,2
Tue Jun 02 06:49:09 +0000 2026,aku ga ngertinya dia kan pake akses bpjs yang jelas jelas dipake untuk orang berobat dia kan otomatis bisa cek ibuku masuk ke golongan penyakit apa penyakit dalam atau penyakit luar dia asal pakai nomornya lalu spam chat ke ibuku yang pake wa pun cuma sekedar chat call anaknya ga ngerti caranya blokir buat status dia tau ga diblokir jadi enak spam gitu aja aku langsung urus wa ibuku karena kejadian ini kak,naladhipaa08,2026-06-02 06:49:09+00:00,2026-06,aku tidak ngertinya dia pakai akses jelas jelas dipake untuk orang berobat dia otomatis bisa cek ibuku masuk golongan penyakit apa penyakit dalam atau penyakit luar dia asal pakai nomornya lalu spam chat ibuku pakai wa pun cuma sekedar chat call anaknya tidak ngerti caranya blokir buat status dia tahu tidak diblokir jadi enak spam begitu saja aku langsung urus wa ibuku karena kejadian,Negatif,5
Fri Jun 05 23:28:13 +0000 2026,kenapa kok gw bilang gini dipikir pake akal sehat aja 90 pasien rs skrg tuh bpjs apalagi rsud kalo rasio klaim mines dan klaim surplus kok gedean yang mines mau subsidi silang gimana ngandelin 10 non bpjs juga susah sekarang asuransi non bpjs juga makin ketat,TabatiereMaddok,2026-06-05 23:28:13+00:00,2026-06,kenapa saya bilang gini dipikir pakai akal sehat saja pasien rumah sakit sekarang apalagi rsud kalau rasio klaim mines klaim surplus gedean mines mau subsidi silang gimana ngandelin non juga susah sekarang asuransi non juga makin ketat,Negatif,5
Fri Jun 05 23:27:57 +0000 2026,siapa yang menggaji mereka pertanyaan yg sering muncul apakah seluruh pekerja sppg digaji oleh negara jawabannya adalah ya secara tdk langsung seluruh biaya operasional sppg termasuk gaji tenaga dapur amp operasional bersumber dari anggaran program mbg yg berasal dari apbn,knownjohan,2026-06-05 23:27:57+00:00,2026-06,siapa menggaji mereka pertanyaan sering muncul apakah seluruh pekerja sppg digaji oleh negara jawabannya adalah secara tidak langsung seluruh biaya operasional sppg termasuk gaji tenaga dapur  operasional bersumber anggaran program berasal apbn,Negatif,5
Fri Jun 05 23:14:12 +0000 2026,padahal jelas jelas terkonfirmasi kepala bgn pilihan dia dan dia kasih penghargaan sekarang jadi pasien kpk kurang bukti apalagi 98 orde baru ditumbangkan juga salah satu pendorong nya masalah korupsi,sumadiseloguno,2026-06-05 23:14:12+00:00,2026-06,padahal jelas jelas terkonfirmasi kepala bgn pilihan dia dia kasih penghargaan sekarang jadi pasien kpk kurang bukti apalagi orde baru ditumbangkan juga salah satu pendorong masalah korupsi,Negatif,2
Fri Jun 05 11:05:05 +0000 2026,rawat inap izin meluruskan ya kak kalau rawat inap itu pasti diberikan tindakan obat tidak selalu dalam bentuk pil atau apapun yg ditelan bisa melalui infus salep atau lainnya dan itu sudah dilakukan tindakan banyak sekali pasien bpjs yg salah kaprah ttg obat ini,oohpin,2026-06-05 11:05:05+00:00,2026-06,rawat inap izin meluruskan kalau rawat inap pasti diberikan tindakan obat tidak selalu dalam bentuk pil atau apapun ditelan bisa melalui infus salep atau lainnya sudah dilakukan tindakan banyak sekali pasien salah kaprah ttg obat,Negatif,5
Sun Apr 12 12:37:23 +0000 2026,ness adakah yg pernah periksa gigi di puskesmas ini sender giginya berlubang nyut nyutan gusinya jg bengkak tapi ga berani ke dokter gigi dulu takut biayanya jgn sranin bpjs krn lg nunggak klo di puskesmas byr brp ya kira2,unicefess,2026-04-12 12:37:23+00:00,2026-04,ness adakah pernah periksa gigi puskesmas sender giginya berlubang nyut nyutan gusinya juga bengkak tapi tidak berani dokter gigi dulu takut biayanya jangan sranin karena lagi nunggak kalau puskesmas byr berapa kira,Negatif,1
Fri Jun 05 15:00:27 +0000 2026,ga bisa menyeluruh di puskesmas krn fasilitas terbatas dan ada yg tidak di cover bpjs,tb_siswadi,2026-06-05 15:00:27+00:00,2026-06,tidak bisa menyeluruh puskesmas karena fasilitas terbatas ada tidak cover,Negatif,5
Thu May 07 03:08:21 +0000 2026,pelayanan kesehatan di puskesmas yang banyak orang kira gratis ditanggung bpjs padahal berbayar surat keterangan sehat sks sks atas permintaan sendiri atau kebutuhan syarat untuk sekolah kerja sim nikah dll biasanya dikenakan tarif retribusi sunat sirkumsisi jika sunat dilakukan karena alasan agama adat maka tidak dapat ditanggung bpjs tes kesehatan tertentu misalnya tes narkoba tes buta warna atau pemeriksaan untuk syarat kerja sekolah pemeriksaan laboratorium non indikasi medis contoh cek kolesterol gula darah sekadar ingin tahu tanpa indikasi dokter tapi biasanya ini masuk dalam ckg sehingga bisa juga gratis tambal gigi estetik tertentu kalau sifatnya buat kosmetik maka bisa jadi berbayar namun jika ada indikasi medis dapat ditanggung bpjs scaling karang gigi ditanggung bpjs tapi umumnya terbatas berdasarkan indikasi medis dan periode tertentu kalau hanya ingin bersihin gigi rutin bisa dikenakan biaya kacamata atau alat kesehatan tertentu tidak langsung gratis dari puskesmas ada prosedur rujukan dan batas plafon bpjs rawat luka akibat tindakan estetika tindik tato komplikasi akibat tato tindik prosedur estetika tidak selalu otomatis ditanggung bpjs vaksin non program pemerintah misalnya vaksin untuk perjalanan luar negeri atau vaksin hpv untuk dewasa tapi ini juga belum ada sih di puskesmas fotokopi administrasi tambahan di beberapa daerah masih ada biaya administrasi kecil sesuai perda kecelakaan lalu lintas penjamin utamanya adalah jasa raharja bpjs bisa digunakan setelah skema penjamin utama selesai atau bila ada layanan tertentu yang tidak ditanggung penjamin kecelakaan jadi jangan ngamuk duluan kalau tiba tiba dikenakan pembayaran tapi balik lagi ke perda masing masing sih,NakesPuskesmas,2026-05-07 03:08:21+00:00,2026-05,pelayanan puskesmas banyak orang kira gratis ditanggung padahal berbayar surat keterangan sehat sks sks atas permintaan sendiri atau kebutuhan syarat untuk sekolah kerja sim nikah dll biasanya dikenakan tarif retribusi sunat sirkumsisi jika sunat dilakukan karena alasan agama adat maka tidak dapat ditanggung tes tertentu misalnya tes narkoba tes buta warna atau pemeriksaan untuk syarat kerja sekolah pemeriksaan laboratorium non indikasi medis contoh cek kolesterol gula darah sekadar ingin tahu tanpa indikasi dokter tapi biasanya masuk dalam ckg sehingga bisa juga gratis tambal gigi estetik tertentu kalau sifatnya buat kosmetik maka bisa jadi berbayar namun jika ada indikasi medis dapat ditanggung scaling karang gigi ditanggung tapi umumnya terbatas berdasarkan indikasi medis periode tertentu kalau hanya ingin bersihin gigi rutin bisa dikenakan biaya kacamata atau alat tertentu tidak langsung gratis puskesmas ada prosedur rujukan batas plafon rawat luka akibat tindakan estetika tindik tato komplikasi akibat tato tindik prosedur estetika tidak selalu otomatis ditanggung vaksin non program pemerintah misalnya vaksin untuk perjalanan luar negeri atau vaksin hpv untuk dewasa tapi juga belum ada puskesmas fotokopi administrasi tambahan beberapa daerah masih ada biaya administrasi kecil sesuai perda kecelakaan lalu lintas penjamin utamanya adalah jasa raharja bisa digunakan setelah skema penjamin utama selesai atau bila ada layanan tertentu tidak ditanggung penjamin kecelakaan jadi jangan ngamuk duluan kalau tiba tiba dikenakan pembayaran tapi balik lagi perda masing masing,Negatif,5
Thu May 07 01:28:16 +0000 2026,heran ada pejabut tiap ke puskesmas tujuannya cuma buat ambil rujukan tiap dikasi tahu aturannya balesnya kan hak saya itu untuk milih berobat dimana kalau mau kayak gitu jangan pake bpjs woyy,NakesPuskesmas,2026-05-07 01:28:16+00:00,2026-05,heran ada pejabut tiap puskesmas tujuannya cuma buat ambil rujukan tiap dikasi tahu aturannya balesnya hak saya untuk milih berobat dimana kalau mau kayak begitu jangan pakai woyy,Negatif,5
Mon May 25 05:19:34 +0000 2026,pelayanan puskesmas sekarang tambah banyak nanya yah semua pada dikepoin bahkan sampai ke riwayat orang tuaku juga nakes puskesmasnya karena harus mengisi skrining bpjs dan skrining ckg yang mestinya bisa disatuin woyy,NakesPuskesmas,2026-05-25 05:19:34+00:00,2026-05,pelayanan puskesmas sekarang tambah banyak nanya yah semua pada dikepoin bahkan sampai riwayat orang tuaku juga nakes puskesmasnya karena harus mengisi skrining skrining ckg mestinya bisa disatuin woyy,Negatif,5
Mon Apr 13 10:06:39 +0000 2026,ya kalo masih fisiologis tanpa penyulit ngapain ke rs ke puskesmas aja juga bisa bidan dan dokter puskesmas paham kok kalo ngurus lahiran spontan kebanyakan kan pada parno pada langsung ke ponek makanya anc yang bener bpjs nanggung kok,TabatiereMaddok,2026-04-13 10:06:39+00:00,2026-04,kalau masih fisiologis tanpa penyulit ngapain rumah sakit puskesmas saja juga bisa bidan dokter puskesmas paham kalau ngurus lahiran spontan kebanyakan pada parno pada langsung ponek makanya anc bener nanggung,Negatif,7
Sun May 31 17:14:23 +0000 2026,sender apakah punya bpjs kalo iya bisa langsung ke faskes 1nya aja kalo tidak bisa dicoba ke puskesmas biasanya cuma bayar tebus obat soalnya kalo kaya gini ga bisa diagnosa kan belum cek tensi dll ntar ternyata kurang darah lagi nde4,CromwellIndh,2026-05-31 17:14:23+00:00,2026-05,sender apakah punya kalau iya bisa langsung faskes saja kalau tidak bisa dicoba puskesmas biasanya cuma bayar tebus obat soalnya kalau kaya gini tidak bisa diagnosa belum cek tensi dll ntar ternyata kurang darah lagi nde,Negatif,4
Thu Jun 04 10:14:14 +0000 2026,kampret lah di persulit sm vendor lama soal bpjs kt perkara ngambek sialan,jinjia_1,2026-06-04 10:14:14+00:00,2026-06,kampret lah persulit sama vendor lama soal kt perkara ngambek sialan,Negatif,4
Mon May 04 09:19:24 +0000 2026,1 dirut pln darmawan prasojo jual data pelanggan pln ke cina 1 kalian telat kita2 yang berkecimpung di it tahu itu lama 2 data bpjs juga sudah lama luhut serahkan ke cina sekitar 2018 atau 2019,ArtaN7707,2026-05-04 09:19:24+00:00,2026-05,dirut pln darmawan prasojo jual data pelanggan pln cina kalian telat kita berkecimpung it tahu lama data juga sudah lama luhut serahkan cina sekitar atau,Negatif,1
Thu May 21 02:58:15 +0000 2026,tadi ada ibu2 udah nahan sakit banget tp pelayanan nya lama karna pake bpjs katanya bekas operasi dia di perut itu mau ganti perban setelah dia lapor ke adminis disana administrasinya malah suruh istirahat dlu aja ke igd karna ga tahan ibu nya tp kalian tau saat di igd ibu nya udah meninggal duluan sedih bgt anjir liatnya krna nunggu pelayanann yang lama itu,widoublev,2026-05-21 02:58:15+00:00,2026-05,tadi ada ibu sudah nahan sakit banget tapi pelayanan lama karna pakai katanya bekas operasi dia perut mau ganti perban setelah dia lapor adminis disana administrasinya malah suruh istirahat dulu saja igd karna tidak tahan ibu tapi kalian tahu saat igd ibu sudah meninggal duluan sedih banget anjir liatnya krna nunggu pelayanann lama,Negatif,5
Fri Jun 05 13:15:30 +0000 2026,gue waktu nganggur lama bngt itu gak punya bpjs bahkan gak ada uang untung sakitnya yg ringan2 kyk migraine masuk angin tp jadi kebawa sampe skrg sih males ke dokter,alwaysawesome31,2026-06-05 13:15:30+00:00,2026-06,saya waktu nganggur lama bngt tidak punya bahkan tidak ada uang untung sakitnya ringan kyk migraine masuk angin tapi jadi kebawa sampe sekarang males dokter,Negatif,5
Tue May 05 00:15:19 +0000 2026,warga sibuk ngeluh nunggu obat antri daftar regis lama lupa berjuang bareng anggaran kesehatan amp pagu bpjs penting tapi lupa tekno canggih kereta tetap desakkan kan anggaran cukup bisa buat tambah orang amp gerbong,Marimar_Aauw,2026-05-05 00:15:19+00:00,2026-05,warga sibuk ngeluh nunggu obat antri daftar regis lama lupa berjuang bareng anggaran  pagu penting tapi lupa tekno canggih kereta tetap desakkan anggaran cukup bisa buat tambah orang  gerbong,Negatif,6
Wed Apr 22 02:07:47 +0000 2026,punya bpjs tp ga pernah dipakai soalnya pernah sodara gw meningg l gara2 pas ngurus bpjs nya lama dan penanganan nya terlambat jd kita sekeluarga trauma xixi,javattea,2026-04-22 02:07:47+00:00,2026-04,punya tapi tidak pernah dipakai soalnya pernah sodara saya meningg l gara pas ngurus lama penanganan terlambat jadi kita sekeluarga trauma xixi,Negatif,7
Tue May 05 02:47:22 +0000 2026,gais bertanya dong bpjs kesehatan gueh kan udah disconnect dari kantor lama ya kurleb hampir 2 bulanan kok belom gabung lagi ke bpjs yg sepaket dgn keluarga lagi ya biasanya kalo abis resign sebulan kemudian udah otomatis balik ke keluarga,makdjay,2026-05-05 02:47:22+00:00,2026-05,gais bertanya gueh sudah disconnect kantor lama kurleb hampir bulanan belom gabung lagi sepaket dengan keluarga lagi biasanya kalau abis resign sebulan kemudian sudah otomatis balik keluarga,Negatif,6
Sat May 02 05:31:39 +0000 2026,padahal aku udah ga kerja di bpjs kesehatan sejak lama tapi masih ada aja temen yang chat telfon nanyain soal bpjs kesehatan ke aku kadang malah bpjstk gaes tolong move on laah aku juga mau move on dari layanan itu,cupacupstrwbry,2026-05-02 05:31:39+00:00,2026-05,padahal aku sudah tidak kerja sejak lama tapi masih ada saja temen chat telfon nanyain soal aku kadang malah bpjstk gaes tolong move on laah aku juga mau move on layanan,Negatif,2
Sat Apr 04 13:56:09 +0000 2026,relate di apotek pasien lg rame dan ada yg komplain katanya sengaja ya dilama lamain mentang mentang bpjs kelas 3 mana w tau ya bapak ibu bpjs kelas brp resep masuk ke farmasi yg tertulis jaminan bpjs ya ikut antrian bpjs kalau lama lah ya antri yg lain jg pake bpjs,sukaikemen,2026-04-04 13:56:09+00:00,2026-04,relate apotek pasien lagi rame ada komplain katanya sengaja dilama lamain mentang mentang kelas mana w tahu bapak ibu kelas berapa resep masuk farmasi tertulis jaminan ikut antrian kalau lama lah antri lain juga pakai,Negatif,5
Sun May 31 08:40:14 +0000 2026,euy obat sakit gigi yg manjur apa ya ini sampe bengkak bgt gitu huhu belum sempet periksa karena mau uas ditambah prosesnya bakal lama bertahap karena pake bpjs dan kyknya bakal psa jd sementara mau pake obat dulu,BaseBDG,2026-05-31 08:40:14+00:00,2026-05,euy obat sakit gigi manjur apa sampe bengkak banget begitu huhu belum sempet periksa karena mau uas ditambah prosesnya bakal lama bertahap karena pakai kyknya bakal psa jadi sementara mau pakai obat dulu,Negatif,5
Sun Apr 12 11:56:18 +0000 2026,bpjs aktif tapi gasuka make bpjs lama,xtryier,2026-04-12 11:56:18+00:00,2026-04,aktif tapi gasuka make lama,Negatif,3
Mon May 04 05:39:34 +0000 2026,biasanya kalo bikin bpjs kesehatan sendiri kena brp biayanya ribet ngga ngurusnya pls yg tau komen dong,pinkychewie,2026-05-04 05:39:34+00:00,2026-05,biasanya kalau membuat sendiri kena berapa biayanya ribet ngga ngurusnya pls tahu komen,Negatif,5
Sun Feb 08 13:43:48 +0000 2026,sebagai peserta bpjs pbi ini ribet banget,bakuldimsum_,2026-02-08 13:43:48+00:00,2026-02,sebagai peserta pbi ribet banget,Negatif,3
Sat May 09 09:16:56 +0000 2026,justru malah yg bpjs pbi yang sukanya marah2 karna prosedur ribet dkk yaallah kalian tu udah enak ga bayar ga dipotong dr gaji tinggl ngurus administrasi yg ga terlalu ribet kenapasih sukanya marah2 dan ninggalin komplen terkait alur,makmoot,2026-05-09 09:16:56+00:00,2026-05,justru malah pbi sukanya marah karna prosedur ribet dkk yaallah kalian tu sudah enak tidak bayar tidak dipotong gaji tinggl ngurus administrasi tidak terlalu ribet kenapasih sukanya marah ninggalin komplen terkait alur,Negatif,4
Tue Apr 28 16:12:52 +0000 2026,ndes saudaraku abis jatuh kepleset terus pergelangan tangannya gabisa digerakin sepertinya patah tulang sih kalau gitu misal butuh dioperasi apakah bisa ditanggung bpjs ya terus prosedurnya ribet ga ya,SmgMenfess,2026-04-28 16:12:52+00:00,2026-04,ndes saudaraku abis jatuh kepleset terus pergelangan tangannya gabisa digerakin sepertinya patah tulang kalau begitu misal butuh dioperasi apakah bisa ditanggung terus prosedurnya ribet tidak,Negatif,2
Thu Feb 12 18:12:00 +0000 2026,berobat kerumah sakit pakai bpjs disuruh ngurus bpjs dulu karna nonaktif nyampe bpjs disuruh verifikasi data dulu ribet yaaa bukan malah sembuh tapi makin sakit negara berjuta birokrasi,indepenSumatera,2026-02-12 18:12:00+00:00,2026-02,berobat kerumah sakit pakai disuruh ngurus dulu karna nonaktif nyampe disuruh verifikasi data dulu ribet bukan malah sembuh tapi makin sakit negara berjuta birokrasi,Negatif,5
Wed Jun 03 11:48:47 +0000 2026,bingkas vs bkj antara sistem kelas pertama dan wayang politik bantuan kehidupan sejahtera selangor bingkas diperkenalkan pada tahun 2018 manakala bantuan kasih johor bkj tahun 2022 di selangor nilai bantuan bingkas adalah rm300 sebulan rm3 600 setahun tetapi yang membezakan selangor dengan yang lain bukanlah sekadar pada nilai wang tetapi cara rakyat disewa dan disantuni selangor guna otak dan teknologi sistem e dompet diaplikasikan sepenuhnya cukup bulan duit masuk secara automatik ke dalam aplikasi selangkah ibarat pakai touch n go sampai masa pergi pasar raya imbas kod qr bawa balik barang keperluan anak bini mudah pantas dan efisien sebaliknya bila masih ada yang terperangkap dengan sistem lapuk baca bkj rakyat dilayan macam peminta sedekah terpaksa beratur panjang dan berjemur tengah panas terpaksa menadah telinga mendengar ucapan yb yang meleret leret dan membosankan mata disemakkan dengan banner gergasi muka ahli politik lebih hina rakyat miskin diperkudakan menjadi props untuk gambar serahan mock up cek gergasi semata mata demi konten media sosial orang politik di selangor maruah penerima itu mahal dan terpelihara rakyat susah tak perlu gadaikan maruah untuk mendapat hak mereka dan mereka sama sekali tidak akan dijadikan alat murahan untuk mana mana ahli politik meraih undi beza antara yang buat kerja ikhlas dengan yang sekadar buat wayang,jasonyew,2026-06-03 11:48:47+00:00,2026-06,bingkas vs bkj antara sistem kelas pertama wayang politik bantuan kehidupan sejahtera selangor bingkas diperkenalkan pada tahun manakala bantuan kasih johor bkj tahun selangor nilai bantuan bingkas adalah rm sebulan rm setahun tetapi membezakan selangor dengan lain bukanlah sekadar pada nilai wang tetapi cara rakyat disewa disantuni selangor guna otak teknologi sistem e dompet diaplikasikan sepenuhnya cukup bulan duit masuk secara automatik dalam aplikasi selangkah ibarat pakai touch n go sampai masa pergi pasar raya imbas kod qr bawa balik barang keperluan anak bini mudah pantas efisien sebaliknya bila masih ada terperangkap dengan sistem lapuk baca bkj rakyat dilayan macam peminta sedekah terpaksa beratur panjang berjemur tengah panas terpaksa menadah telinga mendengar ucapan yb meleret leret membosankan mata disemakkan dengan banner gergasi muka ahli politik lebih hina rakyat miskin diperkudakan menjadi props untuk gambar serahan mock up cek gergasi semata mata demi konten media sosial orang politik selangor maruah penerima mahal terpelihara rakyat susah tak perlu gadaikan maruah untuk mendapat hak mereka mereka sama sekali tidak akan dijadikan alat murahan untuk mana mana ahli politik meraih undi beza antara buat kerja ikhlas dengan sekadar buat wayang,Negatif,7
Thu Jun 04 23:30:21 +0000 2026,langganan bpjs dia bg susah juga,Ajierz,2026-06-04 23:30:21+00:00,2026-06,langganan dia bg susah juga,Negatif,1
Sun May 31 13:34:49 +0000 2026,sumpahh nangis akhirnya ada di titik ini hal yg paling aku takutinkesel marah ahh gatau lagi seorang irt yang ga berpenghasilan cuma pengen ngasih 150rb aja per bulan buat mamah sendiri tapi sekarang tuh susah bgt akhirnya aku nurunin kelas bpjs mamaku tolong aku merasa bersalah terus cc threadanarhn,KapudS640,2026-05-31 13:34:49+00:00,2026-05,sumpahh nangis akhirnya ada titik hal paling aku takutinkesel marah ahh gatau lagi seorang irt tidak berpenghasilan cuma pengen kasih ribu saja per bulan buat mamah sendiri tapi sekarang susah banget akhirnya aku nurunin kelas mamaku tolong aku merasa bersalah terus cc threadanarhn,Negatif,1
Fri May 01 02:53:36 +0000 2026,mau cairin bpjs tk di jmo susah bgt gagal biometrik terus,cakewalk0,2026-05-01 02:53:36+00:00,2026-05,mau cairin tk jmo susah banget gagal biometrik terus,Negatif,7
Fri May 22 16:17:52 +0000 2026,oh jelas ngadepin pasien sakit ringat tp ngoto mau pake bpjs saya ni bayar tiap bulan kamu gatau siapa saya saya duluan dong masa saya ga diapa2in gt padahal dokternya lg nanganin code blue pokoknya banyak dah suka duka jd dokter igd apalagi kalo dpt kasus susah,apralzolam,2026-05-22 16:17:52+00:00,2026-05,oh jelas ngadepin pasien sakit ringat tapi ngoto mau pakai saya ni bayar tiap bulan kamu gatau siapa saya saya duluan masa saya tidak diapain begitu padahal dokternya lagi nanganin code blue pokoknya banyak sudah suka duka jadi dokter igd apalagi kalau dapat kasus susah,Negatif,2
Wed Apr 29 09:29:59 +0000 2026,bikin bpjs susah ga sie,Nimblesore,2026-04-29 09:29:59+00:00,2026-04,membuat susah tidak sie,Negatif,1
Fri May 29 13:56:57 +0000 2026,eh tolol sekarang gue tanya emang lu gamau uang lagian diera bpjs gini ngarep uang hahahahhaah cuma dibayar 2000 pasien apanya yg mau diantriin lu kira enak dapet pasien susah enak bgt lu main goblog goblokin orang padahal gatau lapangan pekok,apralzolam,2026-05-29 13:56:57+00:00,2026-05,eh tolol sekarang saya tanya emang kamu gamau uang lagian diera gini ngarep uang hahahahhaah cuma dibayar pasien apanya mau diantriin kamu kira enak dapet pasien susah enak banget kamu main goblog goblokin orang padahal gatau lapangan pekok,Negatif,6
Fri Jun 05 14:09:37 +0000 2026,lu dokter kah pernah layanin pasien bpjs mana mau mereka bayarr mereka yg sakit mereka juga yg bilang yah ga bawa duit sepeserpun ya saya ga mau bayar ga mau tau dokter harus kasih rujukan ke spesialis bapuk,Koovelly,2026-06-05 14:09:37+00:00,2026-06,kamu dokter kah pernah layanin pasien mana mau mereka bayarr mereka sakit mereka juga bilang yah tidak bawa duit sepeserpun saya tidak mau bayar tidak mau tahu dokter harus kasih rujukan spesialis bapuk,Negatif,1
Mon May 11 09:29:17 +0000 2026,bayar rutin sakit jarang sekalinya dpt rujukan susah bener ampe juni pun ga dapet antrian bpjs cc threadviola,KapudS640,2026-05-11 09:29:17+00:00,2026-05,bayar rutin sakit jarang sekalinya dapat rujukan susah bener ampe juni pun tidak dapet antrian cc threadviola,Negatif,5
Sun May 10 13:28:19 +0000 2026,adik ipar kena phk dari klinik mata tempat dia kerja katanya bpjs dipotong 70 jadi pasien udah susah operasi mata periksa mata pae bpjs gara gara kebijakan prabowo babi,mbokmeow,2026-05-10 13:28:19+00:00,2026-05,adik ipar kena phk klinik mata tempat dia kerja katanya dipotong jadi pasien sudah susah operasi mata periksa mata pae gara gara kebijakan prabowo babi,Negatif,5
Wed Apr 22 13:19:53 +0000 2026,demand sudah susah naik penduduk indo per tahun naik cuma 1 1 5 juta tahun sisanya ya cuma geser aja kelas menengah lagi melemah karena duitnya dipake buat menguatkan kelas dibawahnya kelas dibawahnya 99 masih pake bpjs,ardi_tama1,2026-04-22 13:19:53+00:00,2026-04,demand sudah susah naik penduduk indo per tahun naik cuma juta tahun sisanya cuma geser saja kelas menengah lagi melemah karena duitnya dipake buat menguatkan kelas dibawahnya kelas dibawahnya masih pakai,Negatif,3
Sat Feb 28 11:09:49 +0000 2026,kalau gajiannya ga kebaca radar perbankan dan bpjs susah buat ditelusuri,cheersbang,2026-02-28 11:09:49+00:00,2026-02,kalau gajiannya tidak kebaca radar perbankan susah buat ditelusuri,Negatif,4
Thu Apr 02 12:21:41 +0000 2026,penghasilan yang gak tetap sering bikin rencana masa depan terasa susah dipastikan padahal pekerja seperti penjaga warung termasuk ke dalam kategori bpu yang bisa siapkan masa tua lewat jaminan hari tua bpjs ketenagakerjaan,BPJSTKinfo,2026-04-02 12:21:41+00:00,2026-04,penghasilan tidak tetap sering membuat rencana masa depan terasa susah dipastikan padahal pekerja seperti penjaga warung termasuk dalam kategori bpu bisa siapkan masa tua lewat jaminan hari tua ketenagakerjaan,Negatif,2
Tue Feb 03 05:15:16 +0000 2026,sender mau cabut gigi graham parah better di klinik swasta rs atau bpjs klinik faskes1 ya sender baru ke faskes 1 tpi alat2 nya kayak gk bersih gitu sedangkan swasta pernah scalling bersih banget jadi ragu,tanyakanrl,2026-02-03 05:15:16+00:00,2026-02,sender mau cabut gigi graham parah better klinik swasta rumah sakit atau klinik faskes sender baru faskes tpi alat kayak tidak bersih begitu sedangkan swasta pernah scalling bersih banget jadi ragu,Negatif,4
Thu Jun 04 00:56:16 +0000 2026,gaji bukannya naik malah makin turun gara gara potongan bpjs yaallah yaallah semoga tahun ini aku bisa dapat kerja yang lebih baik dari semua segi semoga gak ngeshift lagi juga sedih banget jujur gaji makin turun,superpeachies,2026-06-04 00:56:16+00:00,2026-06,gaji bukannya naik malah makin turun gara gara potongan yaallah yaallah semoga tahun aku bisa dapat kerja lebih baik semua segi semoga tidak ngeshift lagi juga sedih banget jujur gaji makin turun,Negatif,4
Mon May 04 11:55:54 +0000 2026,same case but in different sitution tmn w abis kecelakaan di jalan nabrak trotoar palanya berdarah dan bengkak parah coba ke rs pake bpjs buat periksa ct scan dalam kondisi tmn w bergerak dikit aja sakit masih harus ke jasa raharja dulu sakit mmng sistem ini,2baddies0,2026-05-04 11:55:54+00:00,2026-05,same case but in different sitution tmn w abis kecelakaan jalan nabrak trotoar palanya berdarah bengkak parah coba rumah sakit pakai buat periksa ct scan dalam kondisi tmn w bergerak dikit saja sakit masih harus jasa raharja dulu sakit mmng sistem,Negatif,5
Thu Feb 05 08:49:14 +0000 2026,parah demi mbg banyak bpjs kesehatan banyak yang di nonaktifkan,Dara_Cega,2026-02-05 08:49:14+00:00,2026-02,parah demi banyak banyak nonaktifkan,Negatif,2
Mon Apr 06 03:59:40 +0000 2026,tolong banget ni yang mau berobat ke puskesmas pakai bpjs pastikan sudah mengisi survei skrining kesehatan dulu karena cuma setahun sekali ni pasien udah masuk poli gk bisa lanjut tindakan antrian jadi lama karena nunggu selesai isi survei ni lebih parah ada beberap pasien hp nya gk ada paket data jadilah perawatku inisiatif bantu isi pake hp dia tp ada aj yg sinis kok main hape lagi pelayanan heeeii,ibalbabay,2026-04-06 03:59:40+00:00,2026-04,tolong banget ni mau berobat puskesmas pakai pastikan sudah mengisi survei skrining dulu karena cuma setahun sekali ni pasien sudah masuk poli tidak bisa lanjut tindakan antrian jadi lama karena nunggu selesai isi survei ni lebih parah ada beberap pasien hp tidak ada paket data jadilah perawatku inisiatif bantu isi pakai hp dia tapi ada aj sinis main hape lagi pelayanan heii,Negatif,5
Fri Jun 05 02:00:05 +0000 2026,bang kalau insurance mau bpjs mau swasta juga akan begitu nunggu approval dari validator mereka buat memutuskan ditanggung apa enggak cuma biasanya kalo pake asuransi swasta akan ditanya sama rs nya mau pararel atau enggak pararel itu artinya tindakan atau obat tetep dilakukan langsung tanpa nunggu asuransi kasih acc kalau misal ga di acc asuransi akan jadi tanggungan pasien pribadi tapi ya bpjs nggak mungkin kan rs nya nanya gitu lah baru dijawab gitu aja kalian udah salah paham gimana kalau misal ditawarin pararel terus sama validatornya nggak di acc ngepushnya jangan ke dokter noh ke validator bpjs kesehatannya,RichHealthyFun,2026-06-05 02:00:05+00:00,2026-06,bang kalau insurance mau mau swasta juga akan begitu nunggu approval validator mereka buat memutuskan ditanggung apa enggak cuma biasanya kalau pakai asuransi swasta akan ditanya sama rumah sakit mau pararel atau enggak pararel artinya tindakan atau obat tetep dilakukan langsung tanpa nunggu asuransi kasih acc kalau misal tidak acc asuransi akan jadi tanggungan pasien pribadi tapi tidak mungkin rumah sakit nanya begitu lah baru dijawab begitu saja kalian sudah salah paham gimana kalau misal ditawarin pararel terus sama validatornya tidak acc ngepushnya jangan dokter noh validator kesehatannya,Negatif,4
Sun May 31 02:53:25 +0000 2026,maaf dari kemarin postingan ini lewat terus teruntuk yg punya akun ini pak ada yg namanya bpjs pbi silakan mendaftar segera soalnya akunnya langganan cenblu itu harga per bulannya sudah lebih dari cukup untuk bayar bpjs cenblu 84 ribu vs bpjs kelas 3 42 ribu peserta bpjs pbi penerima bantuan iuran memiliki hak yang sama dengan peserta bpjs lainnya artinya diabetes mellitus termasuk tipe 2 ditanggung penuh melalui program prolanis komplikasi jantung akibat diabetes penyakit jantung koroner gagal jantung hipertensi dll juga ditanggung bpjs yang dicover obat obatan rutin diabetes jantung sesuai formularium bpjs pemeriksaan laboratorium gula darah hba1c kolesterol dll rawat jalan rawat inap tindakan medis seperti pemasangan ring stent jika memenuhi syarat medis syarat penting harus melalui rujukan berjenjang dari puskesmas faskes 1 ke rumah sakit pengobatan harus sesuai standar dan daftar obat bpjs kartu bpjs aktif tidak menunggak,karirfess,2026-05-31 02:53:25+00:00,2026-05,maaf kemarin postingan lewat terus teruntuk punya akun pak ada namanya pbi silakan mendaftar segera soalnya akunnya langganan cenblu harga per bulannya sudah lebih cukup untuk bayar cenblu ribu vs kelas ribu peserta pbi penerima bantuan iuran memiliki hak sama dengan peserta lainnya artinya diabetes mellitus termasuk tipe ditanggung penuh melalui program prolanis komplikasi jantung akibat diabetes penyakit jantung koroner gagal jantung hipertensi dll juga ditanggung dicover obat obatan rutin diabetes jantung sesuai formularium pemeriksaan laboratorium gula darah hbac kolesterol dll rawat jalan rawat inap tindakan medis seperti pemasangan ring stent jika memenuhi syarat medis syarat penting harus melalui rujukan berjenjang puskesmas faskes rumah sakit pengobatan harus sesuai standar daftar obat kartu aktif tidak menunggak,Negatif,5
Fri Jun 05 15:21:51 +0000 2026,wk3 sis cuman medical check up lho lagaknya kayak pahlawan revolusi khan sudah saya bilang saya akui ada seuprit tambahan dari prabocor untuk karya besar bpjs jokowi yg mencakup sampai kanker bedah dialisis dll anda bisa akui ngga lebih besar dosa prabocor ratusan t,Brutus_Istn2045,2026-06-05 15:21:51+00:00,2026-06,tertawa sis cuman medical check up lho lagaknya kayak pahlawan revolusi khan sudah saya bilang saya akui ada seuprit tambahan prabocor untuk karya besar jokowi mencakup sampai kanker bedah dialisis dll anda bisa akui ngga lebih besar dosa prabocor ratusan t,Negatif,2
Fri May 08 01:11:28 +0000 2026,astaga ini apk bpjs segala error aku udah kesakitan banget ya allah,bremthing,2026-05-08 01:11:28+00:00,2026-05,astaga apk segala error aku sudah kesakitan banget allah,Negatif,4
Fri May 08 00:52:58 +0000 2026,bpjs error se indonesia kah ini di rs sampe ga jalan antriannya katanya dari bpjs nya error,Aesculapius_by,2026-05-08 00:52:58+00:00,2026-05,error se indonesia kah rumah sakit sampe tidak jalan antriannya katanya error,Negatif,5
Tue Jul 23 13:15:38 +0000 2024,jangan mencintai terlalu dalam ingat bpjs gak menanggung korban perasaan di tl template status nya hampir sama semua lagi error bareng,liaasister,2024-07-23 13:15:38+00:00,2024-07,jangan mencintai terlalu dalam ingat tidak menanggung korban perasaan tl template status hampir sama semua lagi error bareng,Negatif,6
Tue Mar 11 23:59:27 +0000 2025,bener juga ya ternyata digitalisasi palsu anakku kemarin mau siapkan utk internship dokter diminta sediakan npwp dan bpjs semua sdh online tapi error terus dan ternyata tetap musti ke kantor pajak dan bpjs juga memang digitalisasi palsiu ini ini twitter punyaku ada jin netflix debut,taufik_q,2025-03-11 23:59:27+00:00,2025-03,bener juga ternyata digitalisasi palsu anakku kemarin mau siapkan untuk internship dokter diminta sediakan npwp semua sdh online tapi error terus ternyata tetap musti kantor pajak juga memang digitalisasi palsiu twitter punyaku ada jin netflix debut,Negatif,2
Thu Aug 21 10:14:47 +0000 2025,udah 4 jam di rs nunggu dipanggil krn sistem bpjs error amp ke dokternya total 2 jam nunggu obat 1 5 jam konsultasi sm dokternya gak sampe 15 menit mental health issues are indeed expensiveboth for your pocket and your time sampe bela2in bawa laptop ke rs,sefiiin,2025-08-21 10:14:47+00:00,2025-08,sudah jam rumah sakit nunggu dipanggil karena sistem error  dokternya total jam nunggu obat jam konsultasi sama dokternya tidak sampe menit mental health issues are indeed expensiveboth for your pocket and your time sampe belain bawa laptop rumah sakit,Negatif,2
Wed Jul 31 23:05:07 +0000 2024,work aku kan mau daftar bpjs scr online tpi kok nomornya error mulu ya mending ke kantornya aja kali ya tpi bawa apa aja ya,worksfess,2024-07-31 23:05:07+00:00,2024-07,work aku mau daftar scr online tpi nomornya error mulu mending kantornya saja kali tpi bawa apa saja,Negatif,4
Fri May 31 18:45:04 +0000 2024,curhat nangis bgt jam 4 pagi hangus tagihan yang aku punya cuma bpjs tapi bpjs dana lagi error gabisa cek tagihan aaaa,discountfess,2024-05-31 18:45:04+00:00,2024-05,curhat nangis banget jam pagi hangus tagihan aku punya cuma tapi dana lagi error gabisa cek tagihan a,Negatif,2
Tue Mar 26 01:37:46 +0000 2024,apa2an bpjs lagi error woi ini yg ngantri di rs banyak bgt skrg nomor 43 w antrian 183 bjirrrrr,daynswiftly,2024-03-26 01:37:46+00:00,2024-03,apaan lagi error woi ngantri rumah sakit banyak banget sekarang nomor w antrian bjir,Negatif,6
Sun May 31 22:52:20 +0000 2026,arrrghhh anj bpjs ga bisa dipake anj jadi ini yg kmaren orang2 ribut soal bpjs ama dinsos ya,Shirogami07,2026-05-31 22:52:20+00:00,2026-05,argh anj tidak bisa dipake anj jadi kmaren orang ribut soal ama dinsos,Negatif,4
Thu Oct 16 02:35:49 +0000 2025,gimana org mau pake bpjs moment penting buat berobat malah aplikasinya error bener2 ye,permatarini,2025-10-16 02:35:49+00:00,2025-10,gimana orang mau pakai moment penting buat berobat malah aplikasinya error bener ye,Negatif,7
Wed May 15 01:36:34 +0000 2024,jaringan bpjs masih error ya w mau daftar buat besok ga bisa,orbitandgravity,2024-05-15 01:36:34+00:00,2024-05,jaringan masih error w mau daftar buat besok tidak bisa,Negatif,2
Mon Sep 01 07:48:11 +0000 2025,bpjs ketenagakerjaan lu pada error ga ko error mulu ya gabisa di akses,yourfcknidiot,2025-09-01 07:48:11+00:00,2025-09,ketenagakerjaan kamu pada error tidak ko error mulu gabisa akses,Negatif,2
Sat Feb 01 05:31:07 +0000 2025,bpjs error anying,leshugoo,2025-02-01 05:31:07+00:00,2025-02,error anying,Negatif,4
Mon May 13 01:01:47 +0000 2024,bpjs bpjs pake segala error,jeepercy,2024-05-13 01:01:47+00:00,2024-05,pakai segala error,Negatif,2
Thu Jun 27 06:53:23 +0000 2024,hari ini aku ke puskesmas faskes 1 untuk berobat dan dirujuk ke rs tapi diinfo surat rujukan tidak bisa keluar karena sistem bpjs error ini dipengaruhi nggak sih,agungsena17,2024-06-27 06:53:23+00:00,2024-06,hari aku puskesmas faskes untuk berobat dirujuk rumah sakit tapi diinfo surat rujukan tidak bisa keluar karena sistem error dipengaruhi tidak,Negatif,5
Tue May 28 13:13:42 +0000 2024,ini masalah jaringan bpjs error tadi,DrEvaChaniago,2024-05-28 13:13:42+00:00,2024-05,masalah jaringan error tadi,Negatif,2
Fri Feb 07 14:02:31 +0000 2025,gue dukung demo perkotekan bosoookk ini capek banget lembur tiap malam error melulu tiap saat kalo tipes dan musti rawat inap infus gue gak ditanggung bpjs pulak muakkk gue udah muakkk,dineleanor,2025-02-07 14:02:31+00:00,2025-02,saya dukung demo perkotekan bosokk capek banget lembur tiap malam error melulu tiap saat kalau tipes musti rawat inap infus saya tidak ditanggung pulak muak saya sudah muak,Negatif,7
Fri Nov 21 00:11:42 +0000 2025,kemarin istri dirujuk ke rs dari faskes 1 jg appnya error ga jelas sementara butuh segera ditanganin akhirnya memilih bayar mandiri tapi ya allah mahalnyoo trus buat apa ikut bpjs kalo cuma bisa mentok di faskes 1,mmaryasir,2025-11-21 00:11:42+00:00,2025-11,kemarin istri dirujuk rumah sakit faskes juga appnya error tidak jelas sementara butuh segera ditanganin akhirnya memilih bayar mandiri tapi allah mahalnyoo trus buat apa ikut kalau cuma bisa mentok faskes,Negatif,5
Tue May 14 00:11:27 +0000 2024,sumpaahh asli kalau jaringan bpjs lagi error tuh ribet banget kita yang bagian penunjang juga jadi susah mau running sampel apa apa manual terus pasiennya numpuk banget jadinya sekalianya udah bisa jaringannya jadi kita yang kelimpungan kebayang di pendaftaran lebih chaos,gen_goldenlab,2024-05-14 00:11:27+00:00,2024-05,sumpaahh asli kalau jaringan lagi error ribet banget kita bagian penunjang juga jadi susah mau running sampel apa apa manual terus pasiennya numpuk banget jadinya sekalianya sudah bisa jaringannya jadi kita kelimpungan kebayang pendaftaran lebih chaos,Negatif,7
Mon Jul 21 08:45:48 +0000 2025,hari ini dateng 06 25 gt absen error mepet menit 29 baru bisa 06 32 mau otw apel tp udh telat grgr nunggu orang gajadi apel baru mam sarapan 2 sendok disuruh ke pendaftaran bcs bpjs error gt keliling poli nyari pasien kelar gt pusing gt sakit perut gt tidur bangun jam 13 30,xpressoOoo,2025-07-21 08:45:48+00:00,2025-07,hari dateng begitu absen error mepet menit baru bisa mau otw apel tapi sudah telat grgr nunggu orang gajadi apel baru mam sarapan sendok disuruh pendaftaran bcs error begitu keliling poli nyari pasien kelar begitu pusing begitu sakit perut begitu tidur bangun jam,Negatif,5
Thu Feb 26 11:29:26 +0000 2026,gua beneran gk bisa marah jir kayak cuma pasrah doang karena sistem bpjs error gua gk bisa konsul padahal lagi ada hot tea begini keburu gua lupa anjay,vousmeachoo,2026-02-26 11:29:26+00:00,2026-02,saya beneran tidak bisa marah jir kayak cuma pasrah doang karena sistem error saya tidak bisa konsul padahal lagi ada hot tea begini keburu saya lupa anjay,Negatif,5
Wed Jun 12 01:58:07 +0000 2024,udah sampe rs jam 6 buat daftar tau tau surat rujukanku sdh abis balik ke klinik bpjs lagi minta rujukan baru lah diklinik listriknya error nunggu lagi pdhl tinggal print ya tahun aku demi pagi pagi ini kehambat listrik kliniknya bermasalah dari tadi degdegan masih dapat ga sm dokternya udah disimpanin no urut akhir sm mba di rs tp tetep degdegan,blueskycean,2024-06-12 01:58:07+00:00,2024-06,sudah sampe rumah sakit jam buat daftar tahu tahu surat rujukanku sdh abis balik klinik lagi minta rujukan baru lah diklinik listriknya error nunggu lagi padahal tinggal print tahun aku demi pagi pagi kehambat listrik kliniknya bermasalah tadi degdegan masih dapat tidak sama dokternya sudah disimpanin no urut akhir sama mba rumah sakit tapi tetep degdegan,Negatif,5
Tue Dec 17 05:42:00 +0000 2024,min bpjs gmn ini servernya kok error udah antri lama,WisnuArdiant,2024-12-17 05:42:00+00:00,2024-12,bagaimana servernya error sudah antri lama,Negatif,5
Sun Apr 05 03:06:46 +0000 2026,igd atau meja kasir viral pasien bpjs diduga ditolak rs di sumut netizen geram nyawa gak bisa antre administrasi kamu lagi kritis butuh igd tapi malah ketemu oknum rs yang lebih sayang sama kertas administrasi daripada nyawa manusia sumut kembali viral gara gara dugaan penolakan pasien bpjs emangnya kartu bpjs itu tiket konser yang bisa ditolak seenaknya kalau kuota penuh miris banget pas pindah rs ternyata bisa langsung ditangani tanpa ribet berarti masalahnya bukan di sistem tapi di oknum yang hatinya udah beku inget ya rs itu tempat orang cari sembuh bukan tempat diskriminasi status ekonomi pak menkes tolong dong disidak rs yang model begini biar nggak ada lagi nyawa yang jadi taruhan administrasi,pengawaswni24J,2026-04-05 03:06:46+00:00,2026-04,igd atau meja kasir viral pasien diduga ditolak rumah sakit sumut netizen geram nyawa tidak bisa antre administrasi kamu lagi kritis butuh igd tapi malah ketemu oknum rumah sakit lebih sayang sama kertas administrasi daripada nyawa manusia sumut kembali viral gara gara dugaan penolakan pasien emangnya kartu tiket konser bisa ditolak seenaknya kalau kuota penuh miris banget pas pindah rumah sakit ternyata bisa langsung ditangani tanpa ribet berarti masalahnya bukan sistem tapi oknum hatinya sudah beku inget rumah sakit tempat orang cari sembuh bukan tempat diskriminasi status ekonomi pak menkes tolong disidak rumah sakit model begini biar tidak ada lagi nyawa jadi taruhan administrasi,Negatif,5
Fri Apr 10 12:35:10 +0000 2026,seorang anak 3 th demam tinggi disertai kejang membuat warga sekitar panik dan mendatangi petugas pjr untuk meminta bantuan akhirnya ia dibawa ke rs bhayangkara setelah sebelumnya sempat dibawa ke rs namun ditolak karena tidak memiliki bpjs dan hanya punya kartu tidak mampu,kumifigo,2026-04-10 12:35:10+00:00,2026-04,seorang anak tahun demam tinggi disertai kejang membuat warga sekitar panik mendatangi petugas pjr untuk meminta bantuan akhirnya ia dibawa rumah sakit bhayangkara setelah sebelumnya sempat dibawa rumah sakit namun ditolak karena tidak memiliki hanya punya kartu tidak mampu,Negatif,5
Mon Mar 30 02:38:04 +0000 2026,kenapa ya pasien selalu mikir kalo ditolak tuh karena bpjs selalu kalo pake umum pasti diterima kan gue ga peduli lu mau bpjs kelas 3 juga bakal gue terima kalo ada bed atau minimal ruangan kalo ga ada lu mau dimana lantai mau lu dirawat di lantai sampai pulang,apralzolam,2026-03-30 02:38:04+00:00,2026-03,kenapa pasien selalu mikir kalau ditolak karena selalu kalau pakai umum pasti diterima saya tidak peduli kamu mau kelas juga bakal saya terima kalau ada bed atau minimal ruangan kalau tidak ada kamu mau dimana lantai mau kamu dirawat lantai sampai pulang,Negatif,5
Wed Apr 15 06:38:17 +0000 2026,disini nyawa masyarakat nomor 5 uang nomor 1 pilu pernah dan sering terjadi di indonesia pasien ditolak dan diacuhkan karena bpjs yang akhirnya mereka meninggal dunia,OmJ_J3Nggott,2026-04-15 06:38:17+00:00,2026-04,disini nyawa masyarakat nomor uang nomor pilu pernah sering terjadi indonesia pasien ditolak diacuhkan karena akhirnya mereka meninggal dunia,Negatif,5
Fri Jun 05 06:47:49 +0000 2026,dulu jg gtu pas mau op impaksi gigi dgn anes general ga tau bakal di acc atau enggak rencana op sama casemix rs terlebih ibuku yg pasang gigi palsu di rsgm dgn bpjs malah bayar deposit bila sewaktu waktu klaim ditolak bpjs,takatahanachan,2026-06-05 06:47:49+00:00,2026-06,dulu juga gtu pas mau op impaksi gigi dengan anes general tidak tahu bakal acc atau enggak rencana op sama casemix rumah sakit terlebih ibuku pasang gigi palsu rsgm dengan malah bayar deposit bila sewaktu waktu klaim ditolak,Negatif,4
Fri Jun 05 05:10:48 +0000 2026,nenek aku yang di jawa tbtb nelfon bapak aku dia mau cuci darah tp ditolak gitu pbi jk nya udah gabisa ternyata desilnya berubah ke 6 10 allahu nenek aku gabisa ngurusnya dan maunya nunggu aku amp bapak ke jawa bulan depan baru ngurus bpjs mandiri itu kalo ada apa2 gimana,shavvnie,2026-06-05 05:10:48+00:00,2026-06,nenek aku jawa tbtb nelfon bapak aku dia mau cuci darah tapi ditolak begitu pbi jk sudah gabisa ternyata desilnya berubah allahu nenek aku gabisa ngurusnya maunya nunggu aku  bapak jawa bulan depan baru ngurus mandiri kalau ada apa gimana,Negatif,5
Fri Jun 05 14:50:56 +0000 2026,dulu banget iya dokter suka menawarkan begitu tp dampaknya buruk buat dokter dan rumah sakit ingat bpjs itu kejam dan gak bisa ditawar klaim yg sudah pernah diverifikasi dan dibayar saja bisa disuruh dikembalikan beberapa tahun kemudian,afathngantuk,2026-06-05 14:50:56+00:00,2026-06,dulu banget iya dokter suka menawarkan begitu tapi dampaknya buruk buat dokter rumah sakit ingat kejam tidak bisa ditawar klaim sudah pernah diverifikasi dibayar saja bisa disuruh dikembalikan beberapa tahun kemudian,Negatif,5
Thu Jun 04 04:55:34 +0000 2026,goblok teriak goblok aturan bpjs baru mah karyawan bpjs noh yg suruh sosialisasi,librengage,2026-06-04 04:55:34+00:00,2026-06,goblok teriak goblok aturan baru mah karyawan noh suruh sosialisasi,Negatif,2
Sat Mar 28 08:01:19 +0000 2026,kalau bukan nakes ngakalin aturan bpjs mungkin udah banyak nggak tertolong karena ditolak covernya sama bpjs tapi karena inilah nakes jadi samsak hidup pasien juga kok dulu di rs lain bisa di cover kok disini enggak,namasayalaut,2026-03-28 08:01:19+00:00,2026-03,kalau bukan nakes ngakalin aturan mungkin sudah banyak tidak tertolong karena ditolak covernya sama tapi karena inilah nakes jadi samsak hidup pasien juga dulu rumah sakit lain bisa cover disini enggak,Negatif,5
Fri Jun 05 13:46:09 +0000 2026,kalian harus sadar nakes kaya gini bukan kemauan mereka tapi karena sistem bpjs yg ampas kalau nakes handle itu anak apakah orangtuanya mau jalur umum karena kalau pakai bpjs udah pasti ditolak lalu siapa yang mau tanggung jawab,sayamakibao,2026-06-05 13:46:09+00:00,2026-06,kalian harus sadar nakes kaya gini bukan kemauan mereka tapi karena sistem ampas kalau nakes handle anak apakah orangtuanya mau jalur umum karena kalau pakai sudah pasti ditolak lalu siapa mau tanggung jawab,Negatif,5
Tue May 12 08:45:17 +0000 2026,gue tadi abis dari bpjs tk mau pengkinian data kan tapi ga bisa lewat aplikasi informasinya suruh ke kantor cabang terdekat udah sampai kantor cabang gw disuruh antri lewat website yang mana hari ini gue mesti cuti buat ngurusnya sialnya gw kira bisa selesai hari ini krn gue ga claim cuma pengkinian data dong masa gue suruh antri bulan juni anjeeengggg gue datengnya sekarang mana aplikasi dia jelek banget ngasih info logo hubungi tp ga bisa di klik ngapain lu pake logo itu dikira itu bakal terhubung lgsg bobrok,Disco2000an,2026-05-12 08:45:17+00:00,2026-05,saya tadi abis tk mau pengkinian data tapi tidak bisa lewat aplikasi informasinya suruh kantor cabang terdekat sudah sampai kantor cabang saya disuruh antri lewat website mana hari saya mesti cuti buat ngurusnya sialnya saya kira bisa selesai hari karena saya tidak claim cuma pengkinian data masa saya suruh antri bulan juni anjeng saya datengnya sekarang mana aplikasi dia jelek banget kasih info logo hubungi tapi tidak bisa klik ngapain kamu pakai logo dikira bakal terhubung lgsg bobrok,Negatif,5
Fri Jun 05 07:53:55 +0000 2026,oomf bpjs kesehatan gw mati gw bisa gak ya pake halodoc buat minta resepin obat ke psikiater gw takut malem ini gw bener2 ngelakuin hal yg ga bener,canw3ll,2026-06-05 07:53:55+00:00,2026-06,oomf saya mati saya bisa tidak pakai halodoc buat minta resepin obat psikiater saya takut malem saya bener ngelakuin hal tidak bener,Negatif,1
Fri Jun 05 06:37:32 +0000 2026,kata gua mah setiap rs hsrus ada petugas dari bpjs buat jelasin sistem capek tau jelasin kebijakan bpjs ke org awam marah2 bawa kalimat kamu gatau siapa saya,wuican,2026-06-05 06:37:32+00:00,2026-06,kata saya mah setiap rumah sakit hsrus ada petugas buat jelasin sistem capek tahu jelasin kebijakan orang awam marah bawa kalimat kamu gatau siapa saya,Negatif,5
Fri Jun 05 08:04:32 +0000 2026,udah dari tahun lalu begitu tau ngga kenapa freelance supaya bisa bayar gaji doang ga perlu bpjs,fraviato,2026-06-05 08:04:32+00:00,2026-06,sudah tahun lalu begitu tahu ngga kenapa freelance supaya bisa bayar gaji doang tidak perlu,Negatif,4
Sun May 31 07:04:47 +0000 2026,scalling rutin ga ditanggung tambal gigi lebih baik bayar mandiri ytta yg udah pasti dicover bpjs adl obat hipertensi apalagi kl bisa dirujuk ke sp pd bisa dapet obat buat sebulan,laksitamochtar,2026-05-31 07:04:47+00:00,2026-05,scalling rutin tidak ditanggung tambal gigi lebih baik bayar mandiri ytta sudah pasti dicover adl obat hipertensi apalagi kalau bisa dirujuk sp pd bisa dapet obat buat sebulan,Negatif,4
Fri Jun 05 10:04:37 +0000 2026,pernah gini jdny mbulet saya mau b tapi pakai bpjs dok bisa ga nggak ditanggung bu tapi saya punya bpjs,Wanderingarou16,2026-06-05 10:04:37+00:00,2026-06,pernah gini jdny mbulet saya mau b tapi pakai dok bisa tidak tidak ditanggung bu tapi saya punya,Negatif,7
Tue Feb 24 15:34:38 +0000 2026,kan dah banyak bpjs ga aktif gara mbg,TaliUdeng,2026-02-24 15:34:38+00:00,2026-02,sudah banyak tidak aktif gara,Negatif,2
Fri Mar 13 10:25:32 +0000 2026,yujiem sender akhir2 pagi banyak pikiran yg menggangu menjelang lebaran pengen ke psikolog gmc tapi kalau ga pake bpjs bayar normal gitu apa bisa soalnya bpjs sender non aktif lama atau ada saran saran lain untuk mengobati beban pikiran ini,UGM_FESS,2026-03-13 10:25:32+00:00,2026-03,yujiem sender akhir pagi banyak pikiran menggangu menjelang lebaran pengen psikolog gmc tapi kalau tidak pakai bayar normal begitu apa bisa soalnya sender non aktif lama atau ada saran saran lain untuk mengobati beban pikiran,Negatif,4
Tue Mar 17 14:12:00 +0000 2026,jelek nih mana bpjs nya ga aktif,dejaviusse,2026-03-17 14:12:00+00:00,2026-03,jelek nih mana tidak aktif,Negatif,4
Fri Feb 06 06:50:27 +0000 2026,mana nge nonaktifin juga gaada pemberitahuan di perusahaanku ada yang dulunya pbi trus tiba2 non aktif kek gini alhasil harus cek satu2 karyawan yg dulunya pbi buat selanjutnya dialihin ikut bpjs perusahaan kasian yg mau berobat tiba2 bpjs nya udah ga aktif gara2 ini,fornnattawin1,2026-02-06 06:50:27+00:00,2026-02,mana nge nonaktifin juga gaada pemberitahuan perusahaanku ada dulunya pbi trus tiba non aktif seperti gini alhasil harus cek satu karyawan dulunya pbi buat selanjutnya dialihin ikut perusahaan kasian mau berobat tiba sudah tidak aktif gara,Negatif,3
Wed May 15 03:25:58 +0000 2024,lah bpjs gajelas bgt cok lu kalo mau nyamaratain kelas ya samaratain jg pembayarannya lah masa udh bayar lebih ttp sekamar 4org,lovejscc,2024-05-15 03:25:58+00:00,2024-05,lah gajelas banget cok kamu kalau mau nyamaratain kelas samaratain juga pembayarannya lah masa sudah bayar lebih ttp sekamar orang,Negatif,4
Mon May 13 03:21:42 +0000 2024,fyi dari kemaren ditanyain bpjs sedangkan bpjs adek itu gajelas malah yg keluar nama orang lain akhirnya dibuatin form buat claim ke jasa raharja kalo dalam 3 hari claim ditolak harus bayar sendiri,RapihiID,2024-05-13 03:21:42+00:00,2024-05,fyi kemaren ditanyain sedangkan adek gajelas malah keluar nama orang lain akhirnya dibuatin form buat claim jasa raharja kalau dalam hari claim ditolak harus bayar sendiri,Negatif,5
Fri Dec 06 10:00:47 +0000 2024,makanya akhir2 ini banyak yg ga tahan jdi casemix makan hati doang hhaahhhhh capek bgt sama aturan bpjs yg gajelas dan berubah2 terus,tidakdemam,2024-12-06 10:00:47+00:00,2024-12,makanya akhir banyak tidak tahan jdi casemix makan hati doang hhaah capek banget sama aturan gajelas berubah terus,Negatif,5
Mon Jan 06 00:53:37 +0000 2025,lah yg perokok pasif gimane anjir bpjs gajelas,olavtzu,2025-01-06 00:53:37+00:00,2025-01,lah perokok pasif gimane anjir gajelas,Negatif,4
Wed Oct 02 06:28:49 +0000 2024,gunanya asuransi bpjs ya gitu aku lebih suka asuransi soalnya bpjs gajelas,sandaranscoups,2024-10-02 06:28:49+00:00,2024-10,gunanya asuransi begitu aku lebih suka asuransi soalnya gajelas,Negatif,3
Tue Mar 03 12:01:06 +0000 2026,emak gue dateng sambil ngomel2 ngamuk gajelas bilang kalau gue suruh nurunin kelas bpjs sayang2 tiap bulan bayar mahal 150k tapi gapernah dipake ini mksdnya gimana sih bpjs bisa dipake apalagi sih selain sakit ya alhamdulillah gue gprmh sakit,tanyakanrl,2026-03-03 12:01:06+00:00,2026-03,emak saya dateng sambil ngomel ngamuk gajelas bilang kalau saya suruh nurunin kelas sayang tiap bulan bayar mahal k tapi gapernah dipake mksdnya gimana bisa dipake apalagi selain sakit alhamdulillah saya gprmh sakit,Negatif,5
Fri Jun 13 04:36:29 +0000 2025,aplikasi ga guna bjirr udah isi data semua udah bawa hardcopy semua masih ditanya bpjs aktif atau engga sedangkan di laman pertama sendiri yang ditanya bpjs gini dan udah ada keterangan ny gajelas ni negara sistem nya,Aesculapius_by,2025-06-13 04:36:29+00:00,2025-06,aplikasi tidak guna bjirr sudah isi data semua sudah bawa hardcopy semua masih ditanya aktif atau engga sedangkan laman pertama sendiri ditanya gini sudah ada keterangan ny gajelas ni negara sistem,Negatif,5
Sun Oct 06 05:30:12 +0000 2024,work doain aku supaya cepet dapet kerja di tempat yg lebih baik ya guys udah mau 3 tahun kontrak gajelas bpjs janji doang trs status gue masih trainee anjir mana kerjaan overtime mulu libur cuma minggu doang bukan ga bersyukur tapi yaallah gini amat,worksfess,2024-10-06 05:30:12+00:00,2024-10,work doain aku supaya cepet dapet kerja tempat lebih baik guys sudah mau tahun kontrak gajelas janji doang terus status saya masih trainee anjir mana kerjaan overtime mulu libur cuma minggu doang bukan tidak bersyukur tapi yaallah gini amat,Negatif,4
Mon Mar 16 00:04:47 +0000 2026,tuh kan baru aja di bahas semalem nakes lagi yang salah bpjs yang gajelas njir peraturannya,bluyelowcoat,2026-03-16 00:04:47+00:00,2026-03,baru saja bahas semalem nakes lagi salah gajelas njir peraturannya,Negatif,4
Tue May 14 03:31:09 +0000 2024,gajelas bgt makin lama ada bpjs kelas 123 aja susah apalagi ini sehat sehat dah rakyat,sasiologyy,2024-05-14 03:31:09+00:00,2024-05,gajelas banget makin lama ada kelas saja susah apalagi sehat sehat sudah rakyat,Negatif,2
Sat Jan 27 13:30:02 +0000 2024,wrk salah ga ya pengalaman kerja kontrak cuma 3 bulan salary 1 6 bekasi bersih gaada bpjs dsb sop gajelas manajemen juga baru masuk cuma ikutin template yang ada aja perusahaan keluarga jg kedepannya bakal dipermasalahkan ga ya aku juga belum ada cont,worksfess,2024-01-27 13:30:02+00:00,2024-01,wrk salah tidak pengalaman kerja kontrak cuma bulan salary bekasi bersih gaada dsb sop gajelas manajemen juga baru masuk cuma ikutin template ada saja perusahaan keluarga juga kedepannya bakal dipermasalahkan tidak aku juga belum ada cont,Negatif,4
Mon Dec 23 04:15:06 +0000 2024,gw takut dengan aturan bpjs baru yg gajelas ini bikin gw susah ke psikiater,jagung2an,2024-12-23 04:15:06+00:00,2024-12,saya takut dengan aturan baru gajelas membuat saya susah psikiater,Negatif,1
Wed Jun 05 15:42:20 +0000 2024,aplikasi bpjs gajelas ancritt,sweetthirteen__,2024-06-05 15:42:20+00:00,2024-06,aplikasi gajelas ancritt,Negatif,7
Sat May 18 18:40:59 +0000 2024,rek solusi dong buat kartu bpjs lagi gimana ya persyaratane apa aja di puskesmas terdekat bisa ga ya soale itu udah gajelas semua tulisane kenak air,sbyfess,2024-05-18 18:40:59+00:00,2024-05,rek solusi buat kartu lagi gimana persyaratane apa saja puskesmas terdekat bisa tidak soale sudah gajelas semua tulisane kenak air,Negatif,7
Tue Dec 31 01:20:11 +0000 2024,gmn si gajelas bgt bpjs yg urgent knp ga dicover gini emg nyawa kita ga seberharga itu ya,hvnivers,2024-12-31 01:20:11+00:00,2024-12,bagaimana si gajelas banget urgent kenapa tidak dicover gini emg nyawa kita tidak seberharga,Negatif,4
Fri Oct 31 07:39:33 +0000 2025,hari senin udh tgl 3 udh harus bayar kontrakan baru harusny dia urus bpjs max hr ini tp malah gajelas progressnya anjg taulah cape anjg klo w gamegang duit tuh susah mau ap2 bukan gakau nurut sama suami dia tuh gajelas anjg gua harus kek nelen pait2 mulu gara2 dia gajelas,blueaes_77,2025-10-31 07:39:33+00:00,2025-10,hari senin sudah tanggal sudah harus bayar kontrakan baru harusny dia urus max hr tapi malah gajelas progressnya anjg taulah cape anjg kalau w gamegang duit susah mau ap bukan gakau nurut sama suami dia gajelas anjg saya harus seperti nelen pait mulu gara dia gajelas,Negatif,7
Wed Jul 02 02:27:09 +0000 2025,inilah gw paling males nanganin pasien yg nunggak bpjs playing victim nyalahin pihak rs padahal doi yg nunggak bertahun tahun sekarang setiba keluarganya ada yg sakit keteteran ampe ngamuk2 gajelas padahal hidup lu yg gaada disiplinnya anjing,qinchedisorder,2025-07-02 02:27:09+00:00,2025-07,inilah saya paling males nanganin pasien nunggak playing victim nyalahin pihak rumah sakit padahal doi nunggak bertahun tahun sekarang setiba keluarganya ada sakit keteteran ampe ngamuk gajelas padahal hidup kamu gaada disiplinnya anjing,Negatif,5
Sat Aug 03 10:16:25 +0000 2024,bulan lalu aku bilang ke mahasiswa yang karyawan bpjs aku sayang bpjs tapi bpjs ga sayang aku kita jujur dan ga ngefraud tapi karyawannya galak gajelas minta indikator macem macem kewajiban banyak tapi kapitasi ga dikasih kurang dikit langsung maen putus kerjasama,1212MAonTWT,2024-08-03 10:16:25+00:00,2024-08,bulan lalu aku bilang mahasiswa karyawan aku sayang tapi tidak sayang aku kita jujur tidak ngefraud tapi karyawannya galak gajelas minta indikator macem macem kewajiban banyak tapi kapitasi tidak dikasih kurang dikit langsung maen putus kerjasama,Negatif,5
Sat Feb 01 03:15:58 +0000 2025,sumpah ini w jadi jujihun beneran dah bpjs makin lama makin gajelas pasien gua ga keurai2 weh,kembaranpapa,2025-02-01 03:15:58+00:00,2025-02,sumpah w jadi jujihun beneran sudah makin lama makin gajelas pasien saya tidak keurai weh,Negatif,5
Fri Jun 05 23:43:16 +0000 2026,yuji gundar gajelas dah 2 hari mati lampu terus capek bolak balik tangga mana ngasih info dadakan mulu ukt selangit fasilitas sulit,ug_fess,2026-06-05 23:43:16+00:00,2026-06,yuji gundar gajelas sudah hari mati lampu terus capek bolak balik tangga mana kasih info dadakan mulu ukt selangit fasilitas sulit,Negatif,4
Sun May 31 12:18:53 +0000 2026,berarti gausa pake bpjs aja tinggal dateng,chacalizzy,2026-05-31 12:18:53+00:00,2026-05,berarti gausa pakai saja tinggal dateng,Negatif,5
Fri Jan 24 01:14:59 +0000 2025,jahat bgt gabisa ya ga egois para pejabat ini aturan bpjs gajelas eh dana nya dimakan sendiri ya allah sakit hati bgt,matchxlouds,2025-01-24 01:14:59+00:00,2025-01,jahat banget gabisa tidak egois para pejabat aturan gajelas eh dana dimakan sendiri allah sakit hati banget,Negatif,4
Sat May 30 04:29:12 +0000 2026,wkwkwkwkwk kaya mereka mau aja digaji pake sistem bpjs,jihansf,2026-05-30 04:29:12+00:00,2026-05,wkwkwkwkwk kaya mereka mau saja digaji pakai sistem,Negatif,2
Fri Jun 05 11:10:34 +0000 2026,bpjs memang tidak membatasi waktu rawat inap tapi membatasi plafon yo sami mawon plafon bisa bertambah kalau ada diagnosa tambahan tp apa ya klaimnya semudah itu mending ni lawyer kritisi plafon inacbgs biar masuk akal tarifnya buat pasien dan rs nakes named,FitaEst_SpesEst,2026-06-05 11:10:34+00:00,2026-06,memang tidak membatasi waktu rawat inap tapi membatasi plafon yo sami mawon plafon bisa bertambah kalau ada diagnosa tambahan tapi apa klaimnya semudah mending ni lawyer kritisi plafon inacbgs biar masuk akal tarifnya buat pasien rumah sakit nakes named,Negatif,6
Tue Aug 26 10:47:40 +0000 2025,semoga bener sih kebantu banget kalau ada odhiv fase aids nggak punya bpjs tapi semoga pencairannya dari dinasnya prosesnya jelas dan tidak lama ke rumah sakit takutnya kasus yg udah udah pembayaran macet gaji nakes jadi korban,namasayalaut,2025-08-26 10:47:40+00:00,2025-08,semoga bener kebantu banget kalau ada odhiv fase aids tidak punya tapi semoga pencairannya dinasnya prosesnya jelas tidak lama rumah sakit takutnya kasus sudah sudah pembayaran macet gaji nakes jadi korban,Negatif,4
Sun Aug 24 09:22:28 +0000 2025,maaf ott tapi kalo cabut gigi operasi gigi antriannya lama banget pake bpjs padahal gigi tuh kalo udah sakit merembetnya kemana mana beberapa temen gue sampe males kedokter gigi akhirnya gigi bolongnya di abaikan ujung2nya busuk amp infeksi termasuk gue,bakuldimsum_,2025-08-24 09:22:28+00:00,2025-08,maaf ott tapi kalau cabut gigi operasi gigi antriannya lama banget pakai padahal gigi kalau sudah sakit merembetnya kemana mana beberapa temen saya sampe males kedokter gigi akhirnya gigi bolongnya abaikan ujungnya busuk  infeksi termasuk saya,Negatif,6
Sun Sep 21 02:10:05 +0000 2025,tanyarl gais ada yang baru op benjolan lipoma belakangan ini masih di cover bpjs ga sekarang ya ih lipoma sender di paha jadi nyeri masa padahal udh ada lama banget tapi baru nyeri sekarang baru 2 hari sih,tanyakanrl,2025-09-21 02:10:05+00:00,2025-09,tanyarl gais ada baru op benjolan lipoma belakangan masih cover tidak sekarang ih lipoma sender paha jadi nyeri masa padahal sudah ada lama banget tapi baru nyeri sekarang baru hari,Negatif,5
Wed May 14 11:24:58 +0000 2025,rasanya pen nangis ya allah antrian pasien bpjs membludak banget mana lama bgt antre obatnya,Indahsepti111,2025-05-14 11:24:58+00:00,2025-05,rasanya pen nangis allah antrian pasien membludak banget mana lama banget antre obatnya,Negatif,5
Sat Jul 05 09:00:50 +0000 2025,sumpah rs hermina jatinegara ini ga banget pelayanannya lama banget mau bayar harus nunggu sampe 2x ambil obat harus nunggu lagi dipanggil padahal w bayar mandiri gapake bpjs asuransi beda sama yg di kemayoran satset,disojuin,2025-07-05 09:00:50+00:00,2025-07,sumpah rumah sakit hermina jatinegara tidak banget pelayanannya lama banget mau bayar harus nunggu sampe x ambil obat harus nunggu lagi dipanggil padahal w bayar mandiri gapake asuransi beda sama kemayoran satset,Negatif,5
Thu Dec 12 14:48:20 +0000 2024,pelayanan bpjs di rs emang lambat banget ya semua rs begini apa gmn sih gondok gua jdnya udah dipanggilnya lama ngambil obat juga lama bayangin aja ngambil obat sampe 5 jam yg diambil cm 3 bungkus doang lagi mending amat kalo banyak rugi bgt bayar bpjs kelas 1 pelayanan begini,yfs199,2024-12-12 14:48:20+00:00,2024-12,pelayanan rumah sakit emang lambat banget semua rumah sakit begini apa bagaimana gondok saya jdnya sudah dipanggilnya lama ngambil obat juga lama bayangin saja ngambil obat sampe jam diambil cuma bungkus doang lagi mending amat kalau banyak rugi banget bayar kelas pelayanan begini,Negatif,5
Wed Feb 26 06:30:44 +0000 2025,biaya menangani pasien bpjs se indonesia per tahun cuma 150 t dipakai bareng ratusan juta orang jd dihemat banget yg disetor ke rs kecil jd kesulitan menggaji karyawan lebih pelayanan obat lama antri kok bisa beberapa orang doank tega nyusahin negara ratusan t ya,Marimar_Aauw,2025-02-26 06:30:44+00:00,2025-02,biaya menangani pasien se indonesia per tahun cuma t dipakai bareng ratusan juta orang jadi dihemat banget disetor rumah sakit kecil jadi kesulitan menggaji karyawan lebih pelayanan obat lama antri bisa beberapa orang doank tega nyusahin negara ratusan t,Negatif,5
Tue Aug 05 14:30:06 +0000 2025,punten infokan psikolog psikiater yang kalau pake bpjs antre gak terlalu lama sender mau minta rujukan udah gak kuat banget sama mental yang berantakan ini,ipb_menfess,2025-08-05 14:30:06+00:00,2025-08,punten infokan psikolog psikiater kalau pakai antre tidak terlalu lama sender mau minta rujukan sudah tidak kuat banget sama mental berantakan,Negatif,1
Sat Oct 26 10:07:30 +0000 2024,pake bpjs lama banget awokaowkw,pausg0reng,2024-10-26 10:07:30+00:00,2024-10,pakai lama banget awokaowkw,Negatif,7
Wed Oct 16 11:42:45 +0000 2024,cek kesehatan mental di dokter pake bpjs butuh waktu luang yg banyak dan proses lama ga ndes rasanya dah gakuat banget,SmgMenfess,2024-10-16 11:42:45+00:00,2024-10,cek mental dokter pakai butuh waktu luang banyak proses lama tidak ndes rasanya sudah gakuat banget,Negatif,4
Wed Jul 09 03:10:45 +0000 2025,aku gapernah pake bpjs karena pengurusannya ribet banget maless kemarin sakit aku langsung umum rawat jalan dirumah biarlah bayar lebih yg penting sat set,y_urfavoritesky,2025-07-09 03:10:45+00:00,2025-07,aku gapernah pakai karena pengurusannya ribet banget maless kemarin sakit aku langsung umum rawat jalan dirumah biarlah bayar lebih penting sat set,Negatif,6
Fri Apr 18 04:40:15 +0000 2025,beneran ya pelayanan pake bpjs tuh ribet banget sebenernya kalo banyak yg komplain krn sistemnya banyak kekurangan menurutku sistemnya udah paling menguntungkan masyarakat sebenernya,flvxxetine,2025-04-18 04:40:15+00:00,2025-04,beneran pelayanan pakai ribet banget sebenernya kalau banyak komplain karena sistemnya banyak kekurangan menurutku sistemnya sudah paling menguntungkan masyarakat sebenernya,Negatif,2
Mon Oct 06 01:54:47 +0000 2025,kasian aja kak mana bikin bpjs ribet banget sekarang,riangrindu,2025-10-06 01:54:47+00:00,2025-10,kasian saja mana membuat ribet banget sekarang,Negatif,4
Tue Jun 03 04:00:04 +0000 2025,cah ada yg tau persyaratan cairin bpjs jht ke kantor bpjs nggak ya aku di jmo ribet banget,KediriFess,2025-06-03 04:00:04+00:00,2025-06,cah ada tahu persyaratan cairin jht kantor tidak aku jmo ribet banget,Negatif,4
Sun May 25 10:20:11 +0000 2025,demi allah trnyt bpjs di indonesia itu ribet banget ya kalo ke klinik hrs di faskes utamanya kalo ga di faskes itu masuknya poli umum mana klinik ub minggu ga buka lg anjgggg gini amt,seruniize,2025-05-25 10:20:11+00:00,2025-05,demi allah trnyt indonesia ribet banget kalau klinik harus faskes utamanya kalau tidak faskes masuknya poli umum mana klinik ub minggu tidak buka lagi anjg gini amt,Negatif,5
Mon Jun 03 14:26:28 +0000 2024,sorry mas gw lg gaada duit buat perpanjang obat bpjs kyk tai ribet banget setan,wwillbefine,2024-06-03 14:26:28+00:00,2024-06,sorry mas saya lagi gaada duit buat perpanjang obat kyk tai ribet banget setan,Negatif,6
Sat Oct 05 03:57:36 +0000 2024,sebagai nakes dan pasien saraf kejepit lumbal bpjs itu emang membantu banget iya ribet sih ngurusin rujukan ini itu tapi daripada lu harus keluar minimal 200k tiap konsul ke dokter spesialis belum lagi pemeriksaan rontgen sama mri dan obat juga,heyrandomraven,2024-10-05 03:57:36+00:00,2024-10,sebagai nakes pasien saraf kejepit lumbal emang membantu banget iya ribet ngurusin rujukan tapi daripada kamu harus keluar minimal k tiap konsul dokter spesialis belum lagi pemeriksaan rontgen sama mri obat juga,Negatif,5
Mon Sep 15 04:43:06 +0000 2025,aku tu udah harusnya endoskopi tapi masih bertele tele masih di arahkan usg ribet banget pake bpjs,poisonivy_ixiv,2025-09-15 04:43:06+00:00,2025-09,aku tu sudah harusnya endoskopi tapi masih bertele tele masih arahkan usg ribet banget pakai,Negatif,6
Tue Aug 05 09:22:15 +0000 2025,ini sudah cerita masa lalu pre bpjs sekarang lahiran pake bpjs di bidan itu ribet banget kayak mau macarin anak dandim mana dapetnya engga seberapa juga,ardi_tama1,2025-08-05 09:22:15+00:00,2025-08,sudah cerita masa lalu pre sekarang lahiran pakai bidan ribet banget kayak mau macarin anak dandim mana dapetnya engga seberapa juga,Negatif,4
Mon Dec 30 15:36:36 +0000 2024,mau gk mau harus siap dana darurat buat keadaan urgent alur bpjs ribet banget apalagi kalo faskes 1 nya bebel gak mau ngasi rujukan rs yang kita mau,castlechae_,2024-12-30 15:36:36+00:00,2024-12,mau tidak mau harus siap dana darurat buat keadaan urgent alur ribet banget apalagi kalau faskes bebel tidak mau ngasi rujukan rumah sakit kita mau,Negatif,5
Tue Jul 09 01:01:26 +0000 2024,di puskesmas ada ibu2 dateng minta dirujuk rujukan ini ribet ya apalagi bpjs banyak banget ketentuannya dan pasien dengan indikasi tertentu aja yang bs dirujuk ditanya keluhannya apa adalah pokonya keluhannya beberapa hari yg lalu tp skrng udah gaada keluhan samsek,clarxtyz,2024-07-09 01:01:26+00:00,2024-07,puskesmas ada ibu dateng minta dirujuk rujukan ribet apalagi banyak banget ketentuannya pasien dengan indikasi tertentu saja bisa dirujuk ditanya keluhannya apa adalah pokonya keluhannya beberapa hari lalu tapi skrng sudah gaada keluhan samsek,Negatif,5
Wed Aug 27 01:45:40 +0000 2025,dulu zaman pendidikan paru 15 tahun lalu belum bpjs masih gakin jamkes tb banyak pasien miskin banget level surveyor pas nyurvei kediamannya aja secara visual iba sekarang tb banyak banget merata bukan yg sangat miskin mungkin jatuh miskin atau makin susah hidupnya,Marimar_Aauw,2025-08-27 01:45:40+00:00,2025-08,dulu zaman pendidikan paru tahun lalu belum masih gakin jamkes tb banyak pasien miskin banget level surveyor pas nyurvei kediamannya saja secara visual iba sekarang tb banyak banget merata bukan sangat miskin mungkin jatuh miskin atau makin susah hidupnya,Negatif,7
Tue Nov 04 05:53:17 +0000 2025,susah banget sakit ya allah asam lambung 4 hari ga sembuh tenggorokan sakit parah buat nelen tiap mau makan walau dikit langsung nyeri dan sesek sekarang bahkan muntah muntah udah bolak balik ke puskes gonta ganti obat ga ada yang ngaruh mau ke ugd takut ga bisa bpjs,xiaaayoouu,2025-11-04 05:53:17+00:00,2025-11,susah banget sakit allah asam lambung hari tidak sembuh tenggorokan sakit parah buat nelen tiap mau makan walau dikit langsung nyeri sesek sekarang bahkan muntah muntah sudah bolak balik puskes gonta ganti obat tidak ada ngaruh mau ugd takut tidak bisa,Negatif,5
Fri Jul 18 05:05:22 +0000 2025,kalo pindah ke luar negeri jangan lupa matiin bpjs gaes kalo nggak susah banget matiinnya ditagih terus pula suer,Tweesca,2025-07-18 05:05:22+00:00,2025-07,kalau pindah luar negeri jangan lupa matiin gaes kalau tidak susah banget matiinnya ditagih terus pula suer,Negatif,5
Tue Dec 03 18:36:44 +0000 2024,susah banget anjing minta orang pake bpjs tau sih dulu lu kaya mau ke rs tinggal keluar duit doang atau pake asuransi kakak lu tapi kan sekarang kondisinya terbalik susah bener diajak mikir kalo kita tuh lagi miskin woi minimal buat bisa berobat mah bikin bpjs lach,unniegiry,2024-12-03 18:36:44+00:00,2024-12,susah banget anjing minta orang pakai tahu dulu kamu kaya mau rumah sakit tinggal keluar duit doang atau pakai asuransi kakak kamu tapi sekarang kondisinya terbalik susah bener diajak mikir kalau kita lagi miskin woi minimal buat bisa berobat mah membuat lach,Negatif,2
Thu Jun 19 03:45:14 +0000 2025,sebagai org yg tiap bulan kontrol ke rs pake bpjs karena ngidap penyakit kronis aku ngerasain bgt efek efisiensi dimana kadang obatnya ga ada di farmasi rs dan harus beli ke apotek atau obat yang dikasih cuma setengah nya nangis banget mau sehat aja susah,tanyakanrl,2025-06-19 03:45:14+00:00,2025-06,sebagai orang tiap bulan kontrol rumah sakit pakai karena ngidap penyakit kronis aku ngerasain banget efek efisiensi dimana kadang obatnya tidak ada farmasi rumah sakit harus beli apotek atau obat dikasih cuma setengah nangis banget mau sehat saja susah,Negatif,5
Tue Feb 18 07:13:03 +0000 2025,gapernah pengen demo seumur hidup except this time ada kip amp bpjs aja hidup tuh susah banget being a first daughter in this family dari umur 19 aku udah double triple job sambil kuliah amp itu pun masih berat terus sekarang kip terancam hilang ukt terancam naik bpjs juga,dunkiiindunme,2025-02-18 07:13:03+00:00,2025-02,gapernah pengen demo seumur hidup except this time ada kip  saja hidup susah banget being a first daughter in this family umur aku sudah double triple job sambil kuliah  pun masih berat terus sekarang kip terancam hilang ukt terancam naik juga,Negatif,6
Thu Dec 12 02:55:09 +0000 2024,work aku harusnya dapet pbjs dari kantor sebelum kerja status bpjs ku pbi yang gratis kalau pindah ke ppu yang ngurus perusahaan kan ya soalnya hrd aku susah banget dihubungi,worksfess,2024-12-12 02:55:09+00:00,2024-12,work aku harusnya dapet pbjs kantor sebelum kerja status ku pbi gratis kalau pindah ppu ngurus perusahaan soalnya hrd aku susah banget dihubungi,Negatif,4
Wed May 22 09:33:47 +0000 2024,jogja ni susah banget nemu optik mitra bpjs ajg,paleeisme,2024-05-22 09:33:47+00:00,2024-05,jogja ni susah banget nemu optik mitra ajg,Negatif,4
Wed Apr 09 15:53:08 +0000 2025,dianter siapa weh suami masing masing yang anter bpjs noh susah banget dipake mau usg aja mesti ke faskes 1 lah mana jamnya pagi doang ga mikirin orang kerja apa koar koar negara welfare tapi edu sama health bukan prioritas wkwkwk kocak,eanisayu,2025-04-09 15:53:08+00:00,2025-04,dianter siapa weh suami masing masing anter noh susah banget dipake mau usg saja mesti faskes lah mana jamnya pagi doang tidak mikirin orang kerja apa koar koar negara welfare tapi edu sama health bukan prioritas tertawa kocak,Negatif,4
Tue Mar 03 19:18:45 +0000 2026,guys kalau tes adhd itu gaditanggung bpjs ya hmm soalnya kayaknya gw mo coba tes jujur pengen nyoba karena baca ciri ciri nya hampir semua ngarah ke gue dan jujur itu ngeganggu banget dari kecil suka dimarahin karena susah fokus,muncorner,2026-03-03 19:18:45+00:00,2026-03,guys kalau tes adhd gaditanggung hmm soalnya kayaknya saya mo coba tes jujur pengen nyoba karena baca ciri ciri hampir semua ngarah saya jujur ngeganggu banget kecil suka dimarahin karena susah fokus,Negatif,2
Fri Jun 05 23:40:55 +0000 2026,anjir dri kemaren mulai kumat ga nyenyak tidurnya gelisah banget rasanya kerjaan sialan,universe1to13,2026-06-05 23:40:55+00:00,2026-06,anjir dri kemaren mulai kumat tidak nyenyak tidurnya gelisah banget rasanya kerjaan sialan,Negatif,4
Fri Aug 01 10:51:01 +0000 2025,work susah banget mau manfaatin bpjs sebagai pekerja yang kerja 8 5 untuk perawatan gigi karena puskesmas mayoritas bukanya di weekday dan pagi siang aja,worksfess,2025-08-01 10:51:01+00:00,2025-08,work susah banget mau manfaatin sebagai pekerja kerja untuk perawatan gigi karena puskesmas mayoritas bukanya weekday pagi siang saja,Negatif,7
Sun Feb 02 13:12:54 +0000 2025,gue beneran capek sama bpjs tolong banget ini mah petugas bpjs yang edukasi masalah beginian,_heavenpostman,2025-02-02 13:12:54+00:00,2025-02,saya beneran capek sama tolong banget mah petugas edukasi masalah beginian,Negatif,5
Fri Jun 05 15:25:40 +0000 2026,kerja full 5 hari bangun jam 4 pagi jalan set6 pulang jam 7an libur cuman sabtu minggu dan liat kerjaan rumah ga ada selesainya liat keponakan yang malah makin buat capek liatnya ibunya yg cuman teriak dan keliatan banget ga siap jadi ibu oh tuhan aku sudah di batas lelah ku,bojoeenamjoon,2026-06-05 15:25:40+00:00,2026-06,kerja full hari bangun jam pagi jalan set pulang jam an libur cuman sabtu minggu liat kerjaan rumah tidak ada selesainya liat keponakan malah makin buat capek liatnya ibunya cuman teriak keliatan banget tidak siap jadi ibu oh tuhan aku sudah batas lelah ku,Negatif,5
Tue Jun 02 05:10:11 +0000 2026,yang baper pulang aja,suficientenn,2026-06-02 05:10:11+00:00,2026-06,baper pulang saja,Negatif,4
Mon May 25 10:46:20 +0000 2026,mau tanya chit alo bpjs bisa buat operasi plastik ga guys capek banget first date ceweknya kabur terus,chitchatfess,2026-05-25 10:46:20+00:00,2026-05,mau tanya chit alo bisa buat operasi plastik tidak guys capek banget first date ceweknya kabur terus,Negatif,4
Fri Jun 05 23:40:48 +0000 2026,bilang capek tapi disuruh mundur ga mau hadehhh,gbpishere,2026-06-05 23:40:48+00:00,2026-06,bilang capek tapi disuruh mundur tidak mau hadeh,Negatif,1
Fri Jun 05 06:54:40 +0000 2026,coba kalau besok pagi kolega kantor nanya gimana kabar dan bapak jawab jujur gak baik bro gue capek banget bukan capek kerja capek semuanya capek mikirin cicilan capek mikirin anak capek jadi orang yang harus kuat terus kadang gue pengen berhenti sebentar tapi gak bisa karena semua orang bergantung sama gue bayangkan muka kolega itu dia akan bingung panik gak tau harus jawab apa,fajrek1,2026-06-05 06:54:40+00:00,2026-06,coba kalau besok pagi kolega kantor nanya gimana kabar bapak jawab jujur tidak baik bro saya capek banget bukan capek kerja capek semuanya capek mikirin cicilan capek mikirin anak capek jadi orang harus kuat terus kadang saya pengen berhenti sebentar tapi tidak bisa karena semua orang bergantung sama saya bayangkan muka kolega dia akan bingung panik tidak tahu harus jawab apa,Negatif,4
Fri Jun 05 23:06:25 +0000 2026,aku gak masalah buat dengerin cerita orang tapi kalo dengerin orang nyerocos terus berjam jam dan gak dikasih kesempatan buat cerita juga ya capek siapa coba yang gak capek dengerin org ngomong terus pas giliran mau cerita juga dipotong terus harus ngedengerin orang lagi hadeh,t4_gabut,2026-06-05 23:06:25+00:00,2026-06,aku tidak masalah buat dengerin cerita orang tapi kalau dengerin orang nyerocos terus berjam jam tidak dikasih kesempatan buat cerita juga capek siapa coba tidak capek dengerin orang ngomong terus pas giliran mau cerita juga dipotong terus harus ngedengerin orang lagi hadeh,Negatif,6
Fri Jun 05 23:09:30 +0000 2026,iya lagi jadwal kantor lagi padat banget bub huhu lelah bingit jadinya,batkpia,2026-06-05 23:09:30+00:00,2026-06,iya lagi jadwal kantor lagi padat banget bub huhu lelah bingit jadinya,Negatif,4
Fri Jun 05 23:17:23 +0000 2026,hari ini bagun pagi karena kaki kram sakitnya beeeh,terrapuella,2026-06-05 23:17:23+00:00,2026-06,hari bagun pagi karena kaki kram sakitnya beh,Negatif,5
Thu Jun 04 18:06:54 +0000 2026,combo bgt dah diare gaenak badan cape kerja ngantuk tapi gabisa tidur dan bsk masih harus kerja dgn kondisi pasien banyak macem macem,hyhara_ila,2026-06-04 18:06:54+00:00,2026-06,combo banget sudah diare gaenak badan cape kerja ngantuk tapi gabisa tidur bsk masih harus kerja dengan kondisi pasien banyak macem macem,Negatif,3
Fri Jun 05 23:32:41 +0000 2026,kenapa ko dangan dari jam 1 4 cape banget kekk yang arghhh pegel semuaaa padahal ya cuma duduk doang,riskaliviaa,2026-06-05 23:32:41+00:00,2026-06,kenapa ko dangan jam cape banget kekk argh pegel semua padahal cuma duduk doang,Negatif,6
Fri Jun 05 23:16:40 +0000 2026,nah bener nahan2 penonton supaya nonton sampe malem krna atlet indo ditaro diakhir eh bsknya pas final loyo lemah krna kurang istirahat salah siapa ya panitia penyelenggaranya,krnafrd,2026-06-05 23:16:40+00:00,2026-06,nah bener nahan penonton supaya nonton sampe malem krna atlet indo ditaro diakhir eh bsknya pas final loyo lemah krna kurang istirahat salah siapa panitia penyelenggaranya,Negatif,7
Fri Jun 05 16:23:48 +0000 2026,1 more day till pbakl habis fr im physically and mentally exhausted from berdiri lelama and pikir pasal tak dapat jumpa bts ni i cant even walk properly rn,luvvtaehyungie,2026-06-05 16:23:48+00:00,2026-06,more day till pbakl habis fr im physically and mentally exhausted from berdiri lelama and pikir pasal tak dapat jumpa bts ni i cant even walk properly rn,Negatif,5
Fri Jun 05 16:50:49 +0000 2026,ngerasa lagi capek banget bener2 capeeeeekkkkkk,basogorengg,2026-06-05 16:50:49+00:00,2026-06,ngerasa lagi capek banget bener capek,Negatif,5
Fri Jun 05 17:21:54 +0000 2026,kabeh manusa ker cape jigana loba nu ngeluh dengan berbagai alasan semangat prend istirahat heula sejenak ulah ngarasa sarorangan,Bgssgb_,2026-06-05 17:21:54+00:00,2026-06,kabeh manusa ker cape jigana loba nu ngeluh dengan berbagai alasan semangat prend istirahat heula sejenak ulah ngarasa sarorangan,Negatif,6
Thu Jan 02 14:56:03 +0000 2025,aku pengen daftar bpjs deh terus pengen operasi aku udah capek banget sama penyakit ku sendiri gimana yah caranya daftar bpjs sama ngajuin operasi yg ditanggung bpjs duhhh ribet gak sih,etherealhayzes,2025-01-02 14:56:03+00:00,2025-01,aku pengen daftar terus pengen operasi aku sudah capek banget sama penyakit ku sendiri gimana yah caranya daftar sama ngajuin operasi ditanggung duh ribet tidak,Negatif,5
Fri Jun 05 23:06:23 +0000 2026,ya allah aku semaleman nangis gara2 anxiety mikir tiket anxiety kepikiran macem2 trs kepikiran unnie pagi ini pas mau nutup pager pagerku jatoh gedebang bgt bunyinyaa tetangga tetanggaku pada keluar trs aku mau angkat sendiri ternyata berat bgt gk kuat,jjaefree,2026-06-05 23:06:23+00:00,2026-06,allah aku semaleman nangis gara anxiety mikir tiket anxiety kepikiran macem terus kepikiran unnie pagi pas mau nutup pager pagerku jatoh gedebang banget bunyinyaa tetangga tetanggaku pada keluar terus aku mau angkat sendiri ternyata berat banget tidak kuat,Negatif,5
Thu Jun 04 10:51:28 +0000 2026,kalo mau ganti pakai bpjs berarti obatku harus diganti semua butuh waktu dan usaha lagi buat cari racikan kombinasi dan dosis yang pas obat yang ini aja butuh waktu 2 tahun biar nemu yang cocok sama aku capek banget jujur aku rasanya putus asa kenapa sih aku harus sakit,nnarasumanara,2026-06-04 10:51:28+00:00,2026-06,kalau mau ganti pakai berarti obatku harus diganti semua butuh waktu usaha lagi buat cari racikan kombinasi dosis pas obat saja butuh waktu tahun biar nemu cocok sama aku capek banget jujur aku rasanya putus asa kenapa aku harus sakit,Negatif,5
Fri Aug 09 15:43:29 +0000 2024,benefi gaji pokok tuh gimana maksudnya sih anjir sedangkan bpjs jadi benefit aja tuh udah salah banget pengen marah tp capek,tendaloyn,2024-08-09 15:43:29+00:00,2024-08,benefi gaji pokok gimana maksudnya anjir sedangkan jadi benefit saja sudah salah banget pengen marah tapi capek,Negatif,1
Fri Jun 05 17:00:12 +0000 2026,pak bapak boleh capek capek itu bukti bahwa bapak masih berjuang yang gak boleh capek itu disimpan sendirian sampai bapak lupa bahwa bapak juga manusia yang butuh ditolong makin dewasa makin banyak capek yang dipendam sendiri itu benar tapi makin dewasa juga harusnya makin berani bilang gue butuh bantuan,fajrek1,2026-06-05 17:00:12+00:00,2026-06,pak bapak boleh capek capek bukti bahwa bapak masih berjuang tidak boleh capek disimpan sendirian sampai bapak lupa bahwa bapak juga manusia butuh ditolong makin dewasa makin banyak capek dipendam sendiri benar tapi makin dewasa juga harusnya makin berani bilang saya butuh bantuan,Negatif,5
Fri Jun 05 16:59:43 +0000 2026,dalam psikologi capek tanpa penyebab spesifik ini punya nama existential fatigue kelelahan eksistensial bukan depresi klinis yang membutuhkan diagnosa medis bukan burnout kerja yang bisa diatasi dengan cuti ini kelelahan terhadap kehidupan itu sendiri tandanya gak ada yang salah secara spesifik tapi semuanya terasa berat gak ada yang membuat sangat sedih tapi juga gak ada yang membuat sangat senang badan mau istirahat tapi pikiran gak bisa berhenti liburan pun gak membantu,fajrek1,2026-06-05 16:59:43+00:00,2026-06,dalam psikologi capek tanpa penyebab spesifik punya nama existential fatigue kelelahan eksistensial bukan depresi klinis membutuhkan diagnosa medis bukan burnout kerja bisa diatasi dengan cuti kelelahan terhadap kehidupan sendiri tandanya tidak ada salah secara spesifik tapi semuanya terasa berat tidak ada membuat sangat sedih tapi juga tidak ada membuat sangat senang badan mau istirahat tapi pikiran tidak bisa berhenti liburan pun tidak membantu,Negatif,3
Sat May 30 18:20:12 +0000 2026,gw kek pengen pijet tt dah capek bgt rasanya,b00bi3st,2026-05-30 18:20:12+00:00,2026-05,saya seperti pengen pijet tt sudah capek banget rasanya,Negatif,4
Thu Feb 01 18:49:15 +0000 2024,ak coblos siapapun capres yg bisa nyediain ct scan di rsud rsud tipe c terpencil krn cok capek sapa si ini yg bikin aturan bpjs sisrute seabad ada sp n tp ct scan nya gaada petugas bpjs u better come here jelasin ke pasien masalah kronis yg berlarut larut ini,soylattays,2024-02-01 18:49:15+00:00,2024-02,ak coblos siapapun capres bisa nyediain ct scan rsud rsud tipe c terpencil karena cok capek sapa si membuat aturan sisrute seabad ada sp n tapi ct scan gaada petugas u better come here jelasin pasien masalah kronis berlarut larut,Negatif,6
Fri Jun 05 13:14:37 +0000 2026,setiap pulang kerja kayak capek banget rebahan bentar pasti bablas ketiduran minimal 2 jam bangun segeran tapi malemnya ga bisa tidur skrg jadi kebiasaan susah balikin ke settingan awal,MeliEngku,2026-06-05 13:14:37+00:00,2026-06,setiap pulang kerja kayak capek banget rebahan bentar pasti bablas ketiduran minimal jam bangun segeran tapi malemnya tidak bisa tidur sekarang jadi kebiasaan susah balikin settingan awal,Negatif,7
Sat Nov 15 19:17:34 +0000 2025,aduh capek bgt brodi udhlah ngurus pasien bertumpuk tumpuk skrg nambah lg kerjaan jelasin peraturan bpjs yg berubah ubah abis itu kena damprat pasien padahal yg bikin peraturannya bpjs org bpjs nya cuma duduk maniez aja di kantornya dpt gaji gede,RICHARDTARTERN,2025-11-15 19:17:34+00:00,2025-11,aduh capek banget brodi udhlah ngurus pasien bertumpuk tumpuk sekarang nambah lagi kerjaan jelasin peraturan berubah ubah abis kena damprat pasien padahal membuat peraturannya orang cuma duduk maniez saja kantornya dapat gaji gede,Negatif,5
Fri Dec 13 09:18:20 +0000 2024,pengen resign ec 1 aturan bpjs bikin capek edukasi 2 gaji telat terus 3 jasmed ga jelas ga mau resign ec 1 aku sayang lingkungannya 2 ga tau mau ngapain habis ini,tidakdemam,2024-12-13 09:18:20+00:00,2024-12,pengen resign ec aturan membuat capek edukasi gaji telat terus jasmed tidak jelas tidak mau resign ec aku sayang lingkungannya tidak tahu mau ngapain habis,Negatif,4
Fri Jun 05 15:40:58 +0000 2026,langsung ambil tisu dan basahin pake aer minum kompres sementara karena nyut2an parah dan milih pura2 tidur soalnya malu kalo nangis padahal aslinya ngebet banget weh baru nangis pas di ruang p3k pas kena alkohol dan betadine,anotherskyg,2026-06-05 15:40:58+00:00,2026-06,langsung ambil tisu basahin pakai aer minum kompres sementara karena nyutan parah milih pura tidur soalnya malu kalau nangis padahal aslinya ngebet banget weh baru nangis pas ruang pk pas kena alkohol betadine,Negatif,5
Sat Feb 01 02:36:27 +0000 2025,yaaak ayo terus2 spill kebobrokan bpjs semuaaa yey jujur dulu capek bgttt yang bikin kebijakan bpjs tapi yang dimaki2 pasien malah tenaga medisnya,nanathemage,2025-02-01 02:36:27+00:00,2025-02,yak ayo terus spill kebobrokan semua yey jujur dulu capek banget membuat kebijakan tapi dimaki pasien malah tenaga medisnya,Negatif,2
Mon Sep 15 00:31:23 +0000 2025,bpjs ini lho yang bikin capek tuh banyak pasien dateng ke igd yg gak masuk kriteria bpjs udah periksa capek jelasinnya tapi gak dapet apa2 karena ya pada gak mau kalo ganti jadi umum,chocobbokari,2025-09-15 00:31:23+00:00,2025-09,lho membuat capek banyak pasien dateng igd tidak masuk kriteria sudah periksa capek jelasinnya tapi tidak dapet apa karena pada tidak mau kalau ganti jadi umum,Negatif,5
Tue Mar 04 07:44:20 +0000 2025,mau minta ke mama bikin bpjs biso dak yoooo aku capek nn harus kek gini dak biso aku tahannn,freakypi,2025-03-04 07:44:20+00:00,2025-03,mau minta mama membuat biso dak yo aku capek nn harus seperti gini dak biso aku tahan,Negatif,5
Sun Oct 13 16:10:54 +0000 2024,iya lg better use uang mandiri jadinya dari pada pake kartu bpjs gunain kartu bpjs juga sama aja 2x lipat ngabisin uang capeknya ga karu karuan gila udah gt juga capek ngurus bikin kartu bpjs nya capek segala gala nya,hibiescuss,2024-10-13 16:10:54+00:00,2024-10,iya lagi better use uang mandiri jadinya pada pakai kartu gunain kartu juga sama saja x lipat ngabisin uang capeknya tidak karu karuan gila sudah begitu juga capek ngurus membuat kartu capek segala gala,Negatif,4
Tue May 28 09:52:18 +0000 2024,tau gak yang bikin ujian kali ini berat banget dia datang pas aku lagi mau mulai rutin kontrol darting sama dm jalur bpjs jadwal kontrol sebanyak ini aku skip semua cuma rontgen aja sekali sisanya aku skip bahkan untuk melanjutkan hidup aja aku udah gamau capek banget,haloOCTA,2024-05-28 09:52:18+00:00,2024-05,tahu tidak membuat ujian kali berat banget dia datang pas aku lagi mau mulai rutin kontrol darting sama dm jalur jadwal kontrol sebanyak aku skip semua cuma rontgen saja sekali sisanya aku skip bahkan untuk melanjutkan hidup saja aku sudah gamau capek banget,Negatif,5
Fri Jun 28 03:41:56 +0000 2024,ah lu gue capek sih bilang bikin bpjs gue mondar mandir ke rs gede kaga bayar tiap berobat apa aje lu mahh itu 1 5jt bisa buat beli sepatu,afterlaughey,2024-06-28 03:41:56+00:00,2024-06,ah kamu saya capek bilang membuat saya mondar mandir rumah sakit gede kaga bayar tiap berobat apa aje kamu mahh juta bisa buat beli sepatu,Negatif,5
Thu Oct 17 13:34:27 +0000 2024,iya aku lakuin ubah pola makan pelan pelan soalnya kalo dibiarin susah beraktifitas ini liver bikin kecapean mau nyuci piring aja capek banget buset dan please gak mau lagi bolak balik igd habisin duit karena jatuhnya gak mengancam jiwa gak bisa pakai bpjs,_Taula_,2024-10-17 13:34:27+00:00,2024-10,iya aku lakuin ubah pola makan pelan pelan soalnya kalau dibiarin susah beraktifitas liver membuat kecapean mau nyuci piring saja capek banget buset please tidak mau lagi bolak balik igd habisin duit karena jatuhnya tidak mengancam jiwa tidak bisa pakai,Negatif,1
Thu Jun 04 12:52:07 +0000 2026,istirahaat dulu pasti tadi capek kaan banyakin minum air putih yaa terus mandi jugaa pasti lengket karena keringetaaan,buttyerflies,2026-06-04 12:52:07+00:00,2026-06,istirahaat dulu pasti tadi capek kaan banyakin minum air putih yaa terus mandi jugaa pasti lengket karena keringetan,Negatif,3
Sat Jul 19 05:17:02 +0000 2025,sebetulnya pelayanan itu sama saja kak kalo dari pihak bpjs mau mensosialisasikan ke masyarakat karena yg di rs udah capek sama pasien kak yg bikin capek karena ga ada sosialisasi ke masyarakat terkait aturan aturan yg baru terus,valiisaa,2025-07-19 05:17:02+00:00,2025-07,sebetulnya pelayanan sama saja kalau pihak mau mensosialisasikan masyarakat karena rumah sakit sudah capek sama pasien membuat capek karena tidak ada sosialisasi masyarakat terkait aturan aturan baru terus,Negatif,5
Fri Jun 05 06:55:25 +0000 2026,makin dewasa makin banyak capek yang dipendam sendiri itu fakta tapi bukan berarti harus terus dipendam karena capek yang dipendam terlalu lama bukan menjadi ringan dia menjadi penyakit keluarkan pak sedikit saja ke satu orang hari ini,fajrek1,2026-06-05 06:55:25+00:00,2026-06,makin dewasa makin banyak capek dipendam sendiri fakta tapi bukan berarti harus terus dipendam karena capek dipendam terlalu lama bukan menjadi ringan dia menjadi penyakit keluarkan pak sedikit saja satu orang hari,Negatif,5
Wed Aug 06 02:31:15 +0000 2025,lu bpjs kata gue daripada ribet ngurusin oh ini kasus fraud terus bikin faskes pada nombok sampai miskin mending lu standby di faskes dan ngasih sosialisasi ke masyarakat cara pakai bpjs capek gue hari hari bertumbuk sama pasien gr2 ide bagus realisasi jelek,lilyontheleash,2025-08-06 02:31:15+00:00,2025-08,kamu kata saya daripada ribet ngurusin oh kasus fraud terus membuat faskes pada nombok sampai miskin mending kamu standby faskes kasih sosialisasi masyarakat cara pakai capek saya hari hari bertumbuk sama pasien gr ide bagus realisasi jelek,Negatif,4
Wed Jan 28 15:31:35 +0000 2026,baru banget diceritain coworker ku yg omanya kena cancer pake bpjs emg berobatnya dicover tp birokrasi nya bikin harus ke rs tiap minggu untuk tes ini itu harusnya seluruh tes itu bisa beres seminggu jd sebulan bagi pasien dan caregiver bolak balik ke rs itu capek bgt,alyaricano,2026-01-28 15:31:35+00:00,2026-01,baru banget diceritain coworker ku omanya kena cancer pakai emg berobatnya dicover tapi birokrasi membuat harus rumah sakit tiap minggu untuk tes harusnya seluruh tes bisa beres seminggu jadi sebulan bagi pasien caregiver bolak balik rumah sakit capek banget,Negatif,5
Fri Jun 05 07:38:22 +0000 2026,skripsian 3 bulan tapi sakitnya 3 minggu sendiri alias tiap bulan sakit i don t feel like i m pushing myself too hard i ve gone two months sleeping only 2 hours a day and it never felt like this lol i m not a youngkeukeu anymore,pikachuteknik,2026-06-05 07:38:22+00:00,2026-06,skripsian bulan tapi sakitnya minggu sendiri alias tiap bulan sakit i don t feel like i m pushing myself too hard i ve gone two months sleeping only hours a day and it never felt like this lol i m not a youngkeukeu anymore,Negatif,5
Wed Aug 20 12:32:58 +0000 2025,gua ga masalah di ruang kelas 2 meski bpjs kelas 1 cuma bikin kesel aja kalau pasien lain yg dtg jenguk dia tuh kek se rt mana berisik pula mau ngamuk tp ini dah tua semua,Fucekboiii,2025-08-20 12:32:58+00:00,2025-08,saya tidak masalah ruang kelas meski kelas cuma membuat kesel saja kalau pasien lain dtg jenguk dia seperti se rt mana berisik pula mau ngamuk tapi sudah tua semua,Negatif,5
Tue Jan 07 10:40:41 +0000 2025,hari hari ada aja yang bpjs lakuin yg bikin gue kesel,catp00h,2025-01-07 10:40:41+00:00,2025-01,hari hari ada saja lakuin membuat saya kesel,Negatif,1
Sun Dec 22 14:29:21 +0000 2024,turunin dong gaji pegawai bpjs kegedean bjir mana mereka gak pake bpjs kesel banget astaghfirullah laknat banget dah lu pada yg kerja di bpjs pajak pokoknya yg bikin sengsara rakyat pokoknya lu laknat,ladanghasegawa,2024-12-22 14:29:21+00:00,2024-12,turunin gaji pegawai kegedean bjir mana mereka tidak pakai kesel banget astaghfirullah laknat banget sudah kamu pada kerja pajak pokoknya membuat sengsara rakyat pokoknya kamu laknat,Negatif,4
Wed Aug 20 08:45:26 +0000 2025,yang bikin kesel dari kasus alm raya ini adalah sistem administrasi pemerintahan yang ribet bgt bener gaada yg mau gerak apalagi bantu mempermudah urusan bpjs si raya karena dioper oper mulu,putriiokt,2025-08-20 08:45:26+00:00,2025-08,membuat kesel kasus alm raya adalah sistem administrasi pemerintahan ribet banget bener gaada mau gerak apalagi bantu mempermudah urusan si raya karena dioper oper mulu,Negatif,4
Wed Feb 12 11:58:04 +0000 2025,masih kesel pasal bikin skck musti ada bpjs buset soalnya bpjs gw lagi penangguhan pembayaran karena udah bukan pekerja penerima upah mau diaktifin keuangan belom stabil kenapa sih orang kecil mau kerja aja pake skck kek muka gw muka2 kriminal kah,TorroSTY,2025-02-12 11:58:04+00:00,2025-02,masih kesel pasal membuat skck musti ada buset soalnya saya lagi penangguhan pembayaran karena sudah bukan pekerja penerima upah mau diaktifin keuangan belom stabil kenapa orang kecil mau kerja saja pakai skck seperti muka saya muka kriminal kah,Negatif,4
Tue Nov 18 11:08:35 +0000 2025,etdah gini amat jadi pasien bpjs padahal jadi pasien bpjs kan bayar juga walaupun metode dan cara bayarnya beda seumur hidup gue gue gak pernah sakit atau ada urusan di rs tapi ini rs beneran bikin gue kesel receh sih tapi gue jadi mikir kaya kalimat di awal,skiesgaze,2025-11-18 11:08:35+00:00,2025-11,etdah gini amat jadi pasien padahal jadi pasien bayar juga walaupun metode cara bayarnya beda seumur hidup saya saya tidak pernah sakit atau ada urusan rumah sakit tapi rumah sakit beneran membuat saya kesel receh tapi saya jadi mikir kaya kalimat awal,Negatif,1
Tue Jun 02 05:21:03 +0000 2026,katanya anak saya harus dirawat lanjutan dulu soalnya lahirnya prematur tapi bpjs nya belum ada soalnya belum sempat ke capil buat urus akta lahir dan kk baru gimana ini,NakesPuskesmas,2026-06-02 05:21:03+00:00,2026-06,katanya anak saya harus dirawat lanjutan dulu soalnya lahirnya prematur tapi belum ada soalnya belum sempat capil buat urus akta lahir kk baru gimana,Negatif,5
Sat Jan 04 03:05:23 +0000 2025,tahu yang bikin lebih kesel lagi ketika verifikator bpjs kesehatan ditanya berkas mana saja yang tidak lengkap menurut mereka dengan entengnya mereka menyuruh kita cari sendiri yang mereka tunjukan hanya contoh keeseeeeeel pake banget,KakakMade,2025-01-04 03:05:23+00:00,2025-01,tahu membuat lebih kesel lagi ketika verifikator ditanya berkas mana saja tidak lengkap menurut mereka dengan entengnya mereka menyuruh kita cari sendiri mereka tunjukan hanya contoh keesel pakai banget,Negatif,5
Thu Jul 24 08:52:26 +0000 2025,hadeh bgt sama bpjs cabang bp jamsostek bikin kesel bgt nagih melulu padahal bayarnya selalu tepat waktu,ame_lotso,2025-07-24 08:52:26+00:00,2025-07,hadeh banget sama cabang bp jamsostek membuat kesel banget nagih melulu padahal bayarnya selalu tepat waktu,Negatif,3
Wed Oct 30 10:11:01 +0000 2024,ikr makanya suka kesel obat tidur yg bpjsable cuma ini bpjs tau gak sih obat ini tuh bikin ketergantungan yg ada ntu pasien bakal balik lagi dan lagi minta ntu obat alias yg ada elu nya tekor,3rezkyaulia3,2024-10-30 10:11:01+00:00,2024-10,ikr makanya suka kesel obat tidur bpjsable cuma tahu tidak obat membuat ketergantungan ada ntu pasien bakal balik lagi lagi minta ntu obat alias ada elu tekor,Negatif,5
Thu Jun 04 07:49:57 +0000 2026,banyk banget ya yang bikin heboh dan bikin kesel hari ini apalagi yang angka 18 itu,0xhanyfa,2026-06-04 07:49:57+00:00,2026-06,banyk banget membuat heboh membuat kesel hari apalagi angka,Negatif,3
Wed Jun 03 11:13:37 +0000 2026,kelen tau gak kenapa gue kesel banget sama prabowo dan kabinet gendutnya umumnya ketika rupiah mengalami depresiasi serta terjadi inflasi pemerintahan yang waras akan melakukan efisiensi besar2an alih2 menganggarkan untuk perjalanan dinas uang itu bisa digunakan sebagai instrumen yang bisa menekan anggaran belanja alias memperkecil defisit apbn negara dengan kondisi seperti indonesia akan fokus melakukan stabilisasi mata uang melalukan disiplin fiskal memotong pengeluaran pemerintah menurunkan suku bunga dan injeksi likuiditas untuk menekan laju inflasi selain itu memangkas regulasi dan bumn yang gak produktif memperbaiki rule of law dan meningkatkan produksi pertanian manufaktur ekspor merupakan langkah langkah yang harus diambil oleh pemerintah untuk menguatkan ekonomi nasional hingga memperkuat nilai tukar rupiah tapi apa yang terjadi pemerintah sudah menghabiskan sekitar 1 triliun rupiah untuk kunker prabowo ke luar negeri apbn boncos untuk membiayai mbg dan kdmp yang tidak tepat sasaran serta masih banyak lagi termasuk jumlah kementerian yang bertambah hanyak lalu dengan kondisi yang seperti tadi apakah masih akan menyalahkan pengkritik yang bertujuan mengingatkan demi kebaikan kita bersama nah yang jadi pertanyaan yang bikin negara ini hancur itu siapa prabowo atau asing,Hnirankara,2026-06-03 11:13:37+00:00,2026-06,kelen tahu tidak kenapa saya kesel banget sama prabowo kabinet gendutnya umumnya ketika rupiah mengalami depresiasi serta terjadi inflasi pemerintahan waras akan melakukan efisiensi besaran alih menganggarkan untuk perjalanan dinas uang bisa digunakan sebagai instrumen bisa menekan anggaran belanja alias memperkecil defisit apbn negara dengan kondisi seperti indonesia akan fokus melakukan stabilisasi mata uang melalukan disiplin fiskal memotong pengeluaran pemerintah menurunkan suku bunga injeksi likuiditas untuk menekan laju inflasi selain memangkas regulasi bumn tidak produktif memperbaiki rule of law meningkatkan produksi pertanian manufaktur ekspor merupakan langkah langkah harus diambil oleh pemerintah untuk menguatkan ekonomi nasional hingga memperkuat nilai tukar rupiah tapi apa terjadi pemerintah sudah menghabiskan sekitar triliun rupiah untuk kunker prabowo luar negeri apbn boncos untuk membiayai kdmp tidak tepat sasaran serta masih banyak lagi termasuk jumlah kementerian bertambah hanyak lalu dengan kondisi seperti tadi apakah masih akan menyalahkan pengkritik bertujuan mengingatkan demi kebaikan kita bersama nah jadi pertanyaan membuat negara hancur siapa prabowo atau asing,Negatif,5
Thu Jun 04 11:15:08 +0000 2026,aslii bikin kesel banget apalagi kitanya udah siap tapi dia malah baru mau siap2,stwobrri,2026-06-04 11:15:08+00:00,2026-06,aslii membuat kesel banget apalagi kitanya sudah siap tapi dia malah baru mau siap,Negatif,5
Fri Jun 05 07:12:09 +0000 2026,kasian banget ya agama yang katanya rahmatan lil alamin tapi toa nya malah bikin orang kesel amp muak,Matahari_tmr,2026-06-05 07:12:09+00:00,2026-06,kasian banget agama katanya rahmatan lil alamin tapi toa malah membuat orang kesel  muak,Negatif,7
Tue Jun 02 09:29:41 +0000 2026,kesel banget bang prediksi dia msh kuat utk ttp menjabat lagi lalu apa gunanya rame di medsos ga bikin malu mrk utk turun dgn sendirinya,SeriDianawati,2026-06-02 09:29:41+00:00,2026-06,kesel banget bang prediksi dia msh kuat untuk ttp menjabat lagi lalu apa gunanya rame medsos tidak membuat malu mrk untuk turun dengan sendirinya,Negatif,4
Tue Jun 02 05:39:19 +0000 2026,bahlil sedang pakai playbook komunikasi politik jokowi dgn lagu mbg dia tau kok itu sarkas amp hinaan tp dia menikmati lha ini ada pejabat yg komunikasinya jelek banget jatohnya malah bikin orang kesel gibran aja gak seburuk itu komunikasinya even waktu debat dgn mahfud md,Ramadhan_M81,2026-06-02 05:39:19+00:00,2026-06,bahlil sedang pakai playbook komunikasi politik jokowi dengan lagu dia tahu sarkas  hinaan tapi dia menikmati lha ada pejabat komunikasinya jelek banget jatohnya malah membuat orang kesel gibran saja tidak seburuk komunikasinya even waktu debat dengan mahfud md,Negatif,4
Wed Jun 03 05:26:28 +0000 2026,kesel banget toren kontrakan belakang rumah tuh suka luber luber jadinya airnya bikin banjir dan bkin dinding gue basah lembab akhirnya barusan gue teriakin orangnya kesel abis sumpah,aglioolioo_,2026-06-03 05:26:28+00:00,2026-06,kesel banget toren kontrakan belakang rumah suka luber luber jadinya airnya membuat banjir bkin dinding saya basah lembab akhirnya barusan saya teriakin orangnya kesel abis sumpah,Negatif,6
Tue Jun 02 17:06:31 +0000 2026,dzzara hijab viral budak malaysia bocil baju oren bocil sok imut bpjs penggantinya kepala bgn,berzburu,2026-06-02 17:06:31+00:00,2026-06,dzzara hijab viral budak malaysia bocil baju oren bocil sok imut penggantinya kepala bgn,Negatif,6
Wed Apr 22 03:43:44 +0000 2026,penting banget kak gak mau ngurus bpjs ntar pas ada yg sakit ngeriwehin aku tuh bikin aku kesel maap,sunriseveil,2026-04-22 03:43:44+00:00,2026-04,penting banget tidak mau ngurus ntar pas ada sakit ngeriwehin aku membuat aku kesel maap,Negatif,5
Sat May 30 04:57:28 +0000 2026,bikin kesel banget yah kak,RohanaOhan21951,2026-05-30 04:57:28+00:00,2026-05,membuat kesel banget yah,Negatif,1
Fri Jun 05 16:31:09 +0000 2026,emang bikin kesel banget,PerempuanStory,2026-06-05 16:31:09+00:00,2026-06,emang membuat kesel banget,Negatif,3
Tue Jun 02 13:25:33 +0000 2026,ama gw tuh jangan bikin janji kalo ga bisa menuhin sebenarnya simpel banget yes or no itu aja kalo yes penuhin kalo no ya gpp tapi kalo bilang yes dan ga bisa menuhin gw malah jadi kesel,SambilNgopiYuk,2026-06-02 13:25:33+00:00,2026-06,ama saya jangan membuat janji kalau tidak bisa menuhin sebenarnya simpel banget yes or no saja kalau yes penuhin kalau no gpp tapi kalau bilang yes tidak bisa menuhin saya malah jadi kesel,Negatif,6
Sat Feb 07 12:24:45 +0000 2026,apbn gemuk dari keringat rakyat 85 penerimaan negara 2026 asalnya dari pajak rakyat tapi saat rakyat sakit pengen berobat bantuan bpi bpjs dicabut dinonaktifkan tiba tiba negara pemalak korup nyusahin bebanin rakyat kebijakan klean sembah bangsat,Opposisi6890,2026-02-07 12:24:45+00:00,2026-02,apbn gemuk keringat rakyat penerimaan negara asalnya pajak rakyat tapi saat rakyat sakit pengen berobat bantuan bpi dicabut dinonaktifkan tiba tiba negara pemalak korup nyusahin bebanin rakyat kebijakan klean sembah bangsat,Negatif,6
Tue Feb 10 02:45:50 +0000 2026,terkuak penonaktifan peserta pbi jk justru merugikan pemerintah uang keluar sama image buruk kemensos kemenkes bpjs klo mo pemutakhiran data sosialisasi jg ga dadakan seenaknya kek tahu bulat nyusahin orang,Jelli_cent,2026-02-10 02:45:50+00:00,2026-02,terkuak penonaktifan peserta pbi jk justru merugikan pemerintah uang keluar sama image buruk kemensos kemenkes kalau mo pemutakhiran data sosialisasi juga tidak dadakan seenaknya seperti tahu bulat nyusahin orang,Negatif,6
Fri Feb 27 14:35:31 +0000 2026,bpjs apanya anjir nyusahin,sherinuull,2026-02-27 14:35:31+00:00,2026-02,apanya anjir nyusahin,Negatif,6
Tue Jun 17 04:47:52 +0000 2025,wallahi bpjs emg nyusahin kadang penyakit yang harusnya bisa diklaim aja ga mereka acc,tataaclifford,2025-06-17 04:47:52+00:00,2025-06,wallahi emg nyusahin kadang penyakit harusnya bisa diklaim saja tidak mereka acc,Negatif,5
Fri Jun 13 08:43:40 +0000 2025,emang kemenkes udah benar buat gaji ppds supaya satu mata rantai pembullyan putus udah benar emang bpjs yg bikin sistem sulit klaim amp nyusahin pasien sampai rujukan ke rs pendidikan membludak amp ppds overwork udah benar itu semua bukan pembullyan juga,arvkevin,2025-06-13 08:43:40+00:00,2025-06,emang kemenkes sudah benar buat gaji ppds supaya satu mata rantai pembullyan putus sudah benar emang membuat sistem sulit klaim  nyusahin pasien sampai rujukan rumah sakit pendidikan membludak  ppds overwork sudah benar semua bukan pembullyan juga,Negatif,2
Wed May 28 02:52:17 +0000 2025,bpjs gobloog stunting di woro woro target sdgs target indonesia emas tapi kaga bs claim diagnosis stunting bpjs kocak nyusahin nakes aje,sadmeyong,2025-05-28 02:52:17+00:00,2025-05,gobloog stunting woro woro target sdgs target indonesia emas tapi kaga bisa claim diagnosis stunting kocak nyusahin nakes aje,Negatif,4
Thu May 15 02:43:13 +0000 2025,mungkin hampir 5 bulanan ini ngadepin komplain pasien yg sama sistem rujukan bpjs baru yg nyusahin pasien skrg ngerujuk pasien ke rs tipe a ga segampang dulu selama bisa ditangani di rs tipe b gabisa di rujuk pun kalo bisa hrs ada alesan kuat pasien hrs dateng sendiri dll,streptococcvs,2025-05-15 02:43:13+00:00,2025-05,mungkin hampir bulanan ngadepin komplain pasien sama sistem rujukan baru nyusahin pasien sekarang ngerujuk pasien rumah sakit tipe a tidak segampang dulu selama bisa ditangani rumah sakit tipe b gabisa rujuk pun kalau bisa harus ada alesan kuat pasien harus dateng sendiri dll,Negatif,5
Tue Jul 29 07:04:32 +0000 2025,ada ada aja ini oknum2 dokter yang hambat juniornya masuk walhasil pasien harus pindah kota untuk bertemu dokter yang dibutuhkan walhasil rujukan bpjs kesehatannya gak bisa dipakai jumlah dokter macam itu mungkin gak sampai 1 tapi tetap banyak dan beneran nyusahin cq dan pak,dr_koko28,2025-07-29 07:04:32+00:00,2025-07,ada ada saja oknum dokter hambat juniornya masuk walhasil pasien harus pindah kota untuk bertemu dokter dibutuhkan walhasil rujukan kesehatannya tidak bisa dipakai jumlah dokter macam mungkin tidak sampai tapi tetap banyak beneran nyusahin cq pak,Negatif,2
Sun Mar 15 03:57:27 +0000 2026,bener ini anakku 2 2 kena tb dari orang dewasa yang lalai memeriksakan dirinya kalau udah punya gejala apalagi udah diagnosa positif tolong banget berobat gratis pake bpjs anjay nyusahin orang banget lu tau gak anak kecil ketularan tb tuh ortunya repot kayak apa,melanieppuchino,2026-03-15 03:57:27+00:00,2026-03,bener anakku kena tb orang dewasa lalai memeriksakan dirinya kalau sudah punya gejala apalagi sudah diagnosa positif tolong banget berobat gratis pakai anjay nyusahin orang banget kamu tahu tidak anak kecil ketularan tb ortunya repot kayak apa,Negatif,2
Tue Jul 08 22:18:55 +0000 2025,gak kebayang w kalo jadi anggota komisi iii dpr dosanya segede apa ada bpjs yang defisit tapi malah dikasih ke institusi yang lebih sering nyusahin rakyat dibanding ngebantunya,hildaikka_,2025-07-08 22:18:55+00:00,2025-07,tidak kebayang w kalau jadi anggota komisi i dpr dosanya segede apa ada defisit tapi malah dikasih institusi lebih sering nyusahin rakyat dibanding ngebantunya,Negatif,2
Wed Feb 12 15:34:09 +0000 2025,tinggal di indonesia tanah 60jt hektar rumah 150jt unit type 3 6 nikahan standar ortu 50jt paling dikit berobat mahal bpjs gak guna bagi kelas tidak mampu gak dilayani dengan benar undang x peraturan nyusahin gaji 1 5jt an bulan,tcroco,2025-02-12 15:34:09+00:00,2025-02,tinggal indonesia tanah juta hektar rumah juta unit type nikahan standar ortu juta paling dikit berobat mahal tidak guna bagi kelas tidak mampu tidak dilayani dengan benar undang x peraturan nyusahin gaji juta an bulan,Negatif,5
Thu Dec 19 15:47:50 +0000 2024,si paling bpjs itu sejauh ini yang paling kocak tp nyebelin sumpah wkkwwk kek klo depannmuka pengen gue sumpel pake apa kek mulutnya ganyambung asbun sok ngerti konteks bjir trnyata pemahamannya ga nyampe,NyxofTitan,2024-12-19 15:47:50+00:00,2024-12,si paling sejauh paling kocak tapi nyebelin sumpah wkkwwk seperti kalau depannmuka pengen saya sumpel pakai apa seperti mulutnya ganyambung asbun sok ngerti konteks bjir trnyata pemahamannya tidak nyampe,Negatif,4
Sat Aug 10 08:08:26 +0000 2024,yang nganter pasiennya juga nyebelin sih sesungguhnya tadi kan nyebut2 bayar pribadi lah kenapa ga langsung eksekusi bayar pribadi aja daripada berdebat panjang nyape2in diri cuma ngerti sih kalo sakit bikin panik semoga bpjs bisa dapet bikin aturan yang win win,askmearmything,2024-08-10 08:08:26+00:00,2024-08,nganter pasiennya juga nyebelin sesungguhnya tadi nyebut bayar pribadi lah kenapa tidak langsung eksekusi bayar pribadi saja daripada berdebat panjang nyapein diri cuma ngerti kalau sakit membuat panik semoga bisa dapet membuat aturan win win,Negatif,4
Fri Jan 17 13:07:37 +0000 2025,anda makan steak 6jt keracunan pasti komplen ke resto jg kan anda keracunan punya duit buat berobat lah rakyat miskin mah ngandelin bpjs doang mana skrg banyak yg ga di cover penyakitnya saya tau anda udh tua dan cenderung bakal makin nyebelin,kupasanginn,2025-01-17 13:07:37+00:00,2025-01,anda makan steak juta keracunan pasti komplen resto juga anda keracunan punya duit buat berobat lah rakyat miskin mah ngandelin doang mana sekarang banyak tidak cover penyakitnya saya tahu anda sudah tua cenderung bakal makin nyebelin,Negatif,2
Wed Jun 03 15:58:36 +0000 2026,gue pun melepar hp gue entah ke sudut ranjang sebelah mana membenamkan wajah ke bantal sambil berteriak tak beberapa lama gue terlelap kembali karena menahan sakit kepala karena demam tinggi,thegoddxss,2026-06-03 15:58:36+00:00,2026-06,saya pun melepar hp saya entah sudut ranjang sebelah mana membenamkan wajah bantal sambil berteriak tak beberapa lama saya terlelap kembali karena menahan sakit kepala karena demam tinggi,Negatif,2
Thu Apr 23 13:08:12 +0000 2026,sarkasnya lucu astaga perokok tuh nyebelin beneran deh harusnya pasien perokok yg diagnosis penyakit jantung paru tbc dll ngga usah dicover bpjs lah sedih banget bayar bpjs cuma buat gotong royong bayarin mereka yang bikin kita kena ispa dan tbc pamanku tuh keren ngobatin tbcnya tanpa bpjs tapi sayangnya setelah nularin cucunya dulu baru ketauan,Gheazzalea,2026-04-23 13:08:12+00:00,2026-04,sarkasnya lucu astaga perokok nyebelin beneran harusnya pasien perokok diagnosis penyakit jantung paru tbc dll ngga usah dicover lah sedih banget bayar cuma buat gotong royong bayarin mereka membuat kita kena ispa tbc pamanku keren ngobatin tbcnya tanpa tapi sayangnya setelah nularin cucunya dulu baru ketauan,Negatif,4
Wed Oct 15 15:06:50 +0000 2025,hari ini kek tai banget ngga sih udah mah panas banget cuaca mandi sampe 3x kontrol ke rs malah perawat nya tolol bgt ngga dijadwalin ke jkn bpjs dan harus pindah jadwal jadi jumat kantor juga nyebelin tambah tambah mesen gofood nasi sama minum yg dateng nasi nya doang fak,bakulgedhanggg,2025-10-15 15:06:50+00:00,2025-10,hari seperti tai banget ngga sudah mah panas banget cuaca mandi sampe x kontrol rumah sakit malah perawat tolol banget ngga dijadwalin jkn harus pindah jadwal jadi jumat kantor juga nyebelin tambah tambah mesen gofood nasi sama minum dateng nasi doang fak,Negatif,4
Wed Jan 03 10:45:20 +0000 2024,orang kaya sombong tuh nyebelin tapi orang sombongin kekayaan tp aslinya orang biasa tambah nyebelin mana dia ini pernah flexing gapunya bpjs jadi dia operasi bayar sendiri dan katanya bayar banyak pas gw tanya berapa jawabnya 5 jt an gw kek gw kira puluhan juta krn dia,zjongc,2024-01-03 10:45:20+00:00,2024-01,orang kaya sombong nyebelin tapi orang sombongin kekayaan tapi aslinya orang biasa tambah nyebelin mana dia pernah flexing gapunya jadi dia operasi bayar sendiri katanya bayar banyak pas saya tanya berapa jawabnya juta an saya seperti saya kira puluhan juta karena dia,Negatif,4
Sat Jan 10 05:35:32 +0000 2026,dunia kesehatan lagi gak baik2 ajakah krna era bpjs ini rs buat aturan yg nyebelin sampe nakes gak betah dan buat resign sendiri alasan aja efisensi gini padahal mau phk aja biar gak dpt pesangon,athyrfhn,2026-01-10 05:35:32+00:00,2026-01,dunia lagi tidak baik ajakah krna era rumah sakit buat aturan nyebelin sampe nakes tidak betah buat resign sendiri alasan saja efisensi gini padahal mau phk saja biar tidak dapat pesangon,Negatif,4
Sat Aug 17 05:21:05 +0000 2024,ga usah dijelasin lagi sudah memang bebal anak ini yowes kalo besok sakit tak tertahankan ga usah kemana2 dirumah aja sampe sekarat sudah sudah jelek2in bpjs dan rumah sakit kamu mungkin ditandai bagus yg nyusahin begini tandai aja nyebelin,graciyya,2024-08-17 05:21:05+00:00,2024-08,tidak usah dijelasin lagi sudah memang bebal anak yowes kalau besok sakit tak tertahankan tidak usah kemana dirumah saja sampe sekarat sudah sudah jelekin rumah sakit kamu mungkin ditandai bagus nyusahin begini tandai saja nyebelin,Negatif,5
Mon Nov 25 05:43:32 +0000 2024,sumpah nyebelin bgt emg bpjs diaktifin perlu uang sdgkn kita dpt uang dari kerja mau kerja kudu ada skck knp sih nih negara arghhhhh,estwting,2024-11-25 05:43:32+00:00,2024-11,sumpah nyebelin banget emg diaktifin perlu uang sdgkn kita dapat uang kerja mau kerja kudu ada skck kenapa nih negara argh,Negatif,4
Thu Jul 10 06:14:27 +0000 2025,bpjs yang nyebelin di faskes 1 tempat gue bikin rujukan susah bgt sampe dokter rs juga pada apal giliran kakung pindah faskes 1 nya minta rujukan buat berobat di rs luar kota gampang bgt,mathyuck,2025-07-10 06:14:27+00:00,2025-07,nyebelin faskes tempat saya membuat rujukan susah banget sampe dokter rumah sakit juga pada apal giliran kakung pindah faskes minta rujukan buat berobat rumah sakit luar kota gampang banget,Negatif,5
Mon Aug 26 09:16:30 +0000 2024,nyebelin itu saat dpjp komplen nilai klaim nya kecil sementara dia malas nulis yang lengkap di resume medis termasuk pemeriksaan yang telah dilakukan asal tau saja verifikator bpjs kes sekarang cukup rese sehingga tim casemix kerjanya normatif,KakakMade,2024-08-26 09:16:30+00:00,2024-08,nyebelin saat dpjp komplen nilai klaim kecil sementara dia malas nulis lengkap resume medis termasuk pemeriksaan telah dilakukan asal tahu saja verifikator kes sekarang cukup rese sehingga tim casemix kerjanya normatif,Negatif,5
Sun Nov 02 13:44:49 +0000 2025,netijen bpjs indon ni emang nyebelin beli budget flight gak nambah baggage allowance terus gak sadar diri pake koper non cabin yang beneran sadar diri buat nambah baggage terus ada punya handcarry kecil jadi gak bisa simpen di cabin anyingggg lah,bakergvrl,2025-11-02 13:44:49+00:00,2025-11,netijen indon ni emang nyebelin beli budget flight tidak nambah baggage allowance terus tidak sadar diri pakai koper non cabin beneran sadar diri buat nambah baggage terus ada punya handcarry kecil jadi tidak bisa simpen cabin anying lah,Negatif,4
Sat Dec 28 10:40:27 +0000 2024,nyebelin banget aturan bpjs terbaru faskes 1 kalo puskesmas tuh masalahnya puskesmas sini aja jam 12 dah tutup bjir kocakk kalo gawat darurat yang buka 24 jam di satu kota cuma 4 puskesmas yang buka,zhaellato,2024-12-28 10:40:27+00:00,2024-12,nyebelin banget aturan terbaru faskes kalau puskesmas masalahnya puskesmas sini saja jam sudah tutup bjir kocakk kalau gawat darurat buka jam satu kota cuma puskesmas buka,Negatif,5
Fri Jun 05 22:32:56 +0000 2026,lah dari awal nder mrk nyomotin dana yg dialokasikan buatvkesehatan dan pendidikan dari awal kan udah ribut2 soal biaya bpjs makin diciutin ktnya efisiensi ya buat mbg biayain tu para sppg dan karyawammya yg pada arogan dan suka foya2,twentyfirstof3,2026-06-05 22:32:56+00:00,2026-06,lah awal nder mrk nyomotin dana dialokasikan buatvkesehatan pendidikan awal sudah ribut soal biaya makin diciutin ktnya efisiensi buat biayain tu para sppg karyawammya pada arogan suka foya,Negatif,1
Sat Nov 01 11:21:02 +0000 2025,lihat nih gara2 lu menkes ama pegawai bpjs yg bikin kebijakan ngaco malah yg war jadinya nakes ama pasien bpjs,notnamern,2025-11-01 11:21:02+00:00,2025-11,lihat nih gara kamu menkes ama pegawai membuat kebijakan ngaco malah war jadinya nakes ama pasien,Negatif,2
Thu May 30 14:57:48 +0000 2024,rata rata gaji mereka berapa umr paling tinggi kita cuma 5 jt an kena potong pajak bpjs tpr belum lagi publik transport baik cuma ada d jkt aturan aturan ngaco playanan publik buruk pendidikan mahal dan gak jelas masih ttp diperkosa negara tiap hari,Puspen_PKI,2024-05-30 14:57:48+00:00,2024-05,rata rata gaji mereka berapa umr paling tinggi kita cuma juta an kena potong pajak tpr belum lagi publik transport baik cuma ada d jkt aturan aturan ngaco playanan publik buruk pendidikan mahal tidak jelas masih ttp diperkosa negara tiap hari,Negatif,2
Thu Jun 04 04:09:34 +0000 2026,gini gini cara bedain nakes asli atau bukan kalo pas di tanya gimana klaim bpjs responya spontan layu dan pasrah atau malah emosi parah kemungkinan besar dia nakes,TabatiereMaddok,2026-06-04 04:09:34+00:00,2026-06,gini gini cara bedain nakes asli atau bukan kalau pas tanya gimana klaim responya spontan layu pasrah atau malah emosi parah kemungkinan besar dia nakes,Negatif,4
Sat Mar 07 18:12:08 +0000 2026,bpjs ini aneh jika blm parah tdk ditanggung pdhl jika udh parah kan lebih gede biayanya ngaco nih,evalez_fr,2026-03-07 18:12:08+00:00,2026-03,aneh jika belum parah tidak ditanggung padahal jika sudah parah lebih gede biayanya ngaco nih,Negatif,4
Thu Jun 12 09:51:48 +0000 2025,ngaco bgt mana ada personal care ditanggung bpjs dongo kecelakaan yg jelas jelas medical emergency aja ga ditanggung,onesadjellybean,2025-06-12 09:51:48+00:00,2025-06,ngaco banget mana ada personal care ditanggung dongo kecelakaan jelas jelas medical emergency saja tidak ditanggung,Negatif,3
Tue Jun 04 11:57:07 +0000 2024,bicara tapera bila pengusaha dan buruh menilak kan udah ngaco presiden gak aple to aple bandingkan tapera dengan bpjs watch it,P3gEl,2024-06-04 11:57:07+00:00,2024-06,bicara tapera bila pengusaha buruh menilak sudah ngaco presiden tidak aple to aple bandingkan tapera dengan watch it,Negatif,4
Sat Nov 01 23:28:09 +0000 2025,padahal sumber pendapatan rs ya dari bpjs pak lagian yang bikin aturan ngaco memberikan pelayanan pasien ya bpjs sendiri masa penyakit vital minta rujukan dulu dari puskesmas ke rs lama wak blom lagi mereka bikin limit waktu buat rawat inap,hyn_hwng,2025-11-01 23:28:09+00:00,2025-11,padahal sumber pendapatan rumah sakit pak lagian membuat aturan ngaco memberikan pelayanan pasien sendiri masa penyakit vital minta rujukan dulu puskesmas rumah sakit lama wak blom lagi mereka membuat limit waktu buat rawat inap,Negatif,5
Mon Dec 01 07:39:51 +0000 2025,nyari org buat minta saran tuh malah makin ngawur ye jangan bilang ke psikolog psikolog gw baru nyusun administratif bpjs yg ribet banget monyet kadang orang tuh gampang banget ngejudge ngatur kesel sama pilihan hidup kita tanpa tau gimana strugglenya kita juga dah jir,alkamoraaa,2025-12-01 07:39:51+00:00,2025-12,nyari orang buat minta saran malah makin ngawur ye jangan bilang psikolog psikolog saya baru nyusun administratif ribet banget monyet kadang orang gampang banget ngejudge ngatur kesel sama pilihan hidup kita tanpa tahu gimana strugglenya kita juga sudah jir,Negatif,1
Fri Jun 05 23:08:28 +0000 2026,coba kelakan ki bacotan ketum yg sempaknya ketinggalan di singapore ini bpjs gratis duit dari mana bapak anal 1 dan ke 3 tukan tipu semua,Dimasjoko12,2026-06-05 23:08:28+00:00,2026-06,coba kelakan ki bacotan ketum sempaknya ketinggalan singapore gratis duit mana bapak anal tukan tipu semua,Negatif,4
Fri May 03 10:41:47 +0000 2024,di luar bahasa programnya apaan ini apa urgensinya buat dibikin limit begini lo pikir aplikasi trial yang bisa dilimit penggunaannya bpjs loh ini bro ngawur lo asli sumpah kalo masalah lo di resource server bukan begini solusinya sumpah ngawur wkwkwk,musuhphp,2024-05-03 10:41:47+00:00,2024-05,luar bahasa programnya apaan apa urgensinya buat dibikin limit begini kamu pikir aplikasi trial bisa dilimit penggunaannya loh bro ngawur kamu asli sumpah kalau masalah kamu resource server bukan begini solusinya sumpah ngawur tertawa,Negatif,6
Fri May 17 14:33:53 +0000 2024,work kerja under umr ga dikasih benefit apapun even sebare minimum bpjs atasan seenaknya kerja palugada pinalti di kontrak gede jadi gabisa cabut sebelum kontrak beres itu lebih baik kan ya daripada nganggur dan ga kerja sama sekali,worksfess,2024-05-17 14:33:53+00:00,2024-05,work kerja under umr tidak dikasih benefit apapun even sebare minimum atasan seenaknya kerja palugada pinalti kontrak gede jadi gabisa cabut sebelum kontrak beres lebih baik daripada nganggur tidak kerja sama sekali,Negatif,4
Thu Jun 04 04:03:05 +0000 2026,2026 udah ada bpjs masi ajee sinideh lu gw sembur,auraaaw,2026-06-04 04:03:05+00:00,2026-06,sudah ada masi ajee sinideh kamu saya sembur,Negatif,4
Fri Jun 05 11:52:24 +0000 2026,kyknya gbsa bjir,bukanpenyanyiii,2026-06-05 11:52:24+00:00,2026-06,kyknya gbsa bjir,Negatif,5
Tue Dec 31 07:28:02 +0000 2024,ya ampun dah jelas hoax begini masih dibelain polri pantesan ga pernah beres kepolisian dicopot small girl helena lim jokowi insecure bpjs ketan semoga 2025 bakar occrp,PaltiHutabarat,2024-12-31 07:28:02+00:00,2024-12,ampun sudah jelas hoax begini masih dibelain polri pantesan tidak pernah beres kepolisian dicopot small girl helena lim jokowi insecure ketan semoga bakar occrp,Negatif,5
Tue Jan 07 07:32:19 +0000 2025,gak usah berobat ga usah pake bpjs ga usah ke rs klinik beres kan ga abisin kuota orang2 yang mau berobat pegang kata2 lo ya,music_healing,2025-01-07 07:32:19+00:00,2025-01,tidak usah berobat tidak usah pakai tidak usah rumah sakit klinik beres tidak abisin kuota orang mau berobat pegang kata kamu,Negatif,5
Sat Apr 25 04:56:56 +0000 2026,ingat kasus bpjs untuk rakyat tidak mampu yang di pending oleh menteri kesehatan dan pendapatnya tentang rakyat dengan gaji 2 juta dianggap orang kaya punya menteri gada yang beres cara pikir dan kerjanya ga boleh kritik kalo kerjanya bener pasti rakyat juga apresiasi seperti halnya katanya bbm gak naik walau pada akhirnya bohong,_riverheaven,2026-04-25 04:56:56+00:00,2026-04,ingat kasus untuk rakyat tidak mampu pending oleh menteri pendapatnya tentang rakyat dengan gaji juta dianggap orang kaya punya menteri gada beres cara pikir kerjanya tidak boleh kritik kalau kerjanya bener pasti rakyat juga apresiasi seperti halnya katanya bbm tidak naik walau pada akhirnya bohong,Negatif,1
Sat Apr 19 16:17:26 +0000 2025,kalo alesannya biaya bpjs bisa diurus kok apalagi kalo rutin anc udah ketauan indikasi sc bisa urus bpjs dulu tapi kalo alesannya bukan biaya merasa ditipu ya tinggal nolak aja kan ada surat penolakan tinggal ttd di atas materai beres ga perlu nuduh dokternya bohong,chocobbokari,2025-04-19 16:17:26+00:00,2025-04,kalau alesannya biaya bisa diurus apalagi kalau rutin anc sudah ketauan indikasi sc bisa urus dulu tapi kalau alesannya bukan biaya merasa ditipu tinggal nolak saja ada surat penolakan tinggal ttd atas materai beres tidak perlu nuduh dokternya bohong,Negatif,3
Thu Jan 09 02:07:25 +0000 2025,ironi kaum miskin yang setiap 5 tahun selalu memilih dpr kepala daerah dan presidan rela tidur di jalan hanya demi mendapatkan bpjs gratis dari negaranya sementara itu koruptor diberi bpjs gratis oleh pemerintah tanpa harus susah payah mengantri,Heraloebss,2025-01-09 02:07:25+00:00,2025-01,ironi kaum miskin setiap tahun selalu memilih dpr kepala daerah presidan rela tidur jalan hanya demi mendapatkan gratis negaranya sementara koruptor diberi gratis oleh pemerintah tanpa harus susah payah mengantri,Negatif,2
Tue Apr 16 16:06:52 +0000 2024,bpjs kelas 3 tapi marah marah karena dekamar ada orang lain saya bayar loh ga nyaman saya ada orang lain gini mana panas bgt payah ini rs gabisa ngelayanin pasien masa pasien digabung gabung begini bikin sumpek mboh karepmu buk,apralzolam,2024-04-16 16:06:52+00:00,2024-04,kelas tapi marah marah karena dekamar ada orang lain saya bayar loh tidak nyaman saya ada orang lain gini mana panas banget payah rumah sakit gabisa ngelayanin pasien masa pasien digabung gabung begini membuat sumpek mboh karepmu buk,Negatif,4
Fri Jun 05 15:03:11 +0000 2026,bpjs tidak seperti itu lewat dua tahun dari dirawat aja rs bisa tiba tiba ditagih mengembalikan uang klaim bpjs,afathngantuk,2026-06-05 15:03:11+00:00,2026-06,tidak seperti lewat dua tahun dirawat saja rumah sakit bisa tiba tiba ditagih mengembalikan uang klaim,Negatif,5
Fri Jun 05 23:08:58 +0000 2026,gue belom ganti hp dollar udah naik prabowo kontol balikin anjing semua kekecauan yang udah lu bikin minimal ptn gratisnya mana jing,filsafatsenja,2026-06-05 23:08:58+00:00,2026-06,saya belom ganti hp dollar sudah naik prabowo kontol balikin anjing semua kekecauan sudah kamu membuat minimal ptn gratisnya mana jing,Negatif,2
Fri Jun 05 23:33:19 +0000 2026,even adek gue yang masih tk pun bilang tiap kali pergi dan lewatin kantor sppg gini bilangnya doang gizi tapi makanannya gak ada gizinya terus di samping rumah gue ada kopdes dia nyeletuk kita hancurin aja yuk teh abisin tempat mulu,arsipkacang,2026-06-05 23:33:19+00:00,2026-06,even adek saya masih tk pun bilang tiap kali pergi lewatin kantor sppg gini bilangnya doang gizi tapi makanannya tidak ada gizinya terus samping rumah saya ada kopdes dia nyeletuk kita hancurin saja yuk teh abisin tempat mulu,Negatif,6
Fri Jun 05 23:33:27 +0000 2026,hp ya allahh hp awal gue pengen masih 12jt skrg 15jt fakkk fak,sazbine,2026-06-05 23:33:27+00:00,2026-06,hp allahh hp awal saya pengen masih juta sekarang juta fak fak,Negatif,4
Sun Dec 22 01:18:33 +0000 2024,kacau bener sampai jumlah operasi di jatah maksimal berapa kali bulan oleh bpjs kesehatan bukan berdasarkan kebutuhan peserta pasien ayo bpjs yg informatif infokan ke masyarakat jangan dibilang antri hanya krn kurang dokter nanti dibawa2 ke isu lain sama menkes,drnewstwit,2024-12-22 01:18:33+00:00,2024-12,kacau bener sampai jumlah operasi jatah maksimal berapa kali bulan oleh bukan berdasarkan kebutuhan peserta pasien ayo informatif infokan masyarakat jangan dibilang antri hanya karena kurang dokter nanti dibawa isu lain sama menkes,Negatif,5
Tue Jun 03 17:24:31 +0000 2025,ini yang gagal pemerintahan kita yg bikin sistem bpjs kacau tolong jangan salahin dokter perawat dan nakes karena mereka ga bisa bertindak sembarangan,hzimeko,2025-06-03 17:24:31+00:00,2025-06,gagal pemerintahan kita membuat sistem kacau tolong jangan salahin dokter perawat nakes karena mereka tidak bisa bertindak sembarangan,Negatif,5
Fri Jun 20 00:28:56 +0000 2025,bpjs aja kacau balau pelaksanaannya,neVerAl0nely___,2025-06-20 00:28:56+00:00,2025-06,saja kacau balau pelaksanaannya,Negatif,5
Sat Mar 28 10:37:34 +0000 2026,kenapa malas karena ilmu yang kamu pelajari bersusah payah selama tahunan dimentahkan oleh aturan bpjsilmu medismu jadi kacau balau karena bpjs iya apa iyaaa,JantunGPiisanG,2026-03-28 10:37:34+00:00,2026-03,kenapa malas karena ilmu kamu pelajari bersusah payah selama tahunan dimentahkan oleh aturan bpjsilmu medismu jadi kacau balau karena iya apa iya,Negatif,1
Fri Jun 05 14:28:51 +0000 2026,klo yg ini karena bpjs ya bpjs yg nanggung 3000 rupiah,RakaiVDentist,2026-06-05 14:28:51+00:00,2026-06,kalau karena nanggung rupiah,Negatif,2
Sun Feb 08 07:41:51 +0000 2026,negeri ini makin kacau bpjs untuk orang miskin dibekukan dan dana penanggulangan bencana jauh dari cukup tapi siap menghamburkan lebih banyak duit untuk penebar racun dengan korban terbanyak di dunia yaitu mbg dan setor 16 8 triliun rupiah ke duet maut trump nethanyahu edan,giginpraginanto,2026-02-08 07:41:51+00:00,2026-02,negeri makin kacau untuk orang miskin dibekukan dana penanggulangan bencana jauh cukup tapi siap menghamburkan lebih banyak duit untuk penebar racun dengan korban terbanyak dunia yaitu setor triliun rupiah duet maut trump nethanyahu edan,Negatif,2
Sat Jan 04 02:59:53 +0000 2025,bercandanya bpjs kesehatan kali ini sudah keterlaluan karena mempengaruhi penganggaran rumah sakit terutama blu pengembalian berkas akan berimbas pada terlambatnya turunya dana sehingga renpro juga kacau padahal disebabkan oleh hal sepele bukan fraud yang disengaja,KakakMade,2025-01-04 02:59:53+00:00,2025-01,bercandanya kali sudah keterlaluan karena mempengaruhi penganggaran rumah sakit terutama blu pengembalian berkas akan berimbas pada terlambatnya turunya dana sehingga renpro juga kacau padahal disebabkan oleh hal sepele bukan fraud disengaja,Negatif,5
Fri Jun 05 23:35:19 +0000 2026,sppg bermasalah sebaiknya memang ditutup daripada ada lagi korban keracunan mbg,arifin34533,2026-06-05 23:35:19+00:00,2026-06,sppg bermasalah sebaiknya memang ditutup daripada ada lagi korban keracunan,Negatif,2
Fri Apr 11 10:33:13 +0000 2025,bpjs ampas deh,adanginyah,2025-04-11 10:33:13+00:00,2025-04,ampas,Negatif,7
Wed May 29 02:45:29 +0000 2024,ump paling tinggi se indonesia itu ya dki jakarta sebesar rp 5 067 381 potong bpjs naker bpjs kesehatan pph 5 kena ppn 12 pemotongan 3 tapera kemakan inflasi plus ukt muahall tinggal ampas rakyat dibuat jokowi,Munir_Timur,2024-05-29 02:45:29+00:00,2024-05,ump paling tinggi se indonesia dki jakarta sebesar rupiah potong naker pph kena ppn pemotongan tapera kemakan inflasi plus ukt muahall tinggal ampas rakyat dibuat jokowi,Negatif,1
Sun Jan 12 01:06:17 +0000 2025,kalo pelayanan bpjs lebih ampas dari pelayanan asuransi swasta sih menurutku bisa dimengerti secara ya kan jauh lebih murah bpjs cuma salahnya bpjs dikelola sama pemerintah keparat yang isinya tukang ngentit anggaran doank,JLGabe_S,2025-01-12 01:06:17+00:00,2025-01,kalau pelayanan lebih ampas pelayanan asuransi swasta menurutku bisa dimengerti secara jauh lebih murah cuma salahnya dikelola sama pemerintah keparat isinya tukang ngentit anggaran doank,Negatif,1
Wed Dec 03 22:10:21 +0000 2025,pertama tama mau turut berduka buat sendernya karena aku tau ini berat bgt kedua setuju bgt kl sistem bpjs ampas bgt aku sedih bgt kmaren ayah aku mesti nunggu dua minggu cmn buat mri buat mastiin sakit apanya dari keluarga nyaranin mri mandiri tp beliau gamau yg berujung,halfwayyyythere,2025-12-03 22:10:21+00:00,2025-12,pertama tama mau turut berduka buat sendernya karena aku tahu berat banget kedua setuju banget kalau sistem ampas banget aku sedih banget kmaren ayah aku mesti nunggu dua minggu cmn buat mri buat mastiin sakit apanya keluarga nyaranin mri mandiri tapi beliau gamau berujung,Negatif,4
Mon May 25 05:12:52 +0000 2026,karna bapakku guru mgkin ga ngalamin ini semuaaa yah tp iya dulu tuh bene kantor kenapa bagus2 ya makin kesini malah jd ampas bgt bahkan bpjs suka dibilang benefit wkwkw,wonpilfancc,2026-05-25 05:12:52+00:00,2026-05,karna bapakku guru mgkin tidak ngalamin semua yah tapi iya dulu bene kantor kenapa bagus makin kesini malah jadi ampas banget bahkan suka dibilang benefit wkwkw,Negatif,7
Mon May 13 00:51:35 +0000 2024,antri layanan bpjs harus lewat aplikasi tapi mobile jkn lau ampas,juliarthaap,2024-05-13 00:51:35+00:00,2024-05,antri layanan harus lewat aplikasi tapi mobile jkn lau ampas,Negatif,7
Fri Jun 05 07:19:48 +0000 2026,ini umum yagesya gak bisa pake bpjs kecuali emg masuk rs dan disuruh ranap amit amit,diaaargh,2026-06-05 07:19:48+00:00,2026-06,umum yagesya tidak bisa pakai kecuali emg masuk rumah sakit disuruh ranap amit amit,Negatif,5
Tue Apr 09 03:41:23 +0000 2024,pantesan dulu byk tmnku agen prudential ngotot bgt nawarin aku asuransi unit link investasi aku lsg curiga krn retur nya ckp fantastis diatas reksadana amp aku wes pny bpjs kesehatan jd ta tolak trnyt zonk gini,roy1alien,2024-04-09 03:41:23+00:00,2024-04,pantesan dulu byk tmnku agen prudential ngotot banget nawarin aku asuransi unit link investasi aku lsg curiga karena retur ckp fantastis diatas reksadana  aku wes pny jadi ta tolak trnyt zonk gini,Negatif,5
Fri Feb 20 12:43:49 +0000 2026,berasa zonk bgt kerja 4 tahun ga ada bpjs tk,notreally_dead,2026-02-20 12:43:49+00:00,2026-02,berasa zonk banget kerja tahun tidak ada tk,Negatif,6
Tue Mar 25 07:50:44 +0000 2025,beda daerah beda penanganan kali ya mama ku cepet penanganannya pake bpjs tapi giliran diri sendiri pake bpjs kena zonk jadi ya males ribet karena kerja juga ga bisa antri2 pake asuransi swasta lebih sat set,cinddyandriani,2025-03-25 07:50:44+00:00,2025-03,beda daerah beda penanganan kali mama ku cepet penanganannya pakai tapi giliran diri sendiri pakai kena zonk jadi males ribet karena kerja juga tidak bisa antri pakai asuransi swasta lebih sat set,Negatif,6
Mon Feb 09 15:27:52 +0000 2026,bpjs makin kesini makin kek babi njir ga niat jd asuransi kesehatan setahunan ini udh 2x aku zonk anj ke dokter bpjs,kmsnlvu,2026-02-09 15:27:52+00:00,2026-02,makin kesini makin seperti babi njir tidak niat jadi asuransi setahunan sudah x aku zonk anj dokter,Negatif,6
Sun Apr 14 23:29:23 +0000 2024,sulitnya pake bpjs ambil antrean online malah zonk gak ada kuota mulu,AChrisnadila,2024-04-14 23:29:23+00:00,2024-04,sulitnya pakai ambil antrean online malah zonk tidak ada kuota mulu,Negatif,5
Wed Mar 25 12:43:58 +0000 2026,beda orang beda case ya beberapa tahun terakhir berhubungan sama yang lebih tua zonk semua literally zonk yang ngeghosting lah yang bpjs mentok sampe yang abusive juga udah pernah so far ga mau lagi sama yang seumuran karena pasti sama sama sibuk,sanqtvaryy,2026-03-25 12:43:58+00:00,2026-03,beda orang beda case beberapa tahun terakhir berhubungan sama lebih tua zonk semua literally zonk ngeghosting lah mentok sampe abusive juga sudah pernah so far tidak mau lagi sama seumuran karena pasti sama sama sibuk,Negatif,3
Fri Jan 17 04:37:46 +0000 2025,tanda tandanya saldo bpjs zonk dan iuran akan dinaikkan,Jumianto_RK,2025-01-17 04:37:46+00:00,2025-01,tanda tandanya saldo zonk iuran akan dinaikkan,Negatif,5
Fri Jun 07 11:16:22 +0000 2024,kalau bpjs masih ada manfaatnya karena sifatnya asuransi contoh musibah amp penyakit kan kita ga ada yg tahu kalau tapera kayak gini sih zonk wk,zahraamalias,2024-06-07 11:16:22+00:00,2024-06,kalau masih ada manfaatnya karena sifatnya asuransi contoh musibah  penyakit kita tidak ada tahu kalau tapera kayak gini zonk tertawa,Negatif,5
Thu Apr 17 06:13:01 +0000 2025,hari ini niat bimbingan jam 9 amp ambil antrian bpjs jam 7 tapi br bangun jam 9 lewat ke rs panik eh daftar baru buka 1 jam sebelum dokter jam 3 cuma naro berkas balik lagi jam 2 gas ke kampus buat bimbingan udah di parkiran dospem ngajar yaa hari ini zonk total,clasziey,2025-04-17 06:13:01+00:00,2025-04,hari niat bimbingan jam  ambil antrian jam tapi baru bangun jam lewat rumah sakit panik eh daftar baru buka jam sebelum dokter jam cuma naro berkas balik lagi jam gas kampus buat bimbingan sudah parkiran dospem ngajar yaa hari zonk total,Negatif,3
Thu Dec 04 04:46:58 +0000 2025,kenapa ya tiap aku dapet rujukan bpjs ke dokter spesialis selalu zonk,platinumddisco,2025-12-04 04:46:58+00:00,2025-12,kenapa tiap aku dapet rujukan dokter spesialis selalu zonk,Negatif,5
Wed Aug 14 08:03:45 +0000 2024,niat hemat malah zonk bisa dituntut ga si kalo ternyata gw malah jd infeksi saluran akar gigi setelah ditambal diklinik faskes 1 gw apa karena gw pake bpjs ya makanya sat set tp asal gw balik rs awal dgn kondisi udah infeksi saluran akar amp di refer ke drg konservasi gigi,IniAvaChina,2024-08-14 08:03:45+00:00,2024-08,niat hemat malah zonk bisa dituntut tidak si kalau ternyata saya malah jadi infeksi saluran akar gigi setelah ditambal diklinik faskes saya apa karena saya pakai makanya sat set tapi asal saya balik rumah sakit awal dengan kondisi sudah infeksi saluran akar  refer drg konservasi gigi,Negatif,6
Thu Jun 04 04:35:44 +0000 2026,apa alasan logis mas kenapa mau pisah akun kk di bpjs harus lunas tunggakan semua anggota baru bisa pisah padahal saya mau melunasi tunggakan pribadi saya setelah pisah akun kk,muhammadciptadi,2026-06-04 04:35:44+00:00,2026-06,apa alasan logis mas kenapa mau pisah akun kk harus lunas tunggakan semua anggota baru bisa pisah padahal saya mau melunasi tunggakan pribadi saya setelah pisah akun kk,Negatif,3
Wed Apr 22 02:15:15 +0000 2026,mau cairin jht dibantu sama petugas bpjs tanpa harus ke kantor bpjs lapak asik solusinya bisa ngapain aja cairin bpjs konsultasi informasi bpjs pengaduan bpjs jam operasional 04 00 23 59 janganlah dinormalisasi kalo ada yg sulit kenapa harus yg mudah,MenteriPekerja,2026-04-22 02:15:15+00:00,2026-04,mau cairin jht dibantu sama petugas tanpa harus kantor lapak asik solusinya bisa ngapain saja cairin konsultasi informasi pengaduan jam operasional janganlah dinormalisasi kalau ada sulit kenapa harus mudah,Negatif,4
Fri Apr 10 04:28:12 +0000 2026,percayalah banyak kejadian di faskes bpjs kesehatan disini ga bisa disana kenapa bisa karena disini sesuai aturan disana meng ikhlas kan mungkin disini sudah terlalu sering meng ikhlas kan jadi ga sanggup lagi mungkin disana saat ini sekarat karena sering meng ikhlas kan,drnewstwit,2026-04-10 04:28:12+00:00,2026-04,percayalah banyak kejadian faskes disini tidak bisa disana kenapa bisa karena disini sesuai aturan disana meng ikhlas mungkin disini sudah terlalu sering meng ikhlas jadi tidak sanggup lagi mungkin disana saat sekarat karena sering meng ikhlas,Negatif,7
Fri Jun 05 09:22:37 +0000 2026,ya gitu aja masa ngk paham 1 artinya si dokter nyuruh si ibu mamastikan apakah pengobatan atau tindakan yg bakal dilakukan ditanggung bpjs atau tidak kenapa ya karna urusan klaim tanggung apa kagak bukan kerjaan dokter 2 lu sebagai anak ngk bisa banget temenin berobat,narutob51492400,2026-06-05 09:22:37+00:00,2026-06,begitu saja masa ngk paham artinya si dokter nyuruh si ibu mamastikan apakah pengobatan atau tindakan bakal dilakukan ditanggung atau tidak kenapa karna urusan klaim tanggung apa kagak bukan kerjaan dokter kamu sebagai anak ngk bisa banget temenin berobat,Negatif,5
Sat May 02 03:06:03 +0000 2026,defisit karena apa kenapa rakyat yang jadi korban kalau karena kebanyakan pejabat bergaji tinggi pangkas jumlah pejabatnya dan besaran bonusnya dan gajinya pemerintah rencana akan buat iuran bpjs kesehatan 2026 untuk tekan defisit rp30 triliun,ArtaN7707,2026-05-02 03:06:03+00:00,2026-05,defisit karena apa kenapa rakyat jadi korban kalau karena kebanyakan pejabat bergaji tinggi pangkas jumlah pejabatnya besaran bonusnya gajinya pemerintah rencana akan buat iuran untuk tekan defisit rupiah triliun,Negatif,1
Thu Jun 04 03:49:59 +0000 2026,kenapa gak bilang jatuh di kamar mandi aja biar dicover bpjs,ayutopiaa,2026-06-04 03:49:59+00:00,2026-06,kenapa tidak bilang jatuh kamar mandi saja biar dicover,Negatif,7
Mon May 25 22:49:27 +0000 2026,top tier program bpjs ketenagakerjaan menurut gue 1 jaminan kecelakaan kerja jkk kenapa ini no 1 bayangin aja berangkat kerja saat kerja pulang kerja dan perjadin itu dicover biayanya kalo ada kecelakaan kalo cacat dapet 56x gaji kalo mati karena kecelakaan dapet 48x gaji beasiswa buat 2 anak 174 jt santunan tidak mampu bekerja tetep dapet gaji 100 di tahun pertama 50 tahun berikutnya bayarnya cuma dibawah 1 gaji bulan 2 jaminan kematian jkm kalo masih terdaftarkan bpjs ketenagakerjaan trus mati sengaja ataupun ga sengaja tetep dapet manfaat santunan kematian 20 jt santunan berkala 12 jt biaya pemakaman 10 jt kalo punya anak dikasi beasiswa dari sd sampe kuliah total beasiswa sampe 174 jt iuran yg dibayarkan perbulannya dibawah 1 3 jaminan kehilangan pekerjaan jkp ini enak nih kita ga ada bayar apa apa lagi selain jkm dan jkk kalo di phk dapet 60 gaji selama 6 bulan dapet akses pelatihan juga worth it banget 4 jaminan hari tua jht ini adalah tabungan pekerja yg paling approved buat nabung bisa dicairin kalo kena phk buat modal usaha atau bikin dinasti baru pekerja kena iuran cuma 2 dari gaji bulan kalo program bpjs fav kalian yg mana guys,MenteriPekerja,2026-05-25 22:49:27+00:00,2026-05,top tier program ketenagakerjaan menurut saya jaminan kecelakaan kerja jkk kenapa no bayangin saja berangkat kerja saat kerja pulang kerja perjadin dicover biayanya kalau ada kecelakaan kalau cacat dapet x gaji kalau mati karena kecelakaan dapet x gaji beasiswa buat anak juta santunan tidak mampu bekerja tetep dapet gaji tahun pertama tahun berikutnya bayarnya cuma dibawah gaji bulan jaminan kematian jkm kalau masih terdaftarkan ketenagakerjaan trus mati sengaja ataupun tidak sengaja tetep dapet manfaat santunan kematian juta santunan berkala juta biaya pemakaman juta kalau punya anak dikasi beasiswa sd sampe kuliah total beasiswa sampe juta iuran dibayarkan perbulannya dibawah jaminan kehilangan pekerjaan jkp enak nih kita tidak ada bayar apa apa lagi selain jkm jkk kalau phk dapet gaji selama bulan dapet akses pelatihan juga worth it banget jaminan hari tua jht adalah tabungan pekerja paling approved buat nabung bisa dicairin kalau kena phk buat modal usaha atau membuat dinasti baru pekerja kena iuran cuma gaji bulan kalau program fav kalian mana guys,Negatif,3
Sun Feb 08 10:26:43 +0000 2026,sampe sekarang pemerintah belum klarifikasi ya kenapa 11jt bpjs dihilangkan ga kebayang yang mau operasi dan cuci darah gajadi,mechnclgrl,2026-02-08 10:26:43+00:00,2026-02,sampe sekarang pemerintah belum klarifikasi kenapa juta dihilangkan tidak kebayang mau operasi cuci darah gajadi,Negatif,5
Fri Jun 05 23:51:02 +0000 2026,kalau aku sih udah tau gegara pernah ditolak opname di rs katanya gegara bpjs di tahun2 sebelumnya nunggak uang claim ke rs pun udah claim ngga 100 di cover amp ribet caranya,ChocciH,2026-06-05 23:51:02+00:00,2026-06,kalau aku sudah tahu gegara pernah ditolak opname rumah sakit katanya gegara tahun sebelumnya nunggak uang claim rumah sakit pun sudah claim ngga cover  ribet caranya,Negatif,5
Mon Jun 01 18:16:58 +0000 2026,guys jujur bingung kenapa ya asma kumat trs ke ugd ga di cover bpjs,jiyiiside,2026-06-01 18:16:58+00:00,2026-06,guys jujur bingung kenapa asma kumat terus ugd tidak cover,Negatif,5
Thu Jun 04 01:49:27 +0000 2026,iyaaah memanggg karena bpjsnya cuma cover berangkat pulang kantor di jalan yang dilalui sesuai dengan alamat tinggal dan alamat kantor berkasnya juga buanyaak termasuk kronologinya juga buat nentuin apakah kecelakaan tunggal atau ada lawannya hehehehe,suntomyfIower,2026-06-04 01:49:27+00:00,2026-06,iyah memang karena bpjsnya cuma cover berangkat pulang kantor jalan dilalui sesuai dengan alamat tinggal alamat kantor berkasnya juga buanyaak termasuk kronologinya juga buat nentuin apakah kecelakaan tunggal atau ada lawannya hehehehe,Negatif,5
Thu Jan 08 09:54:43 +0000 2026,per 1 januari kemarin pemerintah melalui kemensos menonaktifkan bbrp banyak sih bpjs pbi bagi sebagian masyarakat kenapa ya pemerintah ngeutamain mbg drpd menambah subsidi kesehatan atau pendidikan pdhl biaya kesehatan sebetulnya mahal bgt bagi masyarakat indonesia,oktadorable,2026-01-08 09:54:43+00:00,2026-01,per januari kemarin pemerintah melalui kemensos menonaktifkan bbrp banyak pbi bagi sebagian masyarakat kenapa pemerintah ngeutamain drpd menambah subsidi atau pendidikan padahal biaya sebetulnya mahal banget bagi masyarakat indonesia,Negatif,2
Fri May 29 02:26:29 +0000 2026,udah punya asuransi bpjs tapi masih ada biaya dokter obat nggak masuk akal sih kenapa nggak manfaatin bpjs nya,SayurLodehBTW2,2026-05-29 02:26:29+00:00,2026-05,sudah punya asuransi tapi masih ada biaya dokter obat tidak masuk akal kenapa tidak manfaatin,Negatif,5
Thu Feb 12 11:59:14 +0000 2026,tiba2 kis ku dinonaktifkan sumpah bpjs kenapa sih,springpinkkk,2026-02-12 11:59:14+00:00,2026-02,tiba kis ku dinonaktifkan sumpah kenapa,Negatif,6
Thu Sep 18 10:51:00 +0000 2025,bokap dari jam 9 pagi loh di rs sampe jam segini belum kelar also kenapa sih durasi pasien bpjs bentar banget ga adil bgt cuih,4wallsnet,2025-09-18 10:51:00+00:00,2025-09,bokap jam pagi loh rumah sakit sampe jam segini belum kelar also kenapa durasi pasien bentar banget tidak adil banget cuih,Negatif,5
Thu May 08 23:54:46 +0000 2025,sejauh ini pelayanan rs baik deh gak pernah nyusahin tapi kenapa kebijakannya yg selalu berubah ubah heran gua mah ya allah kenapa sih bpjs ini,Angelynadee,2025-05-08 23:54:46+00:00,2025-05,sejauh pelayanan rumah sakit baik tidak pernah nyusahin tapi kenapa kebijakannya selalu berubah ubah heran saya mah allah kenapa,Negatif,5
Tue Jun 02 09:49:31 +0000 2026,keknya anak udh kuliah bukan alasannya deh ibuku dulu bpjsnya lanjut terus walaupun anaknya lg kuliah dan kerja pdhl tu bpjs lama ngga dibayar walaupun ujungnya ttp dibayar juga pas mau kontrol beserta dendanya,unearnedfees,2026-06-02 09:49:31+00:00,2026-06,keknya anak sudah kuliah bukan alasannya ibuku dulu bpjsnya lanjut terus walaupun anaknya lagi kuliah kerja padahal tu lama ngga dibayar walaupun ujungnya ttp dibayar juga pas mau kontrol beserta dendanya,Negatif,4
Sun Mar 15 16:07:36 +0000 2026,makasi banget udah ga judes krn ibu ranap pake bpjs tp kenapa ga percaya sih klo dibilang lengan ibu masih rembes air kan saya loo yg seharian sama ibu sedi akutuu mana lengan satunya ampe pada ungu,kawaiinashi,2026-03-15 16:07:36+00:00,2026-03,makasi banget sudah tidak judes karena ibu ranap pakai tapi kenapa tidak percaya kalau dibilang lengan ibu masih rembes air saya loo seharian sama ibu sedi akutuu mana lengan satunya ampe pada ungu,Negatif,5
Mon Jan 06 04:39:54 +0000 2025,cara cek no bpjs ketenagakerjaan gimana sih ini kenapa di jmo statusnya non aktif dan masih di perusahaan yg lama,aetylover,2025-01-06 04:39:54+00:00,2025-01,cara cek no ketenagakerjaan gimana kenapa jmo statusnya non aktif masih perusahaan lama,Negatif,3
Fri Jun 05 23:50:35 +0000 2026,emang pria bersuami ngews ama boti ngga bisa dikategorikan masuk sex bebas atau hanya penetrasi ke dalam liang vagina yg masuk kategori itu banyak kok case boti yg nikahin cewek buat menghindari stigma sosial buat ngeback up itu ini salah satunya,bastarthur,2026-06-05 23:50:35+00:00,2026-06,emang pria bersuami ngews ama boti ngga bisa dikategorikan masuk sex bebas atau hanya penetrasi dalam liang vagina masuk kategori banyak case boti nikahin cewek buat menghindari stigma sosial buat ngeback up salah satunya,Negatif,3
Fri Jun 05 13:51:20 +0000 2026,bpjs menjerit yg berimbas ke pengguna kartu bpjs akhirnya pasien gagal berobat alias diketeng oleh farmasi rs bersangkutan sesuai rujukan wowo wowo wowo bacot doang,RondangSib1136,2026-06-05 13:51:20+00:00,2026-06,menjerit berimbas pengguna kartu akhirnya pasien gagal berobat alias diketeng oleh farmasi rumah sakit bersangkutan sesuai rujukan wowo wowo wowo bacot doang,Negatif,5
Fri Jun 05 23:50:01 +0000 2026,copot semua sppg yg dikuasai oleh tni polri anggota dewan maupun pejabat pemerintah dan yang terbaik adalah hentikan program mbg,bekilapan,2026-06-05 23:50:01+00:00,2026-06,copot semua sppg dikuasai oleh tni polri anggota dewan maupun pejabat pemerintah terbaik adalah hentikan program,Negatif,1
Fri Jun 05 11:16:21 +0000 2026,kakkk aku kepikiran inj tau bayangin u ke rumahku 3 4 jam trus kita ke sby 3 jam bahhh berangkat dr sby ke jkt mau jam berapee itu awokkkawokkk,bubblesksjin,2026-06-05 11:16:21+00:00,2026-06,aku kepikiran inj tahu bayangin u rumahku jam trus kita sby jam bah berangkat sby jkt mau jam berapee awokawok,Negatif,6
Mon Feb 23 23:14:43 +0000 2026,tapi kan bpjs juga kita bayar loh kok antrian operasi lama si ya bayar 45 150ribu di mana hitungan aktualnya 1 5 juta klo askes dgn luas proteksi yg sama,Jeremynicolas23,2026-02-23 23:14:43+00:00,2026-02,tapi juga kita bayar loh antrian operasi lama si bayar ribu mana hitungan aktualnya juta kalau askes dengan luas proteksi sama,Negatif,5
Sat Nov 01 15:03:08 +0000 2025,ga sah lama lama pak udah kok post stroke dikeluarga saya tp krn pake bpjs doang cm dpt citicolin 14 biji pdhal rekomendasinya spy output bagus itu 120biji tp duid bpjs ga bs ngasih 100 temen sejawat saya smpe mnta maaf pas njelasin ini dan sy beli sndr buat achive 100 itu,pudingsoklad,2025-11-01 15:03:08+00:00,2025-11,tidak sah lama lama pak sudah post stroke dikeluarga saya tapi karena pakai doang cuma dapat citicolin biji pdhal rekomendasinya spy output bagus biji tapi duid tidak bisa kasih temen sejawat saya smpe mnta maaf pas njelasin sy beli sndr buat achive,Negatif,7
Fri Jun 05 23:30:16 +0000 2026,bocil emang suka rusuhin orang mandi aja minta numpng di kamar orang lain mandinya jangan lama lama,KTHGOLDA,2026-06-05 23:30:16+00:00,2026-06,bocil emang suka rusuhin orang mandi saja minta numpng kamar orang lain mandinya jangan lama lama,Negatif,7
Fri Dec 20 02:11:15 +0000 2024,lama lama bpjs ini playing god kok merasa yang punya duit ngebayarin rakyat padahal cuma pengelola ga ikut punya duitnya bagus2 digaji gede lagi masih aja modelan raja2 kecil,platogrixx,2024-12-20 02:11:15+00:00,2024-12,lama lama playing god merasa punya duit ngebayarin rakyat padahal cuma pengelola tidak ikut punya duitnya bagus digaji gede lagi masih saja modelan raja kecil,Negatif,7
Sun May 11 22:03:55 +0000 2025,dah lama ga mimpi sekali mimpi kok ya mimpi jaga igd terus diskusi soal pasiennya mau di dx apa biar bisa ranap dan ke klaim sama bpjs,primusihza,2025-05-11 22:03:55+00:00,2025-05,sudah lama tidak mimpi sekali mimpi mimpi jaga igd terus diskusi soal pasiennya mau dx apa biar bisa ranap klaim sama,Negatif,3
Mon Apr 07 13:02:37 +0000 2025,maunya jg panjang lebar tapi pasien antri lama aja udah ngamok ngamok komplain pasien bpjs ga dibatasin lagian era bpjs gini kok berharap penghasilan du gt 40jt ya ngimpi terus apa hubungannya ai sama penghasilan 40jt emang ai bisa nanganin kegawat daruratan igd,apralzolam,2025-04-07 13:02:37+00:00,2025-04,maunya juga panjang lebar tapi pasien antri lama saja sudah ngamok ngamok komplain pasien tidak dibatasin lagian era gini berharap penghasilan du begitu juta ngimpi terus apa hubungannya ai sama penghasilan juta emang ai bisa nanganin kegawat daruratan igd,Negatif,7
Fri Apr 17 01:05:08 +0000 2026,aku kan mau cairin bpjs tk di jmo tapi kok gini ya padahal sebelumnya pernah cairin aman2 aja bisa dari aplikasi dam status aku udah nonaktif kira2 kalo dateng ke kantornya langsung lama ga prosesnya,tanyakanrl,2026-04-17 01:05:08+00:00,2026-04,aku mau cairin tk jmo tapi gini padahal sebelumnya pernah cairin aman saja bisa aplikasi dam status aku sudah nonaktif kira kalau dateng kantornya langsung lama tidak prosesnya,Negatif,4
Mon Jun 23 00:10:10 +0000 2025,yg paham bpjs kesehatan rek aku pu dan iuran mandiri krn gaada benefit kantor habis menikah udh punya kk sendiri mau tambah peserta istri tapi bagian no kk kok masih ikut kk lama dan gabisa diubah ya cara updatenya bagaimana,sbyfess,2025-06-23 00:10:10+00:00,2025-06,paham rek aku pu iuran mandiri karena gaada benefit kantor habis menikah sudah punya kk sendiri mau tambah peserta istri tapi bagian no kk masih ikut kk lama gabisa diubah cara updatenya bagaimana,Negatif,4
Thu Feb 05 09:28:47 +0000 2026,kemarin firstime punya jkn mobile iseng ke poli jiwa mama mau kemana me ke poli jiwa puskes coba konsul aja nya gratis mama kok baru pigi kau pigilah emg dah lama nya kau gilak syukurlah di tanggung bpjs kegilaanmu me,thisdawson_,2026-02-05 09:28:47+00:00,2026-02,kemarin firstime punya jkn mobile iseng poli jiwa mama mau kemana me poli jiwa puskes coba konsul saja gratis mama baru pigi kau pigilah emg sudah lama kau gilak syukurlah tanggung kegilaanmu me,Negatif,7
Fri Sep 27 01:38:57 +0000 2024,setelah sekian lama kok gw malah kasihan juga sama petugas bpjs,TabatiereMaddok,2024-09-27 01:38:57+00:00,2024-09,setelah sekian lama saya malah kasihan juga sama petugas,Negatif,5
Tue Oct 01 03:01:12 +0000 2024,bpjs aman dah daftar offline lebih satset tpi kok 2 minggu bgt baru bisa aktif btw kmrin udah daftar offline tpi lama emang skrng udah di permudah online tpi gk satset aseli,akusukakmamam,2024-10-01 03:01:12+00:00,2024-10,aman sudah daftar offline lebih satset tpi minggu banget baru bisa aktif btw kmrin sudah daftar offline tpi lama emang skrng sudah permudah online tpi tidak satset aseli,Negatif,5
Fri Feb 21 12:30:14 +0000 2025,ada yg pernah cabut gibung di dental atau klinik gt gak tp dr gigi spesialis bm sih aman ga ya ak kok lebih takut pake bpjs ya dan ngantrinya itu lama,tanyarlfes,2025-02-21 12:30:14+00:00,2025-02,ada pernah cabut gibung dental atau klinik begitu tidak tapi gigi spesialis bm aman tidak ak lebih takut pakai ngantrinya lama,Negatif,5
Sat May 30 15:46:52 +0000 2026,ke dokter tumbang kak nanti kalo butuh terapi diarahin pake bpjs kok tp ya gitu kalo pake bpjs paling sebulan brp kali dan durasi nya sebentar kalo mau intens sambil ngejar golden age hrs terapi mandiri jg yg durasi nya lama emg kudu banyak yapping sih kalo ke anak kecil,kavitall,2026-05-30 15:46:52+00:00,2026-05,dokter tumbang nanti kalau butuh terapi diarahin pakai tapi begitu kalau pakai paling sebulan berapa kali durasi sebentar kalau mau intens sambil ngejar golden age harus terapi mandiri juga durasi lama emg kudu banyak yapping kalau anak kecil,Negatif,5
Thu Jun 04 13:12:19 +0000 2026,visa perpanjangan tinggal di malaysia tar lagi jadi aku harus pulang dulu ke indonesia gak sabar aku mau pulang aku mau cairin bpjs selama 13 tahun aku kerja entah kenapa aku insekyur disimpen negara uang hasil jerih payahku selama itu disimpen pemerintah maaf ya jgn dihujat,lau_lulla,2026-06-04 13:12:19+00:00,2026-06,visa perpanjangan tinggal malaysia tar lagi jadi aku harus pulang dulu indonesia tidak sabar aku mau pulang aku mau cairin selama tahun aku kerja entah kenapa aku insekyur disimpen negara uang hasil jerih payahku selama disimpen pemerintah maaf jangan dihujat,Negatif,7
Thu Apr 23 10:55:10 +0000 2026,hebohnya sampe ke struktural rs pula indikasi ranap ec pejabat wkwkwk tapi maunya bpjs tahik kalo emang punya nama coba langsung aja request ranap pake umum gausa babibu cah cih cuh ngomel kenapa ga diranapin kenapa bpjsnya gabisa dipakai preketek,jaehyungantenk,2026-04-23 10:55:10+00:00,2026-04,hebohnya sampe struktural rumah sakit pula indikasi ranap ec pejabat tertawa tapi maunya tahik kalau emang punya nama coba langsung saja request ranap pakai umum gausa babibu cah cih cuh ngomel kenapa tidak diranapin kenapa bpjsnya gabisa dipakai preketek,Negatif,4
Fri Apr 24 06:33:37 +0000 2026,dunia memberiku pelajaran tapi aku tak paham kenapa tidak mudeng nusakambangan bpjs,CakD3pp,2026-04-24 06:33:37+00:00,2026-04,dunia memberiku pelajaran tapi aku tak paham kenapa tidak mudeng nusakambangan,Negatif,5
Thu Apr 16 01:53:10 +0000 2026,perpanjang skck kenapa harus aktif bpjs deh mau berobat apa gimana ini,orchideeous,2026-04-16 01:53:10+00:00,2026-04,perpanjang skck kenapa harus aktif mau berobat apa gimana,Negatif,4
Fri Jun 05 14:46:40 +0000 2026,nah sat set gue gantian sm istri jadi yg ke ruang operasi itu istri gue dan gue tetep ngantor istri gue cerita pas di ruang op suster sm dokternya pada ngeluh karena skema payment yg gue pilih mereka jadi banyak berkas dan malah blg kenapa ga bpjs full aja sih,shobarizadi,2026-06-05 14:46:40+00:00,2026-06,nah sat set saya gantian sama istri jadi ruang operasi istri saya saya tetep ngantor istri saya cerita pas ruang op suster sama dokternya pada ngeluh karena skema payment saya pilih mereka jadi banyak berkas malah blg kenapa tidak full saja,Negatif,2
Sat Feb 15 15:00:13 +0000 2025,work mau tanya dong klaim bpjs ketenagakerjaan harus pake paklaring ya klo ga dikasih dari kantor lama gimana ya aku juga aneh kenapa ga dikasih padahal aku udah sering minta,worksfess,2025-02-15 15:00:13+00:00,2025-02,work mau tanya klaim ketenagakerjaan harus pakai paklaring kalau tidak dikasih kantor lama gimana aku juga aneh kenapa tidak dikasih padahal aku sudah sering minta,Negatif,1
Fri Sep 05 10:12:51 +0000 2025,fckedup nya sistem bpejes tanya istri kapan mau cabut gigi pake bpjs nunggu lama 6 bulan iya karena hanya bisa terima 5 pasien bpjs perhari dan klaim rs ke bepejes cairnya lama see how fckedup weare kenapa ga dibuat ada dokter yg urus pasiyen bepejes dan ada yg umum ya resoucenya ga ada jumlah dokter ga banyak knp ga banyak yg masuk kedokterand dikit knp dikit biaya nya tinggi masuk tes nya sulit knp biaya tinggi ga tau tanya pmrenta knp tes masuk kedokteran sulit krena memang harus begitu gimana biar banyak yg masuk buat tingkat edukasi jadi naik gimana biar edukasi naik gurunya di gaji dengan baik dikasi pendidikan sertifikasi yg baik juga see ini baru dari satu alur,mgppap,2025-09-05 10:12:51+00:00,2025-09,fckedup sistem bpejes tanya istri kapan mau cabut gigi pakai nunggu lama bulan iya karena hanya bisa terima pasien perhari klaim rumah sakit bepejes cairnya lama see how fckedup weare kenapa tidak dibuat ada dokter urus pasiyen bepejes ada umum resoucenya tidak ada jumlah dokter tidak banyak kenapa tidak banyak masuk kedokterand dikit kenapa dikit biaya tinggi masuk tes sulit kenapa biaya tinggi tidak tahu tanya pmrenta kenapa tes masuk kedokteran sulit krena memang harus begitu gimana biar banyak masuk buat tingkat edukasi jadi naik gimana biar edukasi naik gurunya gaji dengan baik dikasi pendidikan sertifikasi baik juga see baru satu alur,Negatif,2
Sun Mar 10 11:30:45 +0000 2024,takut bgt kenapa napa klo daftar bpjs prosesnya lama gak sih biar ga ngelak lagi gitu diajak berobat,tanyarlfes,2024-03-10 11:30:45+00:00,2024-03,takut banget kenapa napa kalau daftar prosesnya lama tidak biar tidak ngelak lagi begitu diajak berobat,Negatif,4
Sat Sep 13 09:49:07 +0000 2025,perkembangan menarik soal perlindungan ojol pemerintah sepertinya ingin menaikkan partisipasi ojol sebagai peserta bpjamsostek dengan memberi diskon 50 iuran pertanyaannya untuk berapa lama kenapa tidak diarahkan ke partisipasi platform untuk turut membayar bpjs mitranya,nabiylarisfa,2025-09-13 09:49:07+00:00,2025-09,perkembangan menarik soal perlindungan ojol pemerintah sepertinya ingin menaikkan partisipasi ojol sebagai peserta bpjamsostek dengan memberi diskon iuran pertanyaannya untuk berapa lama kenapa tidak diarahkan partisipasi platform untuk turut membayar mitranya,Negatif,7
Thu Jul 11 03:42:05 +0000 2024,ini aturan udah lama baru direalisasiin oleh beberapa rs baru baru ini memang kalau aps itu harus bayar umum bpjs tidak mengcover kenapa tanya sama bpjs lah jan ngomel ama rs atau dokternya,apralzolam,2024-07-11 03:42:05+00:00,2024-07,aturan sudah lama baru direalisasiin oleh beberapa rumah sakit baru baru memang kalau aps harus bayar umum tidak mengcover kenapa tanya sama lah jan ngomel ama rumah sakit atau dokternya,Negatif,5
Fri May 31 13:16:46 +0000 2024,itu udah jelas tapera buat tabungan dp rumah mana sempat keburu mati pas lagi antri bpjs lama perbaiki rumah mana sempat harus proses ina inu ita itu negara udah bantuin emang rakyat mau dibantu dengan cara ini udah pernah riset belum kenapa takut kerja sama peneliti,sebuahruanggila,2024-05-31 13:16:46+00:00,2024-05,sudah jelas tapera buat tabungan dp rumah mana sempat keburu mati pas lagi antri lama perbaiki rumah mana sempat harus proses ina inu ita negara sudah bantuin emang rakyat mau dibantu dengan cara sudah pernah riset belum kenapa takut kerja sama peneliti,Negatif,4
Mon Apr 27 04:31:22 +0000 2026,kenapa ya klaim bpjs ketenagakerjaan lama cairnya udah ngurus dokumen dari tgl 16 belum cair sampe sekarang hiiihhhh aku udah gaada duit,lovesyeoubi,2026-04-27 04:31:22+00:00,2026-04,kenapa klaim ketenagakerjaan lama cairnya sudah ngurus dokumen tanggal belum cair sampe sekarang hih aku sudah gaada duit,Negatif,4
Tue Jul 30 12:43:52 +0000 2024,ya kalau semua sesuai bpjs 90 rs bakal bangkrut kenapa bayarnya ga ngotak ga mempertimbangkan lama pelayanan mau penyakit batuk pilek atau yang memang butuh waktu lama di rs misal luka bakar,ierophantes,2024-07-30 12:43:52+00:00,2024-07,kalau semua sesuai rumah sakit bakal bangkrut kenapa bayarnya tidak ngotak tidak mempertimbangkan lama pelayanan mau penyakit batuk pilek atau memang butuh waktu lama rumah sakit misal luka bakar,Negatif,5
Sat Aug 23 03:29:35 +0000 2025,padahal ada psikiater kenapa sore ga ke psikiater aja punya duit juga kan kalo ga mau yang bpjs dan antre lama,mywindowpouring,2025-08-23 03:29:35+00:00,2025-08,padahal ada psikiater kenapa sore tidak psikiater saja punya duit juga kalau tidak mau antre lama,Negatif,1
Sat Aug 23 07:57:06 +0000 2025,ini real sih antrian pasien bpjs tuh lama banget entah kenapa dibedain pasien bpjs dan pasien umum padahal kan sama sama pasien ya,daixyflowr,2025-08-23 07:57:06+00:00,2025-08,real antrian pasien lama banget entah kenapa dibedain pasien pasien umum padahal sama sama pasien,Negatif,5
Sun May 05 02:58:57 +0000 2024,kenapa kalo berobat pakai fasilitas bpjs kesehatan itu sangat ribet dan lama karena bpjs kesehatan berharap barangkali pasien bisa sembuh sendiri ketika nunggu antrian jadi gak perlu klaim duit,sunajisuna,2024-05-05 02:58:57+00:00,2024-05,kenapa kalau berobat pakai fasilitas sangat ribet lama karena berharap barangkali pasien bisa sembuh sendiri ketika nunggu antrian jadi tidak perlu klaim duit,Negatif,5
Thu Apr 25 01:23:42 +0000 2024,mamahku jadi salah satu pasien yg harus nunggu lama obat karena pakai bpjs sedih krn akhir2 ini mamah mogok ke rumah sakit antara alesannya capek udah ga terlalu sakit masih ada kekesalan sih kenapa aku ga dpt kerja yg gajinya tinggi biar bisa biayain ke dokter tanpa bpjs,rankrank,2024-04-25 01:23:42+00:00,2024-04,mamahku jadi salah satu pasien harus nunggu lama obat karena pakai sedih karena akhir mamah mogok rumah sakit antara alesannya capek sudah tidak terlalu sakit masih ada kekesalan kenapa aku tidak dapat kerja gajinya tinggi biar bisa biayain dokter tanpa,Negatif,5
Tue Dec 03 09:04:43 +0000 2024,gue pernah bahas kenapa pelayanan resep rawat jalan bpjs itu bisa lebih lama daripada pasien umum karena kita perlu yang namanya verifikasi riwayat layanan dan lain lain yang menyangkut batasan klaim,heyrandomraven,2024-12-03 09:04:43+00:00,2024-12,saya pernah bahas kenapa pelayanan resep rawat jalan bisa lebih lama daripada pasien umum karena kita perlu namanya verifikasi riwayat layanan lain lain menyangkut batasan klaim,Negatif,3
Thu Aug 21 04:27:12 +0000 2025,teori asal aja sih kenapa banyak rs males sama pasien bpjs mungkin karna reimbursenya lama dari atas makanya pada masang muka jutek,pindoot,2025-08-21 04:27:12+00:00,2025-08,teori asal saja kenapa banyak rumah sakit males sama pasien mungkin karna reimbursenya lama atas makanya pada masang muka jutek,Negatif,5
Wed Apr 24 15:14:57 +0000 2024,kenapa sih rumah sakit kalau pake bpjs tuh lama banget dapet kamar gue ngantuk anjiiiir,AMERlCAN0_,2024-04-24 15:14:57+00:00,2024-04,kenapa rumah sakit kalau pakai lama banget dapet kamar saya ngantuk anjir,Negatif,3
Sat Oct 26 10:42:40 +0000 2024,kenapa rs atau klinik yg pake bpjs tuh lama dah miki,julbrott,2024-10-26 10:42:40+00:00,2024-10,kenapa rumah sakit atau klinik pakai lama sudah miki,Negatif,5
Mon Jun 01 08:07:26 +0000 2026,kenapa yaaaa tinggal ambil obat aja lama bgt ini bpjs wkwkwk,sumemew,2026-06-01 08:07:26+00:00,2026-06,kenapa tinggal ambil obat saja lama banget tertawa,Negatif,5
Thu Apr 16 02:07:21 +0000 2026,kenapa pake bpjs lama banget ya,commeunrevie,2026-04-16 02:07:21+00:00,2026-04,kenapa pakai lama banget,Negatif,6
Tue Jul 29 09:15:24 +0000 2025,ya allah bpjs jht kenapa lama bgt cairnya udah 11 hari,majestyraden,2025-07-29 09:15:24+00:00,2025-07,allah jht kenapa lama banget cairnya sudah hari,Negatif,7
Fri Jun 05 21:53:57 +0000 2026,baru tau anri buat ngarsipin ijazah ikan buntal dipercaya ya begini itu anri berasa perpustakaan atau gimana lu cari di anri juga gaada ijazah presiden dari soekarno sampe presiden prabowo goblok,Boedak_Korporat,2026-06-05 21:53:57+00:00,2026-06,baru tahu anri buat ngarsipin ijazah ikan buntal dipercaya begini anri berasa perpustakaan atau gimana kamu cari anri juga gaada ijazah presiden soekarno sampe presiden prabowo goblok,Negatif,7
Fri Mar 27 21:12:25 +0000 2026,bpjs memang ribet dan banyak syarat stepnya pdahal tinggal ikut alur sopan manut maka beres hampir smua penyakit dicover tapi netijen gk suka ribet dan antri maunya cepat tapi gk mau bayar dan di rumah tetap gak mau jaga kesehatan higienis,PatubMbel,2026-03-27 21:12:25+00:00,2026-03,memang ribet banyak syarat stepnya pdahal tinggal ikut alur sopan manut maka beres hampir smua penyakit dicover tapi netijen tidak suka ribet antri maunya cepat tapi tidak mau bayar rumah tetap tidak mau jaga higienis,Negatif,1
Fri Jun 05 06:27:34 +0000 2026,riil mimpi basahh guellll dapet antrian bts sg cuman 343 169 kecil kecil semua please be nice sampe jakarta nanti aku dpt antrian qn kecil plis,itsyourbill,2026-06-05 06:27:34+00:00,2026-06,riil mimpi basahh guel dapet antrian bts sg cuman kecil kecil semua please be nice sampe jakarta nanti aku dapat antrian qn kecil plis,Negatif,5
Mon Apr 27 15:46:33 +0000 2026,iya sih dulu ada duta narkoba eks narkoboy lalu duta pancasila krn ga hafal isinya lha rapi amat pernah antri berobat pake bpjs segala jd duta bpjs,toe_giman,2026-04-27 15:46:33+00:00,2026-04,iya dulu ada duta narkoba eks narkoboy lalu duta pancasila karena tidak hafal isinya lha rapi amat pernah antri berobat pakai segala jadi duta,Negatif,1
Thu Jun 04 10:34:10 +0000 2026,buat adik adik ankim 63 ini namanya pjbl atg ya awalnya menakutkan akhirannya lebih menakutkan,biaugm,2026-06-04 10:34:10+00:00,2026-06,buat adik adik ankim namanya pjbl atg awalnya menakutkan akhirannya lebih menakutkan,Negatif,5
Fri Jun 05 14:24:14 +0000 2026,kan yang dipermasalahin egois nya kak ikut antri tapi gabeli bikin membludak antrian lawannya bukan lg sama jastiper or bot tapi ada bbrp army jg yg ikut trial di ticketing baemon antrian up 90k tuh ga sesuai prediksi fans bm,inseohyben,2026-06-05 14:24:14+00:00,2026-06,dipermasalahin egois ikut antri tapi gabeli membuat membludak antrian lawannya bukan lagi sama jastiper or bot tapi ada bbrp army juga ikut trial ticketing baemon antrian up k tidak sesuai prediksi fans bm,Negatif,5
Thu Jun 04 05:33:18 +0000 2026,benci anjer ngerepotin banget udah dikasih tahu ngeyel bgt jd orang berbusa mulut gw lu kira orang bpjs tuh nenek lu kah digampangin banget,jhjx5689,2026-06-04 05:33:18+00:00,2026-06,benci anjer ngerepotin banget sudah dikasih tahu ngeyel banget jadi orang berbusa mulut saya kamu kira orang nenek kamu kah digampangin banget,Negatif,1
Fri May 01 03:11:14 +0000 2026,dr jam 15 00 antri obat bpjs sampai jam 18 30 msh lom kepanggil jg kasihan temen sy sdh ngantuk capek inilah sistem bpjs tdk mau bantu dgn cepet utk tangani org sakit klu sdh sekarat bisa mati duluan ditempat tolong dibantu dr pihak bpjs terima kasih duta bpjs mana nih makin ada duta makin lelet hadehh cc threads,KapudS640,2026-05-01 03:11:14+00:00,2026-05,jam antri obat sampai jam msh lom kepanggil juga kasihan temen sy sdh ngantuk capek inilah sistem tidak mau bantu dengan cepet untuk tangani orang sakit klu sdh sekarat bisa mati duluan ditempat tolong dibantu pihak terima kasih duta mana nih makin ada duta makin lelet hadehh cc threads,Negatif,5
Sun Feb 15 13:57:31 +0000 2026,kenapa orang indonesia bisa sabar banget ini alasannya karena dari lahir sampai mati kita tuh udah dipaksa dan terpaksa bersabar bayangkan saat mau lahiran kita harus antri di bpjs antriannya bisa lebih panjang dari antrian tiket k pop eits boikot dulu ini ya sudah jam jaman antri gitu pas sampai di loket petugas bilang bpjsnya sudah dicabut dana mau dialihkan untuk bangun kantor 16 lantai buat ormas di bundaran hi duarrr sudah gitu di layar tv ada menteri pidato gas melon mesti ambil pakai ktp hidup harus sebahlil inikah giliran ada urusan penting mau telepon tapi sinyal wifi naik turun kayak roller coaster tim sukses presiden lagi rebutan frekuens 5g tiba tiba presiden pidato mbg kita lebih hebat dari jepang dan eropa ckckck hanya orang super sabar yang bisa hidup sefufa ini tapi justru karena itulah kita punya stok tawa unlimited termasuk saat dimonyerin cerita dong daftar sabar kita biar kita ketawa bareng,bulunangko,2026-02-15 13:57:31+00:00,2026-02,kenapa orang indonesia bisa sabar banget alasannya karena lahir sampai mati kita sudah dipaksa terpaksa bersabar bayangkan saat mau lahiran kita harus antri antriannya bisa lebih panjang antrian tiket k pop eits boikot dulu sudah jam jaman antri begitu pas sampai loket petugas bilang bpjsnya sudah dicabut dana mau dialihkan untuk bangun kantor lantai buat ormas bundaran hi duar sudah begitu layar tv ada menteri pidato gas melon mesti ambil pakai ktp hidup harus sebahlil inikah giliran ada urusan penting mau telepon tapi sinyal wifi naik turun kayak roller coaster tim sukses presiden lagi rebutan frekuens g tiba tiba presiden pidato kita lebih hebat jepang eropa ckckck hanya orang super sabar bisa hidup sefufa tapi justru karena itulah kita punya stok tawa unlimited termasuk saat dimonyerin cerita daftar sabar kita biar kita ketawa bareng,Negatif,2
Fri Mar 27 06:37:17 +0000 2026,yes jika males antri bpjs bukan solusi,kalistohenituse,2026-03-27 06:37:17+00:00,2026-03,yes jika males antri bukan solusi,Negatif,6
Tue Mar 24 09:24:39 +0000 2026,antri makanan viral mau antri bpjs ngeluh,blackradit,2026-03-24 09:24:39+00:00,2026-03,antri makanan viral mau antri ngeluh,Negatif,5
Thu Apr 23 12:39:45 +0000 2026,btw dia dan anak bininya pernah pake amp antri bpjs gak ya kalo karyawannya ia kali ya,akuntwiter968,2026-04-23 12:39:45+00:00,2026-04,btw dia anak bininya pernah pakai  antri tidak kalau karyawannya ia kali,Negatif,1
Wed Jun 03 03:29:59 +0000 2026,setuju banget norma udah ada tapi akses ke layanan publik masih miris contoh sekolah negeri gratis tapi syaratnya ribet atau rumah sakit bpjs tapi antri berjam jam,buzuzima0,2026-06-03 03:29:59+00:00,2026-06,setuju banget norma sudah ada tapi akses layanan publik masih miris contoh sekolah negeri gratis tapi syaratnya ribet atau rumah sakit tapi antri berjam jam,Negatif,6
Sat Mar 28 16:59:10 +0000 2026,tp semua ini bakal dibayar dengan waktu yang terbuang banyak alias antrian puanjaaangg betooolll kek jarang bgt liat antrian bpjs sepi tuhh,kaybuun,2026-03-28 16:59:10+00:00,2026-03,tapi semua bakal dibayar dengan waktu terbuang banyak alias antrian puanjangg betol seperti jarang banget liat antrian sepi tuhh,Negatif,2
Fri Jan 09 05:48:39 +0000 2026,malu bgt plis niatny pesen gacoan sembari nunggu antrian bpjs tp makannya di mobil udh dibilang ketemu di parkiran abangny malah masuk kantor,Orngeblossomtea,2026-01-09 05:48:39+00:00,2026-01,malu banget plis niatny pesen gacoan sembari nunggu antrian tapi makannya mobil sudah dibilang ketemu parkiran abangny malah masuk kantor,Negatif,6
Tue Jun 02 07:10:52 +0000 2026,saya jalan tol bpjs bikin pengguna askes susah dulu askes di rs antrian nggak banyak dibedain sama bantuan pemerintah sekarang digabung bayar gratis antri panjang,fajarep,2026-06-02 07:10:52+00:00,2026-06,saya jalan tol membuat pengguna askes susah dulu askes rumah sakit antrian tidak banyak dibedain sama bantuan pemerintah sekarang digabung bayar gratis antri panjang,Negatif,5
Tue Jun 02 13:45:35 +0000 2026,kyknya nunggu antrian bpjs pun kalah sm antrian ngobrol sm,bilsjournal_,2026-06-02 13:45:35+00:00,2026-06,kyknya nunggu antrian pun kalah sama antrian ngobrol sama,Negatif,5
Sat May 30 17:31:30 +0000 2026,antrian 5 sampai 7 tahun bayaran sekitar 200juta,MasFurqon15,2026-05-30 17:31:30+00:00,2026-05,antrian sampai tahun bayaran sekitar juta,Negatif,5
Thu Apr 16 04:41:22 +0000 2026,bisa nggak sih antrian pasien bpjs tuh ditinggal buat nonton bioskop or sekadar brunch dulu kek gt baru dilanjutin lagi antriannya,djamtjoek,2026-04-16 04:41:22+00:00,2026-04,bisa tidak antrian pasien ditinggal buat nonton bioskop or sekadar brunch dulu seperti begitu baru dilanjutin lagi antriannya,Negatif,2
Mon Mar 30 06:36:02 +0000 2026,lg nunggu antrian di bpjs trs ada ibu ibu duduk di sebelahku lg scroll akun tiktok h2h rasanya pengen aku ajak ngobrol tp aku malu,velouryxx,2026-03-30 06:36:02+00:00,2026-03,lagi nunggu antrian terus ada ibu ibu duduk sebelahku lagi scroll akun tiktok hh rasanya pengen aku ajak ngobrol tapi aku malu,Negatif,6
Fri Jun 05 13:38:16 +0000 2026,emg kenyataannya gitu kl mau protes ke bpjs,jungvelywoi,2026-06-05 13:38:16+00:00,2026-06,emg kenyataannya begitu kalau mau protes,Negatif,5
Thu Apr 02 09:58:55 +0000 2026,jogja aku punya nomor bpjs ketenagakerjaan 2 yg satu non aktif satunya masih aktif apa bisa dicairin ya yg udah non aktif itu apa nunggu dua duanya harus non aktif baru bisa dicairin,jogja_base,2026-04-02 09:58:55+00:00,2026-04,jogja aku punya nomor ketenagakerjaan satu non aktif satunya masih aktif apa bisa dicairin sudah non aktif apa nunggu dua duanya harus non aktif baru bisa dicairin,Negatif,3
Wed Feb 04 11:49:38 +0000 2026,klo kek gini mah percuma njir ak antri lama di kantor bpjs dan yapping ke petugas bpjsnya tapi ternyata petugasnya ga paham apa yang ak maksud,softhierarchy,2026-02-04 11:49:38+00:00,2026-02,kalau seperti gini mah percuma njir ak antri lama kantor yapping petugas bpjsnya tapi ternyata petugasnya tidak paham apa ak maksud,Negatif,4
Fri Jun 05 12:43:42 +0000 2026,itu lama lama bentuk dari bundar jadi lonjong atau pipih om,BuddhisGL,2026-06-05 12:43:42+00:00,2026-06,lama lama bentuk bundar jadi lonjong atau pipih om,Negatif,7
Wed Sep 24 04:10:07 +0000 2025,undip izin sakit pake surat izin dari halodoc boleh gak si gak ada tenaga buat ke klinik harus ngeluarin ongkos pp grab antri lama juga karena sender pake bpjs,UNDIP_FESS,2025-09-24 04:10:07+00:00,2025-09,undip izin sakit pakai surat izin halodoc boleh tidak si tidak ada tenaga buat klinik harus ngeluarin ongkos pp grab antri lama juga karena sender pakai,Negatif,5
Sat Oct 19 10:00:31 +0000 2024,gue yg tiap dapet pasien umum selalu nanya ga punya bpjs bu pak soalnya males jelasin biaya ini itu pasien asuransi jg sering gue tolak tolakin bed full antri kalau mau tp kalau lama ga boleh protes ya pak bu memang keknya aku ga waras,apralzolam,2024-10-19 10:00:31+00:00,2024-10,saya tiap dapet pasien umum selalu nanya tidak punya bu pak soalnya males jelasin biaya pasien asuransi juga sering saya tolak tolakin bed full antri kalau mau tapi kalau lama tidak boleh protes pak bu memang keknya aku tidak waras,Negatif,5
Thu May 02 11:11:36 +0000 2024,urus bpjs yang antri dan obat lama nunggunya tuh malah ngurus bola,ethadisaputra,2024-05-02 11:11:36+00:00,2024-05,urus antri obat lama nunggunya malah ngurus bola,Negatif,6
Tue Dec 31 12:43:28 +0000 2024,toh di indo meski katanya tidak dibeda bedakan nyatanya rs amp dokter lebih memilih pasien mandiri ketimbang pasien bpjs yg berbayar mudah dpt slot penanganan sementara pasien bpjs hrs antri lama kl pasien mandiri ke ln slotnya bs dialihkan ke pasien bpjs win win solution,herricahyadi,2024-12-31 12:43:28+00:00,2024-12,toh indo meski katanya tidak dibeda bedakan nyatanya rumah sakit  dokter lebih memilih pasien mandiri ketimbang pasien berbayar mudah dapat slot penanganan sementara pasien harus antri lama kalau pasien mandiri ln slotnya bisa dialihkan pasien win win solution,Negatif,1
Thu Jul 17 08:05:18 +0000 2025,tanyarl yang pernah ngalamin permasalahan gigi tolong kasih saran dong baiknya gimana kalo psa pake bpjs butuh waktu lama karna antri tapi kalo dicabut harus gipal kah,tanyakanrl,2025-07-17 08:05:18+00:00,2025-07,tanyarl pernah ngalamin permasalahan gigi tolong kasih saran baiknya gimana kalau psa pakai butuh waktu lama karna antri tapi kalau dicabut harus gipal kah,Negatif,6
Fri Jun 05 23:24:38 +0000 2026,saya dulu pun main motor juga tetapi tkda sampai tahap begitu sy biasa long distance daripada serenia sampai la ke jitra naik lc jer 6jam 40 minit tunduk pun hanya kepala shj sbb nk buang beban angin,ijam_rahim1744,2026-06-05 23:24:38+00:00,2026-06,saya dulu pun main motor juga tetapi tkda sampai tahap begitu sy biasa long distance daripada serenia sampai la jitra naik lc jer jam minit tunduk pun hanya kepala shj sbb nk buang beban angin,Negatif,6
Mon Dec 23 14:16:50 +0000 2024,malah ada yang bawa bawa bpjs segala kak katanya kesehatan kita kan seenggaknya lebih baik daripada uk atau us yang harus antri antri lama kek bpjs kan kita juga bayar astaghfirullah,kejublender,2024-12-23 14:16:50+00:00,2024-12,malah ada bawa bawa segala katanya kita seenggaknya lebih baik daripada uk atau us harus antri antri lama seperti kita juga bayar astaghfirullah,Negatif,5
Tue Feb 13 11:19:47 +0000 2024,live agent lama banget dah pakek xl prioritas tapi pelayanan lama bgt kayak antri bpjs,georghyaga_,2024-02-13 11:19:47+00:00,2024-02,live agent lama banget sudah pakek xl prioritas tapi pelayanan lama banget kayak antri,Negatif,7
Wed Oct 02 00:38:15 +0000 2024,25 mei ikang fawzi komplain antri terlalu lama pengurusan bpjs kesehatan entah tuk obat dia atau istrinya marissa haque hari ini innalillahi marissa haque wafat,mynameprada,2024-10-02 00:38:15+00:00,2024-10,mei ikang fawzi komplain antri terlalu lama pengurusan entah tuk obat dia atau istrinya marissa haque hari innalillahi marissa haque wafat,Negatif,7
Fri Feb 06 02:16:31 +0000 2026,baru ngalamin banget pagi ini jauh2 dari rumah ke rs rujukan jauhnya 22km otw pagi antri lama cuman buat di kasih tau kalo bpjs ku udh di nonaktifkan sm pemerintah pdhl aku masih dalam perawatan saraf akar,petrirain,2026-02-06 02:16:31+00:00,2026-02,baru ngalamin banget pagi jauh rumah rumah sakit rujukan jauhnya kamu otw pagi antri lama cuman buat kasih tahu kalau ku sudah nonaktifkan sama pemerintah padahal aku masih dalam perawatan saraf akar,Negatif,5
Thu Jun 04 07:33:48 +0000 2026,assalamu alaikum selamat siang kak saya sebenarnya sudah daftar antri di lapak asyik hari senin 8 juni nanti tapi ternyata tgl 8 juni nanti hari trakhir test cucu yg di sd hanya 1 mapel nanggung banget jam pulangnya kalau ngga bisa ke bpjs jadi masalah ngga kak,ariefbudiawan7,2026-06-04 07:33:48+00:00,2026-06,assalamu alaikum selamat siang saya sebenarnya sudah daftar antri lapak asyik hari senin juni nanti tapi ternyata tanggal juni nanti hari trakhir test cucu sd hanya mapel nanggung banget jam pulangnya kalau ngga bisa jadi masalah ngga,Negatif,2
Tue Sep 09 04:55:09 +0000 2025,rek minta info kalo pengajuan biaya operasi ke bpjs itu maksimal acc berapa ya terus nunggu nya berapa lama saudaraku patah siku nya harus operasi ganti sendi biayanya kurleb 135 jt dari kejadian hari minggu sampai hari ini belum ditindak krn blm ada acc,sbyfess,2025-09-09 04:55:09+00:00,2025-09,rek minta info kalau pengajuan biaya operasi maksimal acc berapa terus nunggu berapa lama saudaraku patah siku harus operasi ganti sendi biayanya kurleb juta kejadian hari minggu sampai hari belum ditindak karena belum ada acc,Negatif,6
Sat Jun 15 09:05:14 +0000 2024,kek nunggu bpjs ngantri lama tapi kalo pake duit sendiri ga mampu trs asuransi kek taik hufft,no0neonlyu,2024-06-15 09:05:14+00:00,2024-06,seperti nunggu ngantri lama tapi kalau pakai duit sendiri tidak mampu terus asuransi seperti taik hufft,Negatif,5
Sun Jan 05 16:49:25 +0000 2025,bpjs tenaga kerja nunggu ga aktifnya cukup lama ya 3 bulanan hmmmmm,fleuraisey,2025-01-05 16:49:25+00:00,2025-01,tenaga kerja nunggu tidak aktifnya cukup lama bulanan hm,Negatif,1
Sat Aug 10 06:28:26 +0000 2024,pasien bpjs dilarang sakit pas weekend pernah apes 2x asam lambung naik sampe lemes banget dan perut sakit kayak ditusuk kejadiannya selalu pas weekend dan malem udah gak kuat nunggu lebih lama karena gejalanya udah dari malem sebelumnya akhirnya ke ugd,hildaikka_,2024-08-10 06:28:26+00:00,2024-08,pasien dilarang sakit pas weekend pernah apes x asam lambung naik sampe lemes banget perut sakit kayak ditusuk kejadiannya selalu pas weekend malem sudah tidak kuat nunggu lebih lama karena gejalanya sudah malem sebelumnya akhirnya ugd,Negatif,5
Fri Jun 05 23:27:00 +0000 2026,1 5 tahun udah sehancur ini masih aja ada yang bilang baru juga 1 5 tahun tolol,panvialy,2026-06-05 23:27:00+00:00,2026-06,tahun sudah sehancur masih saja ada bilang baru juga tahun tolol,Negatif,1
Mon May 13 01:34:07 +0000 2024,allahu bpjs gangguaaan ini antrian rs jd gk jalan bjiir ini orng orng udah pada gelisah termasuk gue udah set jam astagaaa hshshs takut bgt,kashisera,2024-05-13 01:34:07+00:00,2024-05,allahu gangguan antrian rumah sakit jadi tidak jalan bjiir orng orng sudah pada gelisah termasuk saya sudah set jam astaga hshshs takut banget,Negatif,6
Sat Aug 10 00:16:16 +0000 2024,rill sebagai pejuang bpjs tau banget antrian kyk gini antrian kursi antrian kartu antrian mesin antrian admin antrian surat antrian dokter antrian terapi antrian obat pernah berangkat gelap sampai sore ngajanteng di rs eta karna dokternya ada tindakan,hanidputri,2024-08-10 00:16:16+00:00,2024-08,rill sebagai pejuang tahu banget antrian kyk gini antrian kursi antrian kartu antrian mesin antrian admin antrian surat antrian dokter antrian terapi antrian obat pernah berangkat gelap sampai sore ngajanteng rumah sakit eta karna dokternya ada tindakan,Negatif,5
Sun Nov 17 12:26:43 +0000 2024,2018 kerasa banget diskriminasi penggunaan bpjs pada saat sakit bronkitis mau check up ke dokter spesialis paru paru daftar pake bpjs itu rs selalu beralasan dokternya ngga ada jadwal antriannya udah penuh ketika daftar umum langsung dapet nomer antrian,anggifatmah,2024-11-17 12:26:43+00:00,2024-11,kerasa banget diskriminasi penggunaan pada saat sakit bronkitis mau check up dokter spesialis paru paru daftar pakai rumah sakit selalu beralasan dokternya ngga ada jadwal antriannya sudah penuh ketika daftar umum langsung dapet nomer antrian,Negatif,5
Mon Aug 19 21:44:05 +0000 2024,orang2 paling sabar adalah orang2 yg berobat ke rs vip gak termasuk aplagi kalau sistem yg dlu sblm bsa ambil antrian di mobile jkn bpjs pernah ngambil antrian manual set 7 sdh berangkat dgn brhrap biar dpt antrian awal ternyata org2 udh pd dtg dr jam 6 katanya ngantri dipanggil ke loket bisa sampe siang terus di poliklinik pun antri lg dan gak sebentar jg pas ketemu dokter cuma bbrp menit doang pergi pagi pulang sore tp sejak bsa antri via jkn jd sdkit lebih efisien krn setelah check in langsung ke poliklinik terus nunggu admin loket cetak sep yg bkin lama biasanya nunggu si dokternya datang,AfraSpace,2024-08-19 21:44:05+00:00,2024-08,orang paling sabar adalah orang berobat rumah sakit vip tidak termasuk aplagi kalau sistem dulu sblm bsa ambil antrian mobile jkn pernah ngambil antrian manual set sdh berangkat dengan brhrap biar dapat antrian awal ternyata orang sudah pd dtg jam katanya ngantri dipanggil loket bisa sampe siang terus poliklinik pun antri lagi tidak sebentar juga pas ketemu dokter cuma bbrp menit doang pergi pagi pulang sore tapi sejak bsa antri via jkn jadi sdkit lebih efisien karena setelah check in langsung poliklinik terus nunggu admin loket cetak sep bkin lama biasanya nunggu si dokternya datang,Negatif,5
Thu Dec 19 09:09:25 +0000 2024,rumah sakit swasta direkom tidak menambah pelayanan yg mahal seperti cath amp hd sehingga pasien bpjs kesehatan hanya bisa dilayani untuk cath amp hd di rs tertentu jadi kalau antrian lama kebangetan jangan kegocek dengan alasan dokter kita kurang tapi dibatasi melayani oleh bpjs,drnewstwit,2024-12-19 09:09:25+00:00,2024-12,rumah sakit swasta direkom tidak menambah pelayanan mahal seperti cath  hd sehingga pasien hanya bisa dilayani untuk cath  hd rumah sakit tertentu jadi kalau antrian lama kebangetan jangan kegocek dengan alasan dokter kita kurang tapi dibatasi melayani oleh,Negatif,5
Thu May 08 08:36:08 +0000 2025,banyak aturan klen yg sampe bikin bolak balik ke rs belom lagi ribet perpanjang rujukan mana kuota antrian rawat jalan poli terbatas kadang udah ngerasa sakit tp dari faskes 1 gak dikasih rujukan ke rs cuma dikasih obat doang buat apa bpjs kalo gk bisa ngecover semua tindakan,castlechae_,2025-05-08 08:36:08+00:00,2025-05,banyak aturan klen sampe membuat bolak balik rumah sakit belom lagi ribet perpanjang rujukan mana kuota antrian rawat jalan poli terbatas kadang sudah ngerasa sakit tapi faskes tidak dikasih rujukan rumah sakit cuma dikasih obat doang buat apa kalau tidak bisa ngecover semua tindakan,Negatif,5
Fri Jun 05 13:11:04 +0000 2026,main di rumah sakit sarwendah 66 juta,abigailmnhgdr,2026-06-05 13:11:04+00:00,2026-06,main rumah sakit sarwendah juta,Negatif,5
Tue Jun 02 13:29:56 +0000 2026,simple karena lo ga lahir di sini ga sekolah di sini ga kuliah dan kerja di sini lo ga bergaul atau emang ga pernah bener2 hidup di jakarta lo boleh romantisasi jogja atau kota manapun tapi rumah sakit terbaik pendidikan korporat hiburan semuanya masih terpusat d sini,wandairawan,2026-06-02 13:29:56+00:00,2026-06,simple karena kamu tidak lahir sini tidak sekolah sini tidak kuliah kerja sini kamu tidak bergaul atau emang tidak pernah bener hidup jakarta kamu boleh romantisasi jogja atau kota manapun tapi rumah sakit terbaik pendidikan korporat hiburan semuanya masih terpusat d sini,Negatif,1
Mon Jun 01 05:20:01 +0000 2026,edan akibat kejadian tersebut korban bernama vero mengalami lima lvka tvsuk di sejumlah bagian tubuh dan harus menjalani perawatan intensif di rumah sakit karena kehilangan banyak d4r h,PurwoDeksi,2026-06-01 05:20:01+00:00,2026-06,edan akibat kejadian tersebut korban bernama vero mengalami lima lvka tvsuk sejumlah bagian tubuh harus menjalani perawatan intensif rumah sakit karena kehilangan banyak h,Negatif,2
Fri May 29 09:45:57 +0000 2026,kadang juga dokter terlambat karena masih afa praktik di rs lain kalo dokter2 di negara ini bisa mendapat penghasilan yg layak sehingga mereka ga perlu kerja di beberapa rumah sakit kayanya risiko keterlambatan bisa diminimalisir,Miu_1,2026-05-29 09:45:57+00:00,2026-05,kadang juga dokter terlambat karena masih afa praktik rumah sakit lain kalau dokter negara bisa mendapat penghasilan layak sehingga mereka tidak perlu kerja beberapa rumah sakit kayanya risiko keterlambatan bisa diminimalisir,Negatif,5
Fri May 08 13:00:38 +0000 2026,dear ini kenapa kalo ngadu keluhan di 165 nggak bisa langsung tertangani tapi harus menghubungi petugas bpjs 1 di rumah sakit sedangkan petugasnya hanya melayani jam kerja senin jumat emangnya kalo sakit gak boleh pas gak jam kerja,feryse90,2026-05-08 13:00:38+00:00,2026-05,dear kenapa kalau ngadu keluhan tidak bisa langsung tertangani tapi harus menghubungi petugas rumah sakit sedangkan petugasnya hanya melayani jam kerja senin jumat emangnya kalau sakit tidak boleh pas tidak jam kerja,Negatif,5
Sun May 31 13:40:51 +0000 2026,apakah arsen akan menjawab atau tiba tiba langsung di rumah sakit buat lihat maksopi,nialaila39,2026-05-31 13:40:51+00:00,2026-05,apakah arsen akan menjawab atau tiba tiba langsung rumah sakit buat lihat maksopi,Negatif,5
Fri Jun 05 16:39:41 +0000 2026,pas 18thn anter papaku ke rumah sakit posisi di bali aku anak tunggal dan ortu bercerai sampai papaku meninggal kremasi di bali aku yg urus sendirian,1818http,2026-06-05 16:39:41+00:00,2026-06,pas tahun anter papaku rumah sakit posisi bali aku anak tunggal ortu bercerai sampai papaku meninggal kremasi bali aku urus sendirian,Negatif,2
Fri May 22 01:58:17 +0000 2026,ditolak berobat alasan rumah sakit igd sedang penuh pasien sudah biasa di rsud apalagi kalau yang datang orang susah pasti dipersulit duta bpjs gak tau ini,Kosimatkasah,2026-05-22 01:58:17+00:00,2026-05,ditolak berobat alasan rumah sakit igd sedang penuh pasien sudah biasa rsud apalagi kalau datang orang susah pasti dipersulit duta tidak tahu,Negatif,5
Thu Jun 04 06:09:22 +0000 2026,akhirnya telepon diangkat diseberang sana tidak ada sepatah katapun hanya terdengar suara samar orang yang mirip orang sedang terisak pelan setelah say halo beberapa kali dan tidak ada respon lia langsung menutup teleponnya tidak ada panggilan lagi setelah itu tetapi malam tersebut menjadi malam terpanjang dalam hidup lia ia tidak bisa tidur sampai subuh setiap kali memejamkan mata ia teringat wajah ratih di rumah sakit dan suara nada dering tadi malam yang terasa sangat dingin di telinganya pagi harinya lia memberanikan diri menceritakan semuanya kepada damar di ruang tamu awalnya suami ratih itu hanya diam sambil menunduk wajahnya terlihat sangat lelah jangan bercanda begitu lia katanya pelan aku serius mas semalam ada telepon dari nomor mbak ratih tiga kali ketika aku angkat terdengar orang menangis damar menggeleng pelan sambil mengusap wajahnya ia tampak ingin percaya tetapi kesedihan membuat pikirannya bercampur aduk menurutnya mungkin lia hanya salah lihat salah dengar atau terlalu capek karena kurang tidur sejak kejadian kecelakaan namun lia segera membuka daftar panggilan di ponselnya tiga panggilan masuk semua berasal dari nomor ratih jamnya tercatat jelas 23 17 wib 23 21 wib 23 26 wib damar langsung terdiam perlahan wajahnya berubah pucat ketika membaca nomor tersebut ia mengenali nomor itu di luar kepala karena sudah bertahun tahun menjadi kontak istrinya tangannya bahkan sempat gemetar ketika menyentuh layar ponsel lia ini nomor ratih ucapnya lirih untuk beberapa saat tidak ada yang berbicara suasana rumah terasa sangat sunyi meski di luar masih terdengar suara orang mencuci gelas bekas tahlilan damar akhirnya duduk pelan sambil menatap foto istrinya di meja kecil ruang tamu matanya mulai memerah lia mengatakan sesuatu yang tanpa sadar keluar dari mulutnya mas mungkin mbak ratih mau pulang kalimat itu membuat damar langsung menangis untuk pertama kalinya sejak pemakaman,izoelsaka,2026-06-04 06:09:22+00:00,2026-06,akhirnya telepon diangkat diseberang sana tidak ada sepatah katapun hanya terdengar suara samar orang mirip orang sedang terisak pelan setelah say beberapa kali tidak ada respon lia langsung menutup teleponnya tidak ada panggilan lagi setelah tetapi malam tersebut menjadi malam terpanjang dalam hidup lia ia tidak bisa tidur sampai subuh setiap kali memejamkan mata ia teringat wajah ratih rumah sakit suara nada dering tadi malam terasa sangat dingin telinganya pagi harinya lia memberanikan diri menceritakan semuanya kepada damar ruang tamu awalnya suami ratih hanya diam sambil menunduk wajahnya terlihat sangat lelah jangan bercanda begitu lia katanya pelan aku serius mas semalam ada telepon nomor mbak ratih tiga kali ketika aku angkat terdengar orang menangis damar menggeleng pelan sambil mengusap wajahnya ia tampak ingin percaya tetapi kesedihan membuat pikirannya bercampur aduk menurutnya mungkin lia hanya salah lihat salah dengar atau terlalu capek karena kurang tidur sejak kejadian kecelakaan namun lia segera membuka daftar panggilan ponselnya tiga panggilan masuk semua berasal nomor ratih jamnya tercatat jelas wib wib wib damar langsung terdiam perlahan wajahnya berubah pucat ketika membaca nomor tersebut ia mengenali nomor luar kepala karena sudah bertahun tahun menjadi kontak istrinya tangannya bahkan sempat gemetar ketika menyentuh layar ponsel lia nomor ratih ucapnya lirih untuk beberapa saat tidak ada berbicara suasana rumah terasa sangat sunyi meski luar masih terdengar suara orang mencuci gelas bekas tahlilan damar akhirnya duduk pelan sambil menatap foto istrinya meja kecil ruang tamu matanya mulai memerah lia mengatakan sesuatu tanpa sadar keluar mulutnya mas mungkin mbak ratih mau pulang kalimat membuat damar langsung menangis untuk pertama kalinya sejak pemakaman,Negatif,6
Fri Jun 05 09:50:44 +0000 2026,setiap rs harusnya ada org bpjs yg tugasnya mengedukasi pasien ttg sistemnya jangan nakes disuruh edukasi amp jadi bad cop di mata pasien buka customer service booths ato apa gituuu bun,febrinasugianto,2026-06-05 09:50:44+00:00,2026-06,setiap rumah sakit harusnya ada orang tugasnya mengedukasi pasien ttg sistemnya jangan nakes disuruh edukasi  jadi bad cop mata pasien buka customer service booths ato apa begitu bun,Negatif,5
Tue May 05 02:58:53 +0000 2026,udah lama gak periksa ke puskesmas biasanya klinik langsung rs emang kalo pake bpjs di puskesmas dokternya judes gini ya gue perasaan kalo di klinik rs walaupun periksa pake bpjs ramah ramah tuh dokternya diperiksa pake stetoskop aja nggak,outofddablue,2026-05-05 02:58:53+00:00,2026-05,sudah lama tidak periksa puskesmas biasanya klinik langsung rumah sakit emang kalau pakai puskesmas dokternya judes gini saya perasaan kalau klinik rumah sakit walaupun periksa pakai ramah ramah dokternya diperiksa pakai stetoskop saja tidak,Negatif,5
Fri May 29 12:37:03 +0000 2026,intinya kurang funding tp ekspektasi kegedean dokter kerja di 1 rs saja pun tidak cuma ngurusi poliklinik ada visit tindakan dll knp rs ga hire dokter banyak2 karena bpjs bayarnya mini karena iurannya juga mini di sini pun ketemu dokter di poliklinik terlalu gampang harusnya dibikin kuota aja biar antrenya berbulan2 kek di luar negeri lebih baik menunggu kronis berbulan2 tp tepat waktu daripada menunggu akut dokter telat,fsapradana,2026-05-29 12:37:03+00:00,2026-05,intinya kurang funding tapi ekspektasi kegedean dokter kerja rumah sakit saja pun tidak cuma ngurusi poliklinik ada visit tindakan dll kenapa rumah sakit tidak hire dokter banyak karena bayarnya mini karena iurannya juga mini sini pun ketemu dokter poliklinik terlalu gampang harusnya dibikin kuota saja biar antrenya berbulan seperti luar negeri lebih baik menunggu kronis berbulan tapi tepat waktu daripada menunggu akut dokter telat,Negatif,2
Thu Jun 04 15:38:06 +0000 2026,work gaji ada yg tau bedanya apa aku kerja di rs swasta amp di kontrak kerja tertera potongan bpjs kes amp tenaga kerja tapi di slip gaji muncul 4 rincian potongan bpjs minta tolong infonya guys,worksfess,2026-06-04 15:38:06+00:00,2026-06,work gaji ada tahu bedanya apa aku kerja rumah sakit swasta  kontrak kerja tertera potongan kes  tenaga kerja tapi slip gaji muncul rincian potongan minta tolong infonya guys,Negatif,4
Tue Apr 21 15:50:04 +0000 2026,gais di rs undip bisa op potong rahang di cover bpjs gasih kalo misal ke cover ga full biaya tambahannya brp ada yg tau ga yaa sender underbite dn rasanya tiap ngomong pegel bgt,UNDIP_FESS,2026-04-21 15:50:04+00:00,2026-04,gais rumah sakit undip bisa op potong rahang cover gasih kalau misal cover tidak full biaya tambahannya berapa ada tahu tidak yaa sender underbite dn rasanya tiap ngomong pegel banget,Negatif,6
Wed Jun 03 19:56:23 +0000 2026,kalau selama itu pindah saja itu management faskes rumah sakit terlalu ramai igd wajib menindak lanjuti pasien bpjs saat gawat darurat dan pemerataan itu di akhir utamnya bpjs ketenagakerjaan jika gawat darurat medis non trauma itu tetap di tangani,posind_kcpslipi,2026-06-03 19:56:23+00:00,2026-06,kalau selama pindah saja management faskes rumah sakit terlalu ramai igd wajib menindak lanjuti pasien saat gawat darurat pemerataan akhir utamnya ketenagakerjaan jika gawat darurat medis non trauma tetap tangani,Negatif,5
Fri Jun 05 05:51:27 +0000 2026,ibu ros 68 tahun warga siduampan silaping berniat berobat ke poli mata di rsud pasaman barat sumatera barat ia sudah membawa rujukan dari puskesmas tapi betapa kecewanya dia karena hari itu ternyata gak ada sama sekali pelayanan spesialis yang terbuka,NakesPuskesmas,2026-06-05 05:51:27+00:00,2026-06,ibu ros tahun warga siduampan silaping berniat berobat poli mata rsud pasaman barat sumatera barat ia sudah membawa rujukan puskesmas tapi betapa kecewanya dia karena hari ternyata tidak ada sama sekali pelayanan spesialis terbuka,Negatif,5
Fri Jun 05 23:57:22 +0000 2026,puskesmas jakarta bukanya 24 jir hebat kali,yuanst,2026-06-05 23:57:22+00:00,2026-06,puskesmas jakarta bukanya jir hebat kali,Negatif,1
Fri Jun 05 23:52:14 +0000 2026,padahal di ppk no hk 01 07 menkes 2147 2023 halaman 49 50 isinya gak ada keharusan kultur atau cat gram nih gw sc in jadi bingung gw harus ngikut yg mana,TabatiereMaddok,2026-06-05 23:52:14+00:00,2026-06,padahal ppk no hk menkes halaman isinya tidak ada keharusan kultur atau cat gram nih saya sc in jadi bingung saya harus ngikut mana,Negatif,2
Thu Apr 16 05:06:56 +0000 2026,braw tambal gigi depan yang harganya terjangkau dimana ya sender udah di tambal gigi di klinik pakai bpjs tapi gigi depannya tetep hitam gitu huhuhu gak pede,ub_menfess,2026-04-16 05:06:56+00:00,2026-04,braw tambal gigi depan harganya terjangkau dimana sender sudah tambal gigi klinik pakai tapi gigi depannya tetep hitam begitu huhuhu tidak pede,Negatif,7
Fri Jan 30 15:20:07 +0000 2026,abis berapa cabut gigi bungsu pakai biaya mandiri kalian cabut nya di klinik atau rs pipi bengkak lama ga ilang nya plss jangan suruh pake bpjsmakasi,tanyarlfes,2026-01-30 15:20:07+00:00,2026-01,abis berapa cabut gigi bungsu pakai biaya mandiri kalian cabut klinik atau rumah sakit pipi bengkak lama tidak ilang plss jangan suruh pakai bpjsmakasi,Negatif,5
Mon May 04 04:41:28 +0000 2026,halo kak harga gimana klinik rs di bandung start 200 rb 1 jutaan kalau di puskesmas bandung nggak pakai bpjs bisa bayar 100 150 rb sekali suntik kalau kab bandung gratis tanpa bpjs asal ktp kab bandung kadang bayar biaya suntik aja 50 000 suntik,namasayalaut,2026-05-04 04:41:28+00:00,2026-05,harga gimana klinik rumah sakit bandung start ribu jutaan kalau puskesmas bandung tidak pakai bisa bayar ribu sekali suntik kalau kab bandung gratis tanpa asal ktp kab bandung kadang bayar biaya suntik saja suntik,Negatif,5
Fri Jun 05 05:57:02 +0000 2026,nah makannya banyak dokter sekarang yg keberatan mengenai penjelasan bpjs ini karena jadi pusing mau fokus nolong orang sakit kudu mikir birokrasi juga makannya kalo bisa petugas bpjs ikut jaga di igd atau diranap kalo ada masalah birokrasi mereka klo ada apa2 dokter yg kena,Tymomaw,2026-06-05 05:57:02+00:00,2026-06,nah makannya banyak dokter sekarang keberatan mengenai penjelasan karena jadi pusing mau fokus nolong orang sakit kudu mikir birokrasi juga makannya kalau bisa petugas ikut jaga igd atau diranap kalau ada masalah birokrasi mereka kalau ada apa dokter kena,Negatif,5
Wed Apr 29 14:44:04 +0000 2026,hahahaha udh paling bener harus ada perwakilan bpjs di igd buat jelasin kalo diagnosa ga bisa dicover,dokterNgangon,2026-04-29 14:44:04+00:00,2026-04,hahahaha sudah paling bener harus ada perwakilan igd buat jelasin kalau diagnosa tidak bisa dicover,Negatif,5
Fri Jun 05 23:59:52 +0000 2026,kebijakan mbg kopdes bikin babak belur apbn sehruanya skala prioritas 3t untuk mbg kebijakan 1 pintu tapi aturannya blm jelas danantara dpt modal ratusan t hasilnya apa cm kumpulin deviden tanpa ada kontribusi ke apbn kabinet super gemuk blm ada utusan khusus dll,SotoAyam1970,2026-06-05 23:59:52+00:00,2026-06,kebijakan kopdes membuat babak belur apbn sehruanya skala prioritas t untuk kebijakan pintu tapi aturannya belum jelas danantara dapat modal ratusan t hasilnya apa cuma kumpulin deviden tanpa ada kontribusi apbn kabinet super gemuk belum ada utusan khusus dll,Negatif,2
Thu Feb 05 13:37:47 +0000 2026,bpjs ini kalo mau lebih tepat guna harus menempatkan satu petugas di tiap shift igd rs kan yang bikin bpjs boncos tuh karena pasien non emergency terpaksa harus kami tangani kalo gak ditangani ya diomelin warga kalo petugas bpjs nya yg jelasin ke warga kan lebih make sense,chocobbokari,2026-02-05 13:37:47+00:00,2026-02,kalau mau lebih tepat guna harus menempatkan satu petugas tiap shift igd rumah sakit membuat boncos karena pasien non emergency terpaksa harus kami tangani kalau tidak ditangani diomelin warga kalau petugas jelasin warga lebih make sense,Negatif,5
Fri Jun 05 11:51:42 +0000 2026,kalo dokter sebaiknya yg di mention idi kalo yg di mention bpjs ya memang bpjs nya aja mungkn ada batasnya kita gak tau konteksnya gimana masih banyak loh yg terbantu sama bpjs tapi gak cerita di medsos,adit_sipit,2026-06-05 11:51:42+00:00,2026-06,kalau dokter sebaiknya mention idi kalau mention memang saja mungkn ada batasnya kita tidak tahu konteksnya gimana masih banyak loh terbantu sama tapi tidak cerita medsos,Negatif,2
Sat May 30 11:41:26 +0000 2026,25 mei 2026 surat keputusan bgn 19 dapur mbg di sidoarjo di hentikan sementara bgn temukan ipal tak sesuai standar demi membiayai ribuan sppg yang terus bermasalah seperti ini nasib guru yang belum terdaftar di dapodik di 2024 nasibnya tak jelas,nenglaela93,2026-05-30 11:41:26+00:00,2026-05,mei surat keputusan bgn dapur sidoarjo hentikan sementara bgn temukan ipal tak sesuai standar demi membiayai ribuan sppg terus bermasalah seperti nasib guru belum terdaftar dapodik nasibnya tak jelas,Negatif,5
Fri Mar 27 20:17:28 +0000 2026,setahun saya kerja jadi dokter igd klinik faskes primer bpjs dapat apa yak betul dapat berbagai footage video pasien marah marah komplen gak masuk akal di depan admisi dokter perawat,soylattays,2026-03-27 20:17:28+00:00,2026-03,setahun saya kerja jadi dokter igd klinik faskes primer dapat apa yak betul dapat berbagai footage video pasien marah marah komplen tidak masuk akal depan admisi dokter perawat,Negatif,5
Fri Dec 12 04:19:28 +0000 2025,di klinik yg perlu rujuk gamau dirujuk yg ga perlu dirujuk maksa ketemu spesialis pake bpjs di igd yg perlu ranap gamau diranap yg ga perlu ranap maksa ranap dan dtg udh bawa tiker mau stroke gw rasanya,IIlIIIllIll,2025-12-12 04:19:28+00:00,2025-12,klinik perlu rujuk gamau dirujuk tidak perlu dirujuk maksa ketemu spesialis pakai igd perlu ranap gamau diranap tidak perlu ranap maksa ranap dtg sudah bawa tiker mau stroke saya rasanya,Negatif,5
Sat Feb 07 01:24:35 +0000 2026,ngalah sedikit bayar mandiri igd di pengalamanku gak sampai 500rb udah include tes darah klo pasca penilaian memang gawat darurat baru masuk pakai bpjs proseduralnya memang begitu ini yang kelewat gak disampaikan di video alasan kenapa tidak berkenan bayar mandiri untuk igd,pitalokashinta,2026-02-07 01:24:35+00:00,2026-02,ngalah sedikit bayar mandiri igd pengalamanku tidak sampai ribu sudah include tes darah kalau pasca penilaian memang gawat darurat baru masuk pakai proseduralnya memang begitu kelewat tidak disampaikan video alasan kenapa tidak berkenan bayar mandiri untuk igd,Negatif,5
Tue Mar 24 11:44:15 +0000 2026,serba salah apalagi kalo ngadepin pasien2 bpjs emang paling bener orang bpjs yg harus ada di igd,apralzolam,2026-03-24 11:44:15+00:00,2026-03,serba salah apalagi kalau ngadepin pasien emang paling bener orang harus ada igd,Negatif,5
Thu Apr 09 11:33:22 +0000 2026,kadang jg pasien diberi edukasi kalo kondisinya emang harus ke faskes 1 dulu tetep ngotot minta ditangani di igd dengan bpjs kalo ga bisa pake bpjs komplain marah marah padahal bpjs jg ada aturannya igd kondisi gawat darurat yg mengancam nyawa tidak gawat darurat ke faskes 1 dulu periksa kalo faskes 1 gabisa nangani baru dikasih rujukan,valiisaa,2026-04-09 11:33:22+00:00,2026-04,kadang juga pasien diberi edukasi kalau kondisinya emang harus faskes dulu tetep ngotot minta ditangani igd dengan kalau tidak bisa pakai komplain marah marah padahal juga ada aturannya igd kondisi gawat darurat mengancam nyawa tidak gawat darurat faskes dulu periksa kalau faskes gabisa nangani baru dikasih rujukan,Negatif,5
Sun Apr 05 09:56:21 +0000 2026,dok mau tanya untuk pasien bpjs kenapa kalo di igd tuh nunggu dapat ruangan buat ranap lama banget sampe berjam2 apakah ada aturan minimal jam berada di igd baru bisa dapat kamar tiap aku ke igd pasti gitu katanya kamarnya full ternyata pas udh masuk ruangan tetangga pasien lain ngomong kalo ruangan di lantai itu sepi banyak yg kosong terima kasih dok,rezqyou,2026-04-05 09:56:21+00:00,2026-04,dok mau tanya untuk pasien kenapa kalau igd nunggu dapat ruangan buat ranap lama banget sampe berjam apakah ada aturan minimal jam berada igd baru bisa dapat kamar tiap aku igd pasti begitu katanya kamarnya full ternyata pas sudah masuk ruangan tetangga pasien lain ngomong kalau ruangan lantai sepi banyak kosong terima kasih dok,Negatif,5
Mon Nov 17 07:49:36 +0000 2025,ndes minta sarannya dong setelah 4 hari dirawat inap di rs hari sabtu pagi kemarin aku balik tapi sabtu sore sampai hari ini masih demam terus bapil juga mending aku ke klinik aja kebetulan obat dari rs udah habis atau ke igd lagi misal ke igd bisa pake bpjs lg nggak,SmgMenfess,2025-11-17 07:49:36+00:00,2025-11,ndes minta sarannya setelah hari dirawat inap rumah sakit hari sabtu pagi kemarin aku balik tapi sabtu sore sampai hari masih demam terus bapil juga mending aku klinik saja kebetulan obat rumah sakit sudah habis atau igd lagi misal igd bisa pakai lagi tidak,Negatif,5
Tue Oct 14 12:49:47 +0000 2025,guys ada yang pernah ke igd karena gerd terus di injeksi obat itu bisa di cover bpjs gak kalo gk bayar berapa terus ke igd mana sender fp,unsfesss,2025-10-14 12:49:47+00:00,2025-10,guys ada pernah igd karena gerd terus injeksi obat bisa cover tidak kalau tidak bayar berapa terus igd mana sender fp,Negatif,5
Sat Feb 07 14:59:39 +0000 2026,jangankan yg pbi yg non pbi aja bisa tiba2 gk aktif jd aku ke bpjs utk nambahin suami jd tanggunganku pns 2 minggu kemudian ke igd krn anak sakit pas dicek status bpjs anakku nonaktif cek di app ternyata suami jg gk aktif akhirnya daftar umum,chillocookie,2026-02-07 14:59:39+00:00,2026-02,jangankan pbi non pbi saja bisa tiba tidak aktif jadi aku untuk nambahin suami jadi tanggunganku pns minggu kemudian igd karena anak sakit pas dicek status anakku nonaktif cek app ternyata suami juga tidak aktif akhirnya daftar umum,Negatif,2
Sun Jun 22 03:56:03 +0000 2025,sering pakai bpjs udah gak baper lg kalau dijudesin kita aja nunggu antrean seharian aja lama banget bete apalagi mereka yang menjalani setiap hari jadi maklum aja udah ada yg judes ada yg baik krn semua petugas itu ngelayani pasien yg beda beda jadi energi pasti terkuras,haloOCTA,2025-06-22 03:56:03+00:00,2025-06,sering pakai sudah tidak baper lagi kalau dijudesin kita saja nunggu antrean seharian saja lama banget bete apalagi mereka menjalani setiap hari jadi maklum saja sudah ada judes ada baik karena semua petugas ngelayani pasien beda beda jadi energi pasti terkuras,Negatif,5
Tue Dec 17 02:40:27 +0000 2024,mau pakai bpjs antrian tindakan bisa lama bgt mau bayar sendiri udahlah mahal pajaknya naik lagi gws,stayafloatpls,2024-12-17 02:40:27+00:00,2024-12,mau pakai antrian tindakan bisa lama banget mau bayar sendiri udahlah mahal pajaknya naik lagi gws,Negatif,3
Thu Mar 26 08:52:24 +0000 2026,banyak orang memuji muji pengobatan luar negeri sampai rela mengeluarkan biaya 100juta 500 juta ketika tidak berbuah kesembuhan balik berobat di indonesia pakai bpjs kelas 3 terus koar koar di medsos berobat di indonesia mahal penangananya lama nakesnya pemalas dan dokternya bodoh bodoh mahal gundulmu,JantunGPiisanG,2026-03-26 08:52:24+00:00,2026-03,banyak orang memuji muji pengobatan luar negeri sampai rela mengeluarkan biaya juta juta ketika tidak berbuah kesembuhan balik berobat indonesia pakai kelas terus koar koar medsos berobat indonesia mahal penangananya lama nakesnya pemalas dokternya bodoh bodoh mahal gundulmu,Negatif,5
Sat May 03 03:08:21 +0000 2025,hah perawatan gigi emang mahal kali apalagi kalau bayar mandiri keliatan nih gak pernah pakai bpjs buat perawatan gigi asal lu tau ya kalau mau ke drg pakai bpjs tuh antrenya lama banget harus dari pagi satu minggu satu tindakan gak bisa banyak banyak dalam satu minggu,haloOCTA,2025-05-03 03:08:21+00:00,2025-05,hah perawatan gigi emang mahal kali apalagi kalau bayar mandiri keliatan nih tidak pernah pakai buat perawatan gigi asal kamu tahu kalau mau drg pakai antrenya lama banget harus pagi satu minggu satu tindakan tidak bisa banyak banyak dalam satu minggu,Negatif,5
Fri Jun 05 23:27:59 +0000 2026,atau yg diperhalus dengan kalo di atas 25 pasanganmu takutnya selingkuh pas umur tuanya heh itu habit jelek aja anjir yg umur muda2 bgt juga banyak yg selingkuh tapi beritanya gak rame karena masih muda bgt ya gapapa masih bisa balikan kok kayak lk sama rb,mejakebalik,2026-06-05 23:27:59+00:00,2026-06,atau diperhalus dengan kalau atas pasanganmu takutnya selingkuh pas umur tuanya heh habit jelek saja anjir umur muda banget juga banyak selingkuh tapi beritanya tidak rame karena masih muda banget gapapa masih bisa balikan kayak lk sama ribu,Negatif,2
Wed May 15 11:07:42 +0000 2024,gw kontrasin sama pengalaman orang2 sekitar gw pakai bpjs pakai bpjs itu ribet memang prosedurnya berbelit harus dari faskes 1 berjenjang sampai ke rs nasional ini sebenarnya untuk membagi beban tapi bisa saja kita ada target rs trus mengikuti birokrasi sampai ke rs rujukan,DarthDnial,2024-05-15 11:07:42+00:00,2024-05,saya kontrasin sama pengalaman orang sekitar saya pakai pakai ribet memang prosedurnya berbelit harus faskes berjenjang sampai rumah sakit nasional sebenarnya untuk membagi beban tapi bisa saja kita ada target rumah sakit trus mengikuti birokrasi sampai rumah sakit rujukan,Negatif,5
Thu Jun 27 11:31:25 +0000 2024,ibu punya bpjs punya mbak tapi nggak mau pakai aku ribet kemarin mondok rawat inap pakai umum cuma habis 12 juta cuma 12 juta cry in umr kabupaten,ditanindyak,2024-06-27 11:31:25+00:00,2024-06,ibu punya punya mbak tapi tidak mau pakai aku ribet kemarin mondok rawat inap pakai umum cuma habis juta cuma juta cry in umr kabupaten,Negatif,6
Sat May 30 16:56:36 +0000 2026,aku aku pas itu pake bpjs lalu pas mau operasi dokternya salah baca hasil rontgen hampir aja kebalik gigi yg mau dicabut wkwkwk kocak banget kalo aku karena 1 gigi jadi bius lokal aja cuma beberapa kali biusnya,krisananta,2026-05-30 16:56:36+00:00,2026-05,aku aku pas pakai lalu pas mau operasi dokternya salah baca hasil rontgen hampir saja kebalik gigi mau dicabut tertawa kocak banget kalau aku karena gigi jadi bius lokal saja cuma beberapa kali biusnya,Negatif,6
Thu Jul 11 02:20:33 +0000 2024,seingetku awal tahun 2024 deh aku bikinnya di bekasi kak hah harus pakai bpjs bikin ribet aja njirr,cieeekepoyaaa98,2024-07-11 02:20:33+00:00,2024-07,seingetku awal tahun aku bikinnya bekasi hah harus pakai membuat ribet saja njirr,Negatif,6
Sun May 31 02:34:26 +0000 2026,bpjs se bpjs bpjs nya juga tetep ada biaya yg nggak sedikit yg keluar biaya bolak baliknya dari nyari rujukan surat ini itu belum ke rs nya kalo rsnya jauh dan bisa jadi perintilan lainnya pasti ada banyak pertimbangannya,riraen,2026-05-31 02:34:26+00:00,2026-05,se juga tetep ada biaya tidak sedikit keluar biaya bolak baliknya nyari rujukan surat belum rumah sakit kalau rsnya jauh bisa jadi perintilan lainnya pasti ada banyak pertimbangannya,Negatif,5
Sat Jun 06 00:00:56 +0000 2026,justru orang orang seperti ini akan digandeng pemerintah karena 1 dia joget joget 2 punya banyak dapur sppg 3 bisa memviralkan mbg,txtdrkuliner,2026-06-06 00:00:56+00:00,2026-06,justru orang orang seperti akan digandeng pemerintah karena dia joget joget punya banyak dapur sppg bisa memviralkan,Negatif,4
Sat Mar 14 10:34:56 +0000 2026,hmm mohon maaf ni kak aku lg nyari thread ttg alat kedokteran gigi malah nemu komen kakaknya tapi sependek pengetahuanku memang kalau pakai bpjs ini pertama alur birokrasinya ribet faskes 1 faskes 2 rs tipe a nah dari situ juga untuk tindakannya juga cont,hejluilily,2026-03-14 10:34:56+00:00,2026-03,hmm mohon maaf ni aku lagi nyari thread ttg alat kedokteran gigi malah nemu komen kakaknya tapi sependek pengetahuanku memang kalau pakai pertama alur birokrasinya ribet faskes faskes rumah sakit tipe a nah situ juga untuk tindakannya juga cont,Negatif,4
Tue Apr 29 07:17:19 +0000 2025,anjg anjg ponakan gue demam udh 3 hari dan gak mau minum obat sama sekali dan cuma jalan satu nya infus tapi udah ke banyak tmpt rs ditolak semua karena pakai bpjs dipersulit segininya banget,Blue16904,2025-04-29 07:17:19+00:00,2025-04,anjg anjg ponakan saya demam sudah hari tidak mau minum obat sama sekali cuma jalan satu infus tapi sudah banyak tmpt rumah sakit ditolak semua karena pakai dipersulit segininya banget,Negatif,5
Wed Apr 17 04:02:27 +0000 2024,halah ngimpi keluarga yang bangkrut usahanya dan susah jadi makan saja gak bisa pakai bpjs lagi karena gak kuat iur kok ngajuin kis juga ditolak karena bpjsnya mati telat bayar,SangGuru2471,2024-04-17 04:02:27+00:00,2024-04,halah ngimpi keluarga bangkrut usahanya susah jadi makan saja tidak bisa pakai lagi karena tidak kuat iur ngajuin kis juga ditolak karena bpjsnya mati telat bayar,Negatif,1
Fri Jun 05 23:37:40 +0000 2026,gw punya usaha lo n bbrp org lain yg punya duit gw bikin kebijakan yg lo ga suka krn lo n temen2 lo ga bs lagi ngerampok dr usaha gw lo memprovokasi ngajak yg lain ngancem bakal narik semua duit spy gw batalin itu kebijakan itu yg sdg terjadi,djoniecash2,2026-06-05 23:37:40+00:00,2026-06,saya punya usaha kamu n bbrp orang lain punya duit saya membuat kebijakan kamu tidak suka karena kamu n temen kamu tidak bisa lagi ngerampok usaha saya kamu memprovokasi ngajak lain ngancem bakal narik semua duit spy saya batalin kebijakan sdg terjadi,Negatif,3
Sat May 30 17:42:09 +0000 2026,gw pernah hide beberapa tapi keesokan nya yang di hide masih bisa komen sw padahal ga pakai wa mod mereka,kuahangatwonton,2026-05-30 17:42:09+00:00,2026-05,saya pernah hide beberapa tapi keesokan hide masih bisa komen sw padahal tidak pakai wa mod mereka,Negatif,7
Sun May 31 16:54:31 +0000 2026,get a life kata gua mah even dia say sorry pun cuma sorry maap aduh ajg gua paling ga bisa lihat orang minta maaf pakai kata maap cukup ati lu aja yg jelek ngatain tone editan itu tapi ketikan lu at least bagus lah buat ngehargain diri lu sendiri,princessjoaa,2026-05-31 16:54:31+00:00,2026-05,get a life kata saya mah even dia say sorry pun cuma sorry maap aduh ajg saya paling tidak bisa lihat orang minta maaf pakai kata maap cukup ati kamu saja jelek ngatain tone editan tapi ketikan kamu at least bagus lah buat ngehargain diri kamu sendiri,Negatif,4
Sun May 31 14:50:47 +0000 2026,tapi emang kalo tindakan operasi gitu enaknya pake bpjs sih karena dari awal kontrol sampai selesai op dicover semua paling obat obatan yg mahal aja atau ga tersedia minus ribet dikit urus berkas ini itu daftar antre lama kalo bayar sendiri bisa puluhan juta,oreovanillah,2026-05-31 14:50:47+00:00,2026-05,tapi emang kalau tindakan operasi begitu enaknya pakai karena awal kontrol sampai selesai op dicover semua paling obat obatan mahal saja atau tidak tersedia minus ribet dikit urus berkas daftar antre lama kalau bayar sendiri bisa puluhan juta,Negatif,5
Fri Jun 05 21:14:09 +0000 2026,lama kek ga ada otaknya ni orang makan nasi lah loe menjabat baru berapa tahun kok bisa ngomong kek gitu jauh sebelum loe menjabat anak kita ya makan nasi sayur ikan dll loe pikir kita kasih makan apa rumput klau ngomong pakai otak program mbg juga ga bermanfaat,KAgussugiy6969,2026-06-05 21:14:09+00:00,2026-06,lama seperti tidak ada otaknya ni orang makan nasi lah loe menjabat baru berapa tahun bisa ngomong seperti begitu jauh sebelum loe menjabat anak kita makan nasi sayur ikan dll loe pikir kita kasih makan apa rumput klau ngomong pakai otak program juga tidak bermanfaat,Negatif,3
Mon Jun 01 11:01:38 +0000 2026,ga kaget kalo gue sadar orang indo ternyata banyak yg ableist sejak liat haters illit yg dari indo di internet sampe ada nickname ejekan sendiri pakai down syndrome sekali likes bisa smpe belasan ribu likes padahal isinya ableism,sseravyim,2026-06-01 11:01:38+00:00,2026-06,tidak kaget kalau saya sadar orang indo ternyata banyak ableist sejak liat haters illit indo internet sampe ada nickname ejekan sendiri pakai down syndrome sekali likes bisa smpe belasan ribu likes padahal isinya ableism,Negatif,1
Wed Jun 03 13:20:00 +0000 2026,guys seorang ibu baru badan belum pulih habis melahirkan punya newborn di tangan dipaksa pakai kebaya ketat plus kamisol buat acara adat keluarga suami sepanjang acara dia gendong bayi sendirian ga bisa duduk tenang ga bisa makan pas mau minta suami gantian sebentar biar dia bisa makan mertua langsung menahan katanya laki laki momong anak di pesta itu mengurangi wibawa akhirnya dia ke mobil makan nasi kotak sendirian sambil sesenggukan satu tangan nyuapin nasi satu tangan masih nenein bayi bukan di meja makan bukan ditemani siapapun di dalam mobil nangis sendirian dan kata yang dipake buat standar penampilan perempuan di acara itu anggun di akhir tulisannya dia nulis sesuatu yang berat tapi jujur kalau nanti punya anak perempuan dia ga akan jodohin sama suku yang ukuran wibawa laki lakinya diukur dari seberapa tidak berguna dia dalam ngurus anaknya sendiri yang menarik dari kolom komentar banyak yang mengingatkan bahwa patriarki bukan soal suku ada yang sesama suku b tapi dapat suami dan keluarga yang jauh dari patriarki ada yang bapaknya orang batak tapi justru yang paling rajin ngepel dan nyuci piring di rumah semua balik ke didikan keluarga masing masing tapi tetap saja cerita si ibu ini terjadi beneran dan badan yang belum pulih bayi yang masih merah dan nasi kotak di dalam mobil sambil nangis itu bukan mitos menurut kalian sampai kapan wibawa jadi alasan untuk biarin pasangan kelelahan sendirian dan kalian percaya ga ini soal budaya atau soal individunya,txtharihariWNI,2026-06-03 13:20:00+00:00,2026-06,guys seorang ibu baru badan belum pulih habis melahirkan punya newborn tangan dipaksa pakai kebaya ketat plus kamisol buat acara adat keluarga suami sepanjang acara dia gendong bayi sendirian tidak bisa duduk tenang tidak bisa makan pas mau minta suami gantian sebentar biar dia bisa makan mertua langsung menahan katanya laki laki momong anak pesta mengurangi wibawa akhirnya dia mobil makan nasi kotak sendirian sambil sesenggukan satu tangan nyuapin nasi satu tangan masih nenein bayi bukan meja makan bukan ditemani siapapun dalam mobil nangis sendirian kata dipake buat standar penampilan perempuan acara anggun akhir tulisannya dia nulis sesuatu berat tapi jujur kalau nanti punya anak perempuan dia tidak akan jodohin sama suku ukuran wibawa laki lakinya diukur seberapa tidak berguna dia dalam ngurus anaknya sendiri menarik kolom komentar banyak mengingatkan bahwa patriarki bukan soal suku ada sesama suku b tapi dapat suami keluarga jauh patriarki ada bapaknya orang batak tapi justru paling rajin ngepel nyuci piring rumah semua balik didikan keluarga masing masing tapi tetap saja cerita si ibu terjadi beneran badan belum pulih bayi masih merah nasi kotak dalam mobil sambil nangis bukan mitos menurut kalian sampai kapan wibawa jadi alasan untuk biarin pasangan kelelahan sendirian kalian percaya tidak soal budaya atau soal individunya,Negatif,5
Fri Sep 12 06:15:07 +0000 2025,klo gigi bungsu atas udah tumbuh penuh tp agak miring ga sejajar sama gigi geraham ga sakit sih tapi kayaknya ga kepake jg buat ngunyah terus ada item item kayak mau berlubang itu bisa dicabut di rs pakai bpjs ga ya rek yg tau atau pernah ngalamin share dong,sbyfess,2025-09-12 06:15:07+00:00,2025-09,kalau gigi bungsu atas sudah tumbuh penuh tapi agak miring tidak sejajar sama gigi geraham tidak sakit tapi kayaknya tidak kepake juga buat ngunyah terus ada item item kayak mau berlubang bisa dicabut rumah sakit pakai tidak rek tahu atau pernah ngalamin share,Negatif,6
Tue Mar 18 07:30:19 +0000 2025,mau tanya kalo pakai bpjs biar dapat rujukan ke sp bedah mulut impaksi gigi bungsu faskes 1 nya harus dari dokter gigi juga apa bisa dokter umum soalnya faskes 1 ku praktik dokter yg ga ada drg nya mau pusk smas trauma banget dokternya galak dan dijudge makasih,tanyakanrl,2025-03-18 07:30:19+00:00,2025-03,mau tanya kalau pakai biar dapat rujukan sp bedah mulut impaksi gigi bungsu faskes harus dokter gigi juga apa bisa dokter umum soalnya faskes ku praktik dokter tidak ada drg mau pusk smas trauma banget dokternya galak dijudge makasih,Negatif,6
Fri Jun 05 11:14:17 +0000 2026,kita kan ga bisa asal judge yah kak kenapa mereka mau pakai pinjol sprt yg kakak blg bs aja krg ada kebutuhan mendesak memang udh semestinyaa ditutup sih pinjol2 inii biar ga ada yg tergiur buat pake2 lagii,bismillahyuk_,2026-06-05 11:14:17+00:00,2026-06,kita tidak bisa asal judge yah kenapa mereka mau pakai pinjol sprt kakak blg bisa saja krg ada kebutuhan mendesak memang sudah semestinyaa ditutup pinjol inii biar tidak ada tergiur buat pakai lagii,Negatif,3
Sat Jun 28 03:55:03 +0000 2025,serius nanya kalau breakout mendadak jerawat kecil2 makin parah semuka amp kadang sampai gatel udah sebulan belum reda bisa ke rs pakai bpjs ga sih atau cukup konsul di halodoc aja bukan klinik kecantikan ya,baseconvo,2025-06-28 03:55:03+00:00,2025-06,serius nanya kalau breakout mendadak jerawat kecil makin parah semuka  kadang sampai gatel sudah sebulan belum reda bisa rumah sakit pakai tidak atau cukup konsul halodoc saja bukan klinik kecantikan,Negatif,5
Sat Jun 06 00:01:26 +0000 2026,orang sakit di kampung berobat ke puskesmas dan rs gak dikasih obat mungkin di rs dikasih rebusan daun kelor ya,RajaFadhil,2026-06-06 00:01:26+00:00,2026-06,orang sakit kampung berobat puskesmas rumah sakit tidak dikasih obat mungkin rumah sakit dikasih rebusan daun kelor,Negatif,5
Fri Mar 13 07:10:02 +0000 2026,rek nanya dong buat yang tau atau pernah kalau di poli gigi puskesmas tuh bisa gak sih bikin gigi palsu trus biayanya biasa berapa kalau gak pakai bpjs soalnya aku chat ke nomer beberapa puskesmas dari pagi gak pada dibalas,sbyfess,2026-03-13 07:10:02+00:00,2026-03,rek nanya buat tahu atau pernah kalau poli gigi puskesmas bisa tidak membuat gigi palsu trus biayanya biasa berapa kalau tidak pakai soalnya aku chat nomer beberapa puskesmas pagi tidak pada dibalas,Negatif,5
Tue Oct 15 12:54:27 +0000 2024,cah aku ga tau ini informasi bermanfaat atau enggak tapi beberapa waktu lalu aku habis cabut gigi di puskesmas di kota dan aku gapakai bpjs aku pakai umum ternyata ga bayar soalnya ktp kota kediri padahal aku ga di puskesmas kecamatan ku,KediriFess,2024-10-15 12:54:27+00:00,2024-10,cah aku tidak tahu informasi bermanfaat atau enggak tapi beberapa waktu lalu aku habis cabut gigi puskesmas kota aku gapakai aku pakai umum ternyata tidak bayar soalnya ktp kota kediri padahal aku tidak puskesmas kecamatan ku,Negatif,5
Thu Aug 21 03:39:23 +0000 2025,berobat di puskesmas meski tidak pakai bpjs kesehatan sangat terjangkau amp sangat murah sekali sebaiknya disarankan bayar pribadi saja kalau faskesnya bukan di puskesmas tersebut buat puskesmas di daerah pasien yg mau bayar umum bisa membantu mereka,drnewstwit,2025-08-21 03:39:23+00:00,2025-08,berobat puskesmas meski tidak pakai sangat terjangkau  sangat murah sekali sebaiknya disarankan bayar pribadi saja kalau faskesnya bukan puskesmas tersebut buat puskesmas daerah pasien mau bayar umum bisa membantu mereka,Negatif,5
Fri Jun 05 02:10:33 +0000 2026,belum tentu salah sih lihat konteknya dulu apa kalo ternyata kasusnya kll yaaa pakenya jasa raharja kalo penyakitnya akibat kerja ya bpjs tk cuma mungkin kalimatnya aja yang tidak semua orang bisa terima,TabatiereMaddok,2026-06-05 02:10:33+00:00,2026-06,belum tentu salah lihat konteknya dulu apa kalau ternyata kasusnya kll pakenya jasa raharja kalau penyakitnya akibat kerja tk cuma mungkin kalimatnya saja tidak semua orang bisa terima,Negatif,3
Sat Jun 06 00:03:05 +0000 2026,saya pilih prabowo sumpah tapi lihat begini wahhh kecewa berat purbaya nggak mampu nggak bisa komunikasi sama bi atau menkeu dan gubernur bi mundur ya enteng kok kompak dan kendalikan rupiah menteri jangan jalan sendiri,Bambangmtm,2026-06-06 00:03:05+00:00,2026-06,saya pilih prabowo sumpah tapi lihat begini wah kecewa berat purbaya tidak mampu tidak bisa komunikasi sama bi atau menkeu gubernur bi mundur enteng kompak kendalikan rupiah menteri jangan jalan sendiri,Negatif,3
Fri Jun 05 23:34:56 +0000 2026,tp temen kerja gw yg ga lolos pppk tp ga bisa daftar cpns juga katanya karena akunnya ke lock,segerombol,2026-06-05 23:34:56+00:00,2026-06,tapi temen kerja saya tidak lolos pk tapi tidak bisa daftar cpns juga katanya karena akunnya lock,Negatif,2
Fri Jun 05 09:57:18 +0000 2026,imo ya pasiennya ini bukan mempermasalahkan aturan bpjs ditanggung atau ngga tapi cara penyampaian dokter yang kurang berempati kalaupun gak ditanggung kan tinggal bilang aja maaf ya bu untuk ini belum ditanggung bpjs apakah mau dilanjutkan dengan biaya pribadi saja,apatheianism,2026-06-05 09:57:18+00:00,2026-06,imo pasiennya bukan mempermasalahkan aturan ditanggung atau ngga tapi cara penyampaian dokter kurang berempati kalaupun tidak ditanggung tinggal bilang saja maaf bu untuk belum ditanggung apakah mau dilanjutkan dengan biaya pribadi saja,Negatif,2
Fri Jun 05 23:31:11 +0000 2026,sewotan elu ngapain ngurusin pns dki namanya aja transjakarta ya buat jakarta bukan buat buat bogor bekasi depok enak bgt mau 3500 perak tapi walikota bupati gubernor lo gaada kontrobusi apa apa ke dki,PrinceBerkuda,2026-06-05 23:31:11+00:00,2026-06,sewotan elu ngapain ngurusin pns dki namanya saja transjakarta buat jakarta bukan buat buat bogor bekasi depok enak banget mau perak tapi walikota bupati gubernor kamu gaada kontrobusi apa apa dki,Negatif,7
Sun Feb 04 14:51:16 +0000 2024,betul dokter pada ngumpul di jawa krn dokter di daerah sana jasmed nya dipotong pemda pemda menganggap dana klaim bpjs yg harusnya diterima rs adalah pemasukan daerah akhirnya jasmed nakes yg ga cair,IrwNurdiansyah,2024-02-04 14:51:16+00:00,2024-02,betul dokter pada ngumpul jawa karena dokter daerah sana jasmed dipotong pemda pemda menganggap dana klaim harusnya diterima rumah sakit adalah pemasukan daerah akhirnya jasmed nakes tidak cair,Negatif,2
Fri Jun 05 23:43:29 +0000 2026,nahh sesuai kepercayaan tapi dia tengil banget kan pas diingetin sama jono malah jono yang diserang katanya nggak bener bener sayang sama jini lahhh kan kocak udah tahu lagi kambuh nggak ngerti kapasitasnya tapi maksa ada sendirian,RTesebelah21,2026-06-05 23:43:29+00:00,2026-06,nahh sesuai kepercayaan tapi dia tengil banget pas diingetin sama jono malah jono diserang katanya tidak bener bener sayang sama jini lah kocak sudah tahu lagi kambuh tidak ngerti kapasitasnya tapi maksa ada sendirian,Negatif,3
Fri Aug 16 02:33:07 +0000 2024,kak tau ga siii kalo semua pasien igd bpjs nya diterima nanti rs bisa dikira korupsi dana bpjs anjir,KailusGurl,2024-08-16 02:33:07+00:00,2024-08,tahu tidak si kalau semua pasien igd diterima nanti rumah sakit bisa dikira korupsi dana anjir,Negatif,2
Mon Jun 01 14:13:44 +0000 2026,betul kak emang mahal bgt biaya rs sekarang kalau lihat tweet para dokter di x juga ada beberapa tindakan yg mulai dikurangi dari bpjs belum tau ke depannya bakal gimana btw itu saudara kakak dicover full sama bpjs kan,dyahseptiarini,2026-06-01 14:13:44+00:00,2026-06,betul emang mahal banget biaya rumah sakit sekarang kalau lihat tweet para dokter x juga ada beberapa tindakan mulai dikurangi belum tahu depannya bakal gimana btw saudara kakak dicover full sama,Negatif,5
Wed Jan 08 04:44:32 +0000 2025,klaim ke bpjs ditolak ortu tinggalkan jasad bayinya di rs sempat bilang ke perawat mau coba cari pinjaman,toe_giman,2025-01-08 04:44:32+00:00,2025-01,klaim ditolak ortu tinggalkan jasad bayinya rumah sakit sempat bilang perawat mau coba cari pinjaman,Negatif,5
Fri Jun 05 23:43:55 +0000 2026,im so prefer pergi tanpa pamit tanpa blg apapun drpd harus jelasin salah apa dimana blm take a traumanya blm denialnya blm ngeliat pola pikirnya yaudah biarin aja dia pusing sendiri kenapa gw tbtb hilang antara mau intropeksi atau nyalah2in gue ya terserah aja,londonbrridge,2026-06-05 23:43:55+00:00,2026-06,im so prefer pergi tanpa pamit tanpa blg apapun drpd harus jelasin salah apa dimana belum take a traumanya belum denialnya belum ngeliat pola pikirnya yaudah biarin saja dia pusing sendiri kenapa saya tbtb hilang antara mau intropeksi atau nyalahin saya terserah saja,Negatif,5
Wed Dec 31 05:53:21 +0000 2025,heran ke rs pake jaminan bpjs pas disana ditolak karna pasien gaada keluhan apapun emang harus ada keluhan dulu baru boleh ditindak,kangdanyu,2025-12-31 05:53:21+00:00,2025-12,heran rumah sakit pakai jaminan pas disana ditolak karna pasien gaada keluhan apapun emang harus ada keluhan dulu baru boleh ditindak,Negatif,6
Sat Jan 06 06:49:25 +0000 2024,inilah mengapa dulu pas stase puskes tiap ada pasien penkes gajelas gini yg dateng udah penkes langsung rujuk lepas ke rs alias suruh berangkat sendiri nunggu sisrute lama bgt buset dah berapa kali liat sisrute ditolak mulu sistem rujukan darurat bpjs ni menurutku flawed,soylattays,2024-01-06 06:49:25+00:00,2024-01,inilah mengapa dulu pas stase puskes tiap ada pasien penkes gajelas gini dateng sudah penkes langsung rujuk lepas rumah sakit alias suruh berangkat sendiri nunggu sisrute lama banget buset sudah berapa kali liat sisrute ditolak mulu sistem rujukan darurat ni menurutku flawed,Negatif,1
Thu Jul 10 03:17:56 +0000 2025,bpjs itu kan seperti asuransi dia pasti bayar mandiri dan bukan penerima pbi kalau kau curhat ditolak sana sini sama rs yang kau datangi ya tanya alasannya apa penuh kah atau diagnosanya tidak termasuk kategori yang bisa di klaim oleh bpjs,cepaklesbi,2025-07-10 03:17:56+00:00,2025-07,seperti asuransi dia pasti bayar mandiri bukan penerima pbi kalau kau curhat ditolak sana sini sama rumah sakit kau datangi tanya alasannya apa penuh kah atau diagnosanya tidak termasuk kategori bisa klaim oleh,Negatif,5
Thu Dec 26 15:48:26 +0000 2024,bpjs taheek jangan lo bilang ke pasien kalo ini itu di cover tapi pas rs minta claim ditolak jaspel gue udah hampir 3 bulan ga turun woi gegara bpjs,apralzolam,2024-12-26 15:48:26+00:00,2024-12,taheek jangan kamu bilang pasien kalau cover tapi pas rumah sakit minta claim ditolak jaspel saya sudah hampir bulan tidak turun woi gegara,Negatif,5
Mon Oct 27 02:21:25 +0000 2025,kalo misal rajal gabisa pake bojs tolong dong bpjs edukasi pasien2 cape bgt gue ribut ama pasien dan dituduh meres pasien karena pasien ga mau dirajalin dan alesan udh cape2 ke rs tp ditolak cape bgt dijadiin samsak sama pasien ditolak kita dimaki2 cuma dpt hikmah aja,apralzolam,2025-10-27 02:21:25+00:00,2025-10,kalau misal rajal gabisa pakai bojs tolong edukasi pasien cape banget saya ribut ama pasien dituduh meres pasien karena pasien tidak mau dirajalin alesan sudah cape rumah sakit tapi ditolak cape banget dijadiin samsak sama pasien ditolak kita dimaki cuma dapat hikmah saja,Negatif,1
Sat Jun 14 13:38:46 +0000 2025,buat yg belum nikah sudah nikah tp blm pny anak dan ada plan pgn pny anak ada baik nya kalian mempelajari alur kontrol kehamilan melahirkan pake bpjs karena alurnya agak ribet dan biar gak ujug2 ditolak rs jg imo ini ilmu penting selain parenting sih,coldnaicha_,2025-06-14 13:38:46+00:00,2025-06,buat belum nikah sudah nikah tapi belum pny anak ada plan pgn pny anak ada baik kalian mempelajari alur kontrol kehamilan melahirkan pakai karena alurnya agak ribet biar tidak ujug ditolak rumah sakit juga imo ilmu penting selain parenting,Negatif,2
Sat Jun 06 00:04:41 +0000 2026,ada aturan aja banyak yg pendekatan ke penguasa supaya dapet surat lolos butuh buat mutasi kabupaten atau kementerian yg minta formasi asn begitu punya asn malah menyatakan tidak butuh lolos butuh sebetulnya akal2an buat kabur kabupaten intitusi asal buat loncatan aja,Marimar_Aauw,2026-06-06 00:04:41+00:00,2026-06,ada aturan saja banyak pendekatan penguasa supaya dapet surat lolos butuh buat mutasi kabupaten atau kementerian minta formasi asn begitu punya asn malah menyatakan tidak butuh lolos butuh sebetulnya akalan buat kabur kabupaten intitusi asal buat loncatan saja,Negatif,2
Sun Apr 12 02:51:31 +0000 2026,ditolak beberapa rs karena biaya dan bpjs kondisi pasien memburuk keluarga melapor ke polisi pasien langsung dievakuasi ke rs bhayangkara untuk mendapat penanganan bawa sktm ke rumah sakit ga boleh ya kejadian begini gimana tega amat rsnya,potrzayed,2026-04-12 02:51:31+00:00,2026-04,ditolak beberapa rumah sakit karena biaya kondisi pasien memburuk keluarga melapor polisi pasien langsung dievakuasi rumah sakit bhayangkara untuk mendapat penanganan bawa sktm rumah sakit tidak boleh kejadian begini gimana tega amat rsnya,Negatif,5
Fri Jun 05 04:15:11 +0000 2026,adakah kenalan yang lagi koas kedokteran gigi dan bisa tambal lubang bekas psa gigi sender udah di psa berminggu minggu tapi pas mau ditambal permanen asuransi sender malah habis bpjs juga somehow kena nonaktif dan masi diurus pengaktifan nya terimakasih,fess10nopember,2026-06-05 04:15:11+00:00,2026-06,adakah kenalan lagi koas kedokteran gigi bisa tambal lubang bekas psa gigi sender sudah psa berminggu minggu tapi pas mau ditambal permanen asuransi sender malah habis juga somehow kena nonaktif masi diurus pengaktifan terimakasih,Negatif,4
Sat Mar 28 19:35:03 +0000 2026,sender lagi kena diare mual ulu hati sakit sehari ini udah 10x ke kamar mandi bpjs sender lagi mati kira kira berobat ke dokter trs disuruh infus abis berapa biaya pake dana mandiri,tanyakanrl,2026-03-28 19:35:03+00:00,2026-03,sender lagi kena diare mual ulu hati sakit sehari sudah x kamar mandi sender lagi mati kira kira berobat dokter terus disuruh infus abis berapa biaya pakai dana mandiri,Negatif,1
Tue Feb 10 14:36:04 +0000 2026,bayangkan dalam kondisi sakit kamu harus berpindah dari satu gedung ke gedung lain hanya untuk mengaktifkan kartu yang tiba tiba mati dari rs ke bpjs dari bpjs ke kemensos lalu balik lagi ke rs melelahkan dan mengecewakan,ariefrasyad,2026-02-10 14:36:04+00:00,2026-02,bayangkan dalam kondisi sakit kamu harus berpindah satu gedung gedung lain hanya untuk mengaktifkan kartu tiba tiba mati rumah sakit kemensos lalu balik lagi rumah sakit melelahkan mengecewakan,Negatif,5
Wed Jun 03 15:17:32 +0000 2026,yap guys cara aktifin bpjs pbi gimana yah gatau kenapa ini udah di desil 6 aja padahal gaji cuma sampe 1 juta doang btw bpjs pbi ku itu udh gak aktif sejak ada aturan baru dari pemer1ntah ges help me guys,yappingfess,2026-06-03 15:17:32+00:00,2026-06,yap guys cara aktifin pbi gimana yah gatau kenapa sudah desil saja padahal gaji cuma sampe juta doang btw pbi ku sudah tidak aktif sejak ada aturan baru pemerntah ges help me guys,Negatif,5
Thu Feb 19 16:13:52 +0000 2026,setuju bgt sama mba nya bener bener repot waktu ngurus bpjs mati karna perubahan data pribadi bolak balik kantor lurah kantor apa aja ngurus berhari hari,indomiehypeabiz,2026-02-19 16:13:52+00:00,2026-02,setuju banget sama mba bener bener repot waktu ngurus mati karna perubahan data pribadi bolak balik kantor lurah kantor apa saja ngurus berhari hari,Negatif,4
Thu Feb 12 14:03:00 +0000 2026,budhi nurdiana 53 warga dungus cariang andir kota bandung itu terpaksa bertahan sekuat tenaga di antara hidup dan mati karena kartu bpjs kesehatan pbi miliknya dinonaktifkan tiba tiba full,detikjabar_,2026-02-12 14:03:00+00:00,2026-02,budhi nurdiana warga dungus cariang andir kota bandung terpaksa bertahan sekuat tenaga antara hidup mati karena kartu pbi miliknya dinonaktifkan tiba tiba full,Negatif,5
Tue Jun 02 14:08:45 +0000 2026,dewi masih terbaring lemah di atas kasur tipisnya usai cuci darah dengan suara parau ia merintih tolong pemerintah jangan bikin rakyat makin susah kalo biaya cuci darah tiba tiba disetop gimana saya bisa bertahan hidup besok,projectm_org,2026-06-02 14:08:45+00:00,2026-06,dewi masih terbaring lemah atas kasur tipisnya usai cuci darah dengan suara parau ia merintih tolong pemerintah jangan membuat rakyat makin susah kalau biaya cuci darah tiba tiba disetop gimana saya bisa bertahan hidup besok,Negatif,7
Sun Mar 15 07:25:36 +0000 2026,gatau kenapa tulisan ini lewat d tl tp salah satu alasan ga bnh diri krn aku takut gagal sih ga langsung mati malah kesiksa malah cacat seumur hidup yg ada duit lagi nice to know ternyata ga dicover pula ama bpjs,real_fahmia,2026-03-15 07:25:36+00:00,2026-03,gatau kenapa tulisan lewat d tl tapi salah satu alasan tidak bnh diri karena aku takut gagal tidak langsung mati malah kesiksa malah cacat seumur hidup ada duit lagi nice to know ternyata tidak dicover pula ama,Negatif,5
Fri Apr 24 17:00:06 +0000 2026,bpjs keluargaku nunggak 2th apa bisa minta keringanan ke dess abistu ke bpjs skrg diamanin rehab,tanyakanrl,2026-04-24 17:00:06+00:00,2026-04,keluargaku nunggak tahun apa bisa minta keringanan dess abistu sekarang diamanin rehab,Negatif,1
Mon May 25 19:35:40 +0000 2026,psi mau menipu semua orang di setiap kota yg sy datangi selalu ada spanduk psi menang bpjs gratis logikanya sederhana bpjs byr saja pemerintah nunggak ke rs rs kalau bpjs gratis pemerintah bayar rs pakai apa abdur,ArtaN7707,2026-05-25 19:35:40+00:00,2026-05,psi mau menipu semua orang setiap kota sy datangi selalu ada spanduk psi menang gratis logikanya sederhana byr saja pemerintah nunggak rumah sakit rumah sakit kalau gratis pemerintah bayar rumah sakit pakai apa abdur,Negatif,5
Fri Apr 17 03:30:02 +0000 2026,gt lo bayar rutin bpjs kesehatan tiap bulan gak pernah nunggak gt terus lo sakit perlu rawat inap gt lo dateng ke rumah sakit gt kasih kartu bpjs maaf pak ini gak bisa di cover lo pulang bayar rp 5 juta dari kantong sendiri padahal harusnya gratis kok bisa,hanifproduktif,2026-04-17 03:30:02+00:00,2026-04,begitu kamu bayar rutin tiap bulan tidak pernah nunggak begitu terus kamu sakit perlu rawat inap begitu kamu dateng rumah sakit begitu kasih kartu maaf pak tidak bisa cover kamu pulang bayar rupiah juta kantong sendiri padahal harusnya gratis bisa,Negatif,5
Tue Jan 13 08:27:39 +0000 2026,kerja lembur walau badan sudah sakit giliran butuh berobat baru sadar iuran bpjs nunggak karena penghasilan pas pasan,wartadewan,2026-01-13 08:27:39+00:00,2026-01,kerja lembur walau badan sudah sakit giliran butuh berobat baru sadar iuran nunggak karena penghasilan pas pasan,Negatif,1
Mon May 11 02:30:25 +0000 2026,psi mau menipu semua orang di setiap kota yg sy datangi selalu ada spanduk psi menang bpjs gratis logikanya sederhana bpjs byr saja pemerintah nunggak ke rs rs kalau bpjs gratis pemerintah byr rs pakai apa abdur,ArtaN7707,2026-05-11 02:30:25+00:00,2026-05,psi mau menipu semua orang setiap kota sy datangi selalu ada spanduk psi menang gratis logikanya sederhana byr saja pemerintah nunggak rumah sakit rumah sakit kalau gratis pemerintah byr rumah sakit pakai apa abdur,Negatif,5
Mon Dec 08 13:26:24 +0000 2025,gue kmaren jg abis bayar bpjs yg nunggak 5 bulan setengah juta broooooo,nirndy,2025-12-08 13:26:24+00:00,2025-12,saya kmaren juga abis bayar nunggak bulan setengah juta bro,Negatif,1
Wed Jun 03 16:24:20 +0000 2026,oot tpi denger2 kemarin temenku perawat bilang kalau biaya pengobatan pasien lewat dari standar yang dikasih bpjs ternyata nakesnya yang tombokin pake gaji mereka surgaki nakes wni,pikofuri,2026-06-03 16:24:20+00:00,2026-06,oot tpi denger kemarin temenku perawat bilang kalau biaya pengobatan pasien lewat standar dikasih ternyata nakesnya tombokin pakai gaji mereka surgaki nakes wni,Negatif,5
Thu Jun 04 05:42:12 +0000 2026,g bisa berobat ka bpjs ku nunggak,xanayaab,2026-06-04 05:42:12+00:00,2026-06,g bisa berobat ka ku nunggak,Negatif,1
Fri Jun 05 23:54:36 +0000 2026,copot kepala bgn lah meningkatkan kualitas mbg lah berhentiin aja programnya duit udah korup triliunan masih mau nambah di sisa 3 tahun keburu bangkrut negara inih,dobetter201,2026-06-05 23:54:36+00:00,2026-06,copot kepala bgn lah meningkatkan kualitas lah berhentiin saja programnya duit sudah korup triliunan masih mau nambah sisa tahun keburu bangkrut negara inih,Negatif,4
Thu Jun 04 18:12:21 +0000 2026,orang dungu 58 joget lu kira ongkos bpjs ga naek mana nih buzzer dungu yang bilang indonesia baik aja bpjs bakaln naik karena harga obat naik kalo ga dinaikin tuh bpjs siapa mau bayar pabrik obat apbn jebol solusi pemerintah bpjs tidak menanggung lg,EdwardSevino,2026-06-04 18:12:21+00:00,2026-06,orang dungu joget kamu kira ongkos tidak naek mana nih buzzer dungu bilang indonesia baik saja bakaln naik karena harga obat naik kalau tidak dinaikin siapa mau bayar pabrik obat apbn jebol solusi pemerintah tidak menanggung lagi,Negatif,4
Sat Jun 06 00:03:24 +0000 2026,siswa sd di bengkulu diduga keracunan usai santap makan bergizi gratis hadiah spesial dari mantan kepala bgn di tengah gemerlap program unggulan yang katanya untuk generasi emas ratusan anak sd di bengkulu kembali dilarikan ke puskesmas dengan gejala keracunan setelah menyantap menu mbg telur tahu atau bakso yang seharusnya bergizi malah jadi bonus mual muntah dan pusing sementara itu mantan kepala badan gizi nasional bgn sedang sibuk menghadapi status tersangka korupsi mark up anggaran mbg ironisnya anak anak yang seharusnya diberi gizi justru mendapat racun gratis dari sistem yang katanya dirancang untuk menyehatkan mereka program mulia eksekusi memalukan makanan bergizi atau proyek bergengsi yang ujung ujungnya bikin perut anak kecil mual dan kantong pejabat kenyang rakyat kecil makin paham yang gratis sering kali mahal harganya terutama nyawa dan kesehatan anak bangsa,P3gEl,2026-06-06 00:03:24+00:00,2026-06,siswa sd bengkulu diduga keracunan usai santap makan bergizi gratis hadiah spesial mantan kepala bgn tengah gemerlap program unggulan katanya untuk generasi emas ratusan anak sd bengkulu kembali dilarikan puskesmas dengan gejala keracunan setelah menyantap menu telur tahu atau bakso seharusnya bergizi malah jadi bonus mual muntah pusing sementara mantan kepala badan gizi nasional bgn sedang sibuk menghadapi status tersangka korupsi mark up anggaran ironisnya anak anak seharusnya diberi gizi justru mendapat racun gratis sistem katanya dirancang untuk menyehatkan mereka program mulia eksekusi memalukan makanan bergizi atau proyek bergengsi ujung ujungnya membuat perut anak kecil mual kantong pejabat kenyang rakyat kecil makin paham gratis sering kali mahal harganya terutama nyawa anak bangsa,Negatif,2
Fri May 08 00:14:26 +0000 2026,kalau negara banyak duit kenapa gaji guru dan nakes rendah kenapa bpjs nunggak klaim kenapa makin banyak pajak ini itu kenapa pppk ngga diangkat jadi asn tapi malah dipecat,Bagoesbagus7,2026-05-08 00:14:26+00:00,2026-05,kalau negara banyak duit kenapa gaji guru nakes rendah kenapa nunggak klaim kenapa makin banyak pajak kenapa pk ngga diangkat jadi asn tapi malah dipecat,Negatif,2
Fri Jun 05 23:58:18 +0000 2026,bener banget gaada manfaatnya sekarang itu jamannya udah beda sekarang tu mau sesusah apa juga ortu akan mengusahakan yg terbaik untuk ngasih makan anak keluarganya lah ini nyatanya malah banyak yg keracunan tuh gimana coba yg bilangnya makanan bergizi kok malah bikin keracunan anak orang ini bener banget tugas yg ngurusin ompreng tuh ya harusnya dari pihak sppg nya bukan malah dipasrahkan ke guru guru udah banyak kerjaannya malah disuruh ngurus ompreng lah ngurus anak yg susah makan lah ngurus sisa makanan kalau anak ga habislah malah nambahin beban pekerjaan guru aja mana ribetnya gitu juga guru di sekolah tuh ngurusin ginian ga dibayar gaji guru malah lebih sedikit kan timbang pekerja sppg nya,l1_mey,2026-06-05 23:58:18+00:00,2026-06,bener banget gaada manfaatnya sekarang jamannya sudah beda sekarang tu mau sesusah apa juga ortu akan mengusahakan terbaik untuk kasih makan anak keluarganya lah nyatanya malah banyak keracunan gimana coba bilangnya makanan bergizi malah membuat keracunan anak orang bener banget tugas ngurusin ompreng harusnya pihak sppg bukan malah dipasrahkan guru guru sudah banyak kerjaannya malah disuruh ngurus ompreng lah ngurus anak susah makan lah ngurus sisa makanan kalau anak tidak habislah malah nambahin beban pekerjaan guru saja mana ribetnya begitu juga guru sekolah ngurusin ginian tidak dibayar gaji guru malah lebih sedikit timbang pekerja sppg,Negatif,4
Fri Feb 20 06:35:52 +0000 2026,min ini aku kan bikin bpjs mandiri kenapa abang ku ikut min jadinya aku ga mampu buat bayar kal o berdua dan berakhir nunggak padahal loh abangku punya bpjs dari kantor dia kenapa ini masih ngikut di aku apa gak bisa ini di keluarin aja,txtdrsigabut,2026-02-20 06:35:52+00:00,2026-02,aku membuat mandiri kenapa abang ku ikut jadinya aku tidak mampu buat bayar kal o berdua berakhir nunggak padahal loh abangku punya kantor dia kenapa masih ngikut aku apa tidak bisa keluarin saja,Negatif,2
Sun Jun 01 05:15:14 +0000 2025,tolong min mau daftar poli gigi tiba2 keterangan bpjs ga aktif kenapa itu min,piwstudy,2025-06-01 05:15:14+00:00,2025-06,tolong mau daftar poli gigi tiba keterangan tidak aktif kenapa,Negatif,5
Mon Jun 01 04:07:01 +0000 2026,kenapa ya gue yg ngerjain mostly semuanya diajak discuss pun ga aktif at least nanti terakhir itu kelas nyebelin bgt,fadilizm,2026-06-01 04:07:01+00:00,2026-06,kenapa saya ngerjain mostly semuanya diajak discuss pun tidak aktif at least nanti terakhir kelas nyebelin banget,Negatif,3
Fri Jun 05 22:57:32 +0000 2026,tiba tiba keluar sendiri terus pas mau log in ga bisa min ini kenapa ya padahal cookienya udah aktif,yakyuks,2026-06-05 22:57:32+00:00,2026-06,tiba tiba keluar sendiri terus pas mau log in tidak bisa kenapa padahal cookienya sudah aktif,Negatif,5
Fri Sep 19 04:50:04 +0000 2025,geh kemaren ada abang2 berantem deket pom bensin depan ubl itu kenapa ya oh iya beli buah buahan yang murce dan fresh dimana ya terus kalo bikin skck skrg harus aktif bpjs kah kalo ga aktif gaboleh ini dulu aja makasii ya,lampungbase,2025-09-19 04:50:04+00:00,2025-09,geh kemaren ada abang berantem deket pom bensin depan ubl kenapa oh iya beli buah buahan murce fresh dimana terus kalau membuat skck sekarang harus aktif kah kalau tidak aktif gaboleh dulu saja makasii,Negatif,7
Tue May 28 23:43:25 +0000 2024,mirip tadi tapi versi pasien datang ke igd dalam keadaan tidak sadar daftarin biasa tapi bpjs ga aktif edukasi umum habis itu setelahnya keluarga pasien marah karena merasa ga ditangani ternyata udah doa marah lagi kenapa pas dateng gak diapa apain sama dokternya,kyoleena,2024-05-28 23:43:25+00:00,2024-05,mirip tadi tapi versi pasien datang igd dalam keadaan tidak sadar daftarin biasa tapi tidak aktif edukasi umum habis setelahnya keluarga pasien marah karena merasa tidak ditangani ternyata sudah doa marah lagi kenapa pas dateng tidak diapa apain sama dokternya,Negatif,5
Tue Jun 02 11:42:14 +0000 2026,eh tolong ya bang aku berniat ga liat sg sw mu agar aku ga ngecrushin km lagi tapi kenapa malah aktif ngechat aakuu t t,2238RN,2026-06-02 11:42:14+00:00,2026-06,eh tolong bang aku berniat tidak liat sg sw mu agar aku tidak ngecrushin kamu lagi tapi kenapa malah aktif ngechat aakuu t t,Negatif,2
Fri Feb 21 14:22:21 +0000 2025,pernah dapat pasien yang bpjs mandiri nya ga aktif trus mencak bilang anak saya polisi sekarang tugas di polda gue jawab emang kenapa kalau anak bapak polisi nggak ngaruh sama saya bapak silahkan bayar bpjs nya sesuai jumlah nanti akan otomatis aktif begitu sudah dibayarkan,efeksedatif,2025-02-21 14:22:21+00:00,2025-02,pernah dapat pasien mandiri tidak aktif trus mencak bilang anak saya polisi sekarang tugas polda saya jawab emang kenapa kalau anak bapak polisi tidak ngaruh sama saya bapak silahkan bayar sesuai jumlah nanti akan otomatis aktif begitu sudah dibayarkan,Negatif,4
Tue Jun 02 12:33:11 +0000 2026,rumah bukan tempat aman dan nyaman bagiku rasanya ingin ngamuk tuntutan kuliah semakin banyak aku berhenti kontrol karena bpjsku udah ga aktif mau urus bpjs pbi sendiri ke luar tapi aku punya strict parents argh aku benci punya semua kondisi ini kapan aku bisa bebas,sterlegardz,2026-06-02 12:33:11+00:00,2026-06,rumah bukan tempat aman nyaman bagiku rasanya ingin ngamuk tuntutan kuliah semakin banyak aku berhenti kontrol karena bpjsku sudah tidak aktif mau urus pbi sendiri luar tapi aku punya strict parents argh aku benci punya semua kondisi kapan aku bisa bebas,Negatif,5
Mon Apr 20 03:50:18 +0000 2026,eh ada yg tau ga kenapa kode otpku ga masuk aku mau daftar bpjs tapi daritadi kode otpnya ga masuk udh coba aktif non aktifin airplane mode tetep gabisa,90ampere,2026-04-20 03:50:18+00:00,2026-04,eh ada tahu tidak kenapa kode otpku tidak masuk aku mau daftar tapi daritadi kode otpnya tidak masuk sudah coba aktif non aktifin airplane mode tetep gabisa,Negatif,5
Fri Jun 05 14:04:47 +0000 2026,halo ini kenapa trauble mulu ya mau bayar jadi ga bisa padahal sinyal aman mana udah sejam lebih,Jummo21124,2026-06-05 14:04:47+00:00,2026-06,kenapa trauble mulu mau bayar jadi tidak bisa padahal sinyal aman mana sudah sejam lebih,Negatif,4
Fri Jun 05 05:46:19 +0000 2026,bpjs deh pikirin setiap kepala keluarga harus bayar seluruh anggota keluarga nya ya kira2 ngga sih yang punya anak 2 aja harus bayar 200rb setiap bulan kalau cuma jualan kopi keliling ya apa bisa listrik makan sekolah sumbang2 an sekolah kalkulasi aja itu,ayech84,2026-06-05 05:46:19+00:00,2026-06,pikirin setiap kepala keluarga harus bayar seluruh anggota keluarga kira ngga punya anak saja harus bayar ribu setiap bulan kalau cuma jualan kopi keliling apa bisa listrik makan sekolah sumbang an sekolah kalkulasi saja,Negatif,2
Fri May 29 12:56:12 +0000 2026,dan beberapa menit kemudian tadaaa ternyata masuk gopay pinjam senilai 5 jutaan duitnya si masuk ke rekening gua karena ga bisa di tarik sama si penipu tapi gua harus bayar bunganya 1 6 an wah gilaa emang,ynayzskyx,2026-05-29 12:56:12+00:00,2026-05,beberapa menit kemudian tada ternyata masuk gopay pinjam senilai jutaan duitnya si masuk rekening saya karena tidak bisa tarik sama si penipu tapi saya harus bayar bunganya an wah gilaa emang,Negatif,4
Sun May 31 13:14:04 +0000 2026,belum lagi kebijakan hilang barang yg harus ditanggung oleh pekerjanya gimana bisa sebuah perusahaan melimpahkan resiko ke pekerjanya keamanan ga ada tapi kalo ada kehilangan barang pekerjanya yg nanggung minimal bayar lah orang keamanan bukan suruh orang gudang atau kasir jadi penjaga keamanan,MenteriPekerja,2026-05-31 13:14:04+00:00,2026-05,belum lagi kebijakan hilang barang harus ditanggung oleh pekerjanya gimana bisa sebuah perusahaan melimpahkan resiko pekerjanya keamanan tidak ada tapi kalau ada kehilangan barang pekerjanya nanggung minimal bayar lah orang keamanan bukan suruh orang gudang atau kasir jadi penjaga keamanan,Negatif,2
Thu Jun 04 02:34:00 +0000 2026,beneran gw gabisa berkata kata lagi maksimal usia 25 tahun gaji dibawah upah minimum syarat kerja harus bisa bikin candi semalem harus good looking bpjs itu benefit jokowi era dan prabowo era ga ada bedanya sialan,MenteriPekerja,2026-06-04 02:34:00+00:00,2026-06,beneran saya gabisa berkata kata lagi maksimal usia tahun gaji dibawah upah minimum syarat kerja harus bisa membuat candi semalem harus good looking benefit jokowi era prabowo era tidak ada bedanya sialan,Negatif,4
Fri Jun 05 12:14:33 +0000 2026,4 hari ticketing ngang ngong doang buset dah pas masuk masih bisa milih2 seat tapi ga tembus bayar kocak bangkok susah amat,ddastay,2026-06-05 12:14:33+00:00,2026-06,hari ticketing ngang ngong doang buset sudah pas masuk masih bisa milih seat tapi tidak tembus bayar kocak bangkok susah amat,Negatif,4
Fri Jun 05 23:32:04 +0000 2026,ternyata susah yah dapet duit dr x tayangan segini juga belum cukup buat payout padahal menjelang payout degdegan takut kenapa jeda lolos dr jeda kagak dapet payout nya fakkk next malah kena jeda kah,westblueid_,2026-06-05 23:32:04+00:00,2026-06,ternyata susah yah dapet duit x tayangan segini juga belum cukup buat payout padahal menjelang payout degdegan takut kenapa jeda lolos jeda kagak dapet payout fak next malah kena jeda kah,Negatif,1
Sun May 31 10:02:03 +0000 2026,hehehe karena dokter dokter sini ga mau menjelaskan bahwa semakin banyak staff yg satu rumpun spesialis semakin dia harus bagi kue bpjs emang kejam kasi upah sampe di negara lain cukup dengan 1 rs di indo baru bisa dicapai dengan 2 3 rs apalagi dibagi bagi wkwkw,stardustc40,2026-05-31 10:02:03+00:00,2026-05,hehehe karena dokter dokter sini tidak mau menjelaskan bahwa semakin banyak staff satu rumpun spesialis semakin dia harus bagi kue emang kejam kasih upah sampe negara lain cukup dengan rumah sakit indo baru bisa dicapai dengan rumah sakit apalagi dibagi bagi wkwkw,Negatif,2
Tue Jun 02 05:03:27 +0000 2026,klo bpjs pbi tuh gabisa dipindah faskes ke luar provinsi kah jir trs klo mau pake bpjs harus bikin bpjs yg berbayar apa gmn deh,oopszfa,2026-06-02 05:03:27+00:00,2026-06,kalau pbi gabisa dipindah faskes luar provinsi kah jir terus kalau mau pakai harus membuat berbayar apa bagaimana,Negatif,2
Wed Jun 03 16:01:54 +0000 2026,ini nyata dan hampir kena waktu temenku lagi live tiba tiba ada yang challenge push up katanya mau gift kalau berhasil temenku mulai tergiur sampe si orang ini minta nomor rekening terus maksa minta qris aku yang lagi nemenin langsung ngerasa aneh pas temenku mau buka mbanking buat nunjukin qr bayar aku langsung stop dia itu bukan qr buat nerima uang itu qr buat ngirim kalau sampe ke scan saldo langsung keambil dalam hitungan detik dan pelakunya udah kabur sebelum kamu sadar yang perlu kalian tau qris ada 2 jenis qr bayar buat transfer keluar dan qr terima buat nerima masuk penipu akan selalu minta kamu tampilin qr bayar bukan qr terima modusnya simpel banget tapi efektif karena target lagi fokus live excited dapet gift dan ga sempet mikir panjang logika bisa kalah sama excitement sesaat penipu ga nyerang waktu kamu waspada mereka nyerang waktu kamu lagi bahagia,mortaliel,2026-06-03 16:01:54+00:00,2026-06,nyata hampir kena waktu temenku lagi live tiba tiba ada challenge push up katanya mau gift kalau berhasil temenku mulai tergiur sampe si orang minta nomor rekening terus maksa minta qris aku lagi nemenin langsung ngerasa aneh pas temenku mau buka mbanking buat nunjukin qr bayar aku langsung stop dia bukan qr buat nerima uang qr buat ngirim kalau sampe scan saldo langsung keambil dalam hitungan detik pelakunya sudah kabur sebelum kamu sadar perlu kalian tahu qris ada jenis qr bayar buat transfer keluar qr terima buat nerima masuk penipu akan selalu minta kamu tampilin qr bayar bukan qr terima modusnya simpel banget tapi efektif karena target lagi fokus live excited dapet gift tidak sempet mikir panjang logika bisa kalah sama excitement sesaat penipu tidak nyerang waktu kamu waspada mereka nyerang waktu kamu lagi bahagia,Negatif,5
Mon Jun 01 13:47:52 +0000 2026,malu banget bca tu kenapa sii orang aku masih ada kuota ko bisa tadi pas mau bayar di diy indikatornya ga ijo sampe di tawarin hospot sama mas kasirnyaaaduh malu bgtt tapi makasih ya mas semoga kerjanya lancar terus heheheh,SalsaWidia6,2026-06-01 13:47:52+00:00,2026-06,malu banget bca tu kenapa sii orang aku masih ada kuota ko bisa tadi pas mau bayar diy indikatornya tidak ijo sampe tawarin hospot sama mas kasirnyaduh malu bgtt tapi makasih mas semoga kerjanya lancar terus heheheh,Negatif,2
Tue Mar 10 14:55:00 +0000 2026,tanya klu promoan bpjs tuh hnya 1x ajaa bisanya klu ada voucher baru lgi mau dpakai bayar bpjs bulan slnjut nya ga bisa kah,discountfess,2026-03-10 14:55:00+00:00,2026-03,tanya klu promoan hnya x ajaa bisanya klu ada voucher baru lgi mau dpakai bayar bulan slnjut tidak bisa kah,Negatif,4
Tue Jun 02 19:43:47 +0000 2026,menurut gw pun alvarez ga bisa dibandingin sm pembelian dembele cou griezmann karna mas al ini emg dibutuhin sdgkan yg 3 itu entah knp di beli pdhl ga cocok sama barca cou lebih condong ke amf griezmann posisinya nabrak sama mesi paling mending dembele doang walaupun bpjs,indradwpyna,2026-06-02 19:43:47+00:00,2026-06,menurut saya pun alvarez tidak bisa dibandingin sama pembelian dembele cou griezmann karna mas al emg dibutuhin sdgkan entah kenapa beli padahal tidak cocok sama barca cou lebih condong amf griezmann posisinya nabrak sama mesi paling mending dembele doang walaupun,Negatif,6
Mon Jun 01 14:40:57 +0000 2026,brin setwapres pak ganjar udah 3 biji hari ini ngeliat gambar garuda ai yg sayapnya kaga 17 helai heran pdhl duitnya banyak tp bayar org buat design aja pelit bgt pdhl bisa dipake buat taun2 selanjutnya juga wong ga berubah2 itu logo,verdemiura,2026-06-01 14:40:57+00:00,2026-06,brin setwapres pak ganjar sudah biji hari ngeliat gambar garuda ai sayapnya kaga helai heran padahal duitnya banyak tapi bayar orang buat design saja pelit banget padahal bisa dipake buat taun selanjutnya juga wong tidak berubah logo,Negatif,3
Thu Jun 04 11:08:41 +0000 2026,sama kayaknya ekspedisi id sudah bayar paket malah ga bisa dianter dengan alasan ga ada kurir ke arah tempat ku malah nyangkut di kota memang tempat ku dari kota jaraknya lumayan jauh 1 5 jam perjalanan tapi kan itu udah jadi tanggung jawab mereka dan seharusnya kalo udh ada resi keluar mereka wajib antar paket sampe tujuan lama debat lewat wa akhirnya orang kantornya nyaranin buat kirim paket pake ekspedisi lain tapi biaya ditanggung penerima sebesar 20rb kan kocak ya jadi keluar duit lagi karena ga mau panjang lebar lagi akhirnya bayar lagi 20rb buat paket nya diantar sama ekspedisi lain,imamfirdaussss,2026-06-04 11:08:41+00:00,2026-06,sama kayaknya ekspedisi id sudah bayar paket malah tidak bisa dianter dengan alasan tidak ada kurir arah tempat ku malah nyangkut kota memang tempat ku kota jaraknya lumayan jauh jam perjalanan tapi sudah jadi tanggung jawab mereka seharusnya kalau sudah ada resi keluar mereka wajib antar paket sampe tujuan lama debat lewat wa akhirnya orang kantornya nyaranin buat kirim paket pakai ekspedisi lain tapi biaya ditanggung penerima sebesar ribu kocak jadi keluar duit lagi karena tidak mau panjang lebar lagi akhirnya bayar lagi ribu buat paket diantar sama ekspedisi lain,Negatif,5
Tue Jun 02 04:27:15 +0000 2026,kok bisa ya org org make limit sebanyak itu apa ga mempertimbangkan kemampuan bayar aku aja batesin diri aku make max seberapa dengan kemampuan aku gatakut apa ya di datengin dc kerumah malu tau,kacangbeans,2026-06-02 04:27:15+00:00,2026-06,bisa orang orang make limit sebanyak apa tidak mempertimbangkan kemampuan bayar aku saja batesin diri aku make max seberapa dengan kemampuan aku gatakut apa datengin dc kerumah malu tahu,Negatif,4
Fri Jun 05 12:59:16 +0000 2026,aku udah lupa banget kak soalnya udah lama banget lunasnya pokoknya kemaren tuh aku make kayak 2 jt sebulan doang dendanya 1 jtaan total bayar aku 3 jt sama denda,haesul_p,2026-06-05 12:59:16+00:00,2026-06,aku sudah lupa banget soalnya sudah lama banget lunasnya pokoknya kemaren aku make kayak juta sebulan doang dendanya jtaan total bayar aku juta sama denda,Negatif,4
Wed Jun 03 09:41:04 +0000 2026,kalian mau tau gaji direksi bpjs kesehatan ketenagakerjaan dirut 240 jt direksi 168 jt ketua dewas 144 jt anggota dewas 120 jt belom lagi fasilitas asuransi tambahan tunjangan bbm tunjangan mobil dll dengan gaji ratusan juta harusnya data2 kita aman tapi faktanya data data bpjs kesehatan bpjstk kita diperjualbelikan sama oknum dgn bebas dan bs digunakan oleh manusia2 jahat untuk doxxing,bismillahyuk_,2026-06-03 09:41:04+00:00,2026-06,kalian mau tahu gaji direksi ketenagakerjaan dirut juta direksi juta ketua dewas juta anggota dewas juta belom lagi fasilitas asuransi tambahan tunjangan bbm tunjangan mobil dll dengan gaji ratusan juta harusnya data kita aman tapi faktanya data data bpjstk kita diperjualbelikan sama oknum dengan bebas bisa digunakan oleh manusia jahat untuk doxxing,Negatif,1
Fri Jun 05 23:49:54 +0000 2026,tuhan niatku dari awal hanya membantu tapi dibohongin udah berkali kali aku diemin tapi tetap saja lukaku aku sendiri yang nyembuhin,Demyshaa,2026-06-05 23:49:54+00:00,2026-06,tuhan niatku awal hanya membantu tapi dibohongin sudah berkali kali aku diemin tapi tetap saja lukaku aku sendiri nyembuhin,Negatif,1
Tue Nov 26 10:30:04 +0000 2024,guys mau tanya kalau bpjs kelas 3 nunggak 1 thn itu kena denda berapa sih sepupu aku umur 3 tahun opname udah lunasin bpjsnya sekitar 1jtan waktu awal masuk rs pas udah pertengahan gini malah kena bayar denda 2jt aku kurang paham sih tapi kok gini ya,alaia_fe,2024-11-26 10:30:04+00:00,2024-11,guys mau tanya kalau kelas nunggak tahun kena denda berapa sepupu aku umur tahun opname sudah lunasin bpjsnya sekitar jtan waktu awal masuk rumah sakit pas sudah pertengahan gini malah kena bayar denda juta aku kurang paham tapi gini,Negatif,5
Thu Apr 09 15:29:18 +0000 2026,last time jadi auditor duit gue malah abis berobat karena bpjs lemot banget ngurusnya dan asuransi swasta di kantor ga cover penyakit hormonal taik kucing oh enak ya gaji 10 20 jutaan duit segitu kecil dan ga layak kalau lu lembur mulu penyakitan dan harus beli vitamin,YellowSkaii,2026-04-09 15:29:18+00:00,2026-04,last time jadi auditor duit saya malah abis berobat karena lemot banget ngurusnya asuransi swasta kantor tidak cover penyakit hormonal taik kucing oh enak gaji jutaan duit segitu kecil tidak layak kalau kamu lembur mulu penyakitan harus beli vitamin,Negatif,2
Tue May 05 03:33:09 +0000 2026,apasi layanan bpjs ni lemot banget najis,hullabaalloo,2026-05-05 03:33:09+00:00,2026-05,apasi layanan ni lemot banget najis,Negatif,7
Tue Jan 23 15:23:24 +0000 2024,satu dua sama yang bilang bpjs gratis bayar aja lemot gimana gratis cuak,bxdbuddy,2024-01-23 15:23:24+00:00,2024-01,satu dua sama bilang gratis bayar saja lemot gimana gratis cuak,Negatif,5
Tue Jun 02 03:10:19 +0000 2026,iya lemes bgt itu krupuk enggak kriuk blas kayak makanan korea yg mie dingin pake es batu iti yaa dd namanya apa yah lupaa,ziyuuw,2026-06-02 03:10:19+00:00,2026-06,iya lemes banget krupuk enggak kriuk blas kayak makanan korea mie dingin pakai es batu iti yaa dd namanya apa yah lupaa,Negatif,5
Wed Jan 01 05:17:17 +0000 2025,wkwkkwkwkwk pengakuan kalo bpjs lemot dong,daaraxiii,2025-01-01 05:17:17+00:00,2025-01,wkwkkwkwkwk pengakuan kalau lemot,Negatif,7
Sat Oct 11 02:09:17 +0000 2025,kenapa sih dokter ini kalau pake bpjs jadi lemot banget kinerjanya kalian jadi dokter disumpah loh,filologis,2025-10-11 02:09:17+00:00,2025-10,kenapa dokter kalau pakai jadi lemot banget kinerjanya kalian jadi dokter disumpah loh,Negatif,5
Sun Feb 23 13:40:19 +0000 2025,work kalo udah dimintain scan npwp bpjs rekening bca dan lain berarti dipastiin udah diterima kan tapi lama bgt ttd kontraknyatakut php,worksfess,2025-02-23 13:40:19+00:00,2025-02,work kalau sudah dimintain scan npwp rekening bca lain berarti dipastiin sudah diterima tapi lama banget ttd kontraknyatakut php,Negatif,6
Mon Dec 08 03:50:43 +0000 2025,bpjs cair lama bgt anjir bu,cakhesa,2025-12-08 03:50:43+00:00,2025-12,cair lama banget anjir bu,Negatif,4
Fri Mar 07 14:55:13 +0000 2025,lagi mikir2 2023 kan gua udah pake asuransi kantor ya ngapain masi pake bpjs ke opthalmologist oiya klo ga salah buat gabungin claim kantor bpjs wkwkwk tp gue beneran udh males bgt harus antre lama faskes 1 demi subsidi kacamata 300 rebu wkwwk,Allebbellaa,2025-03-07 14:55:13+00:00,2025-03,lagi mikir saya sudah pakai asuransi kantor ngapain masi pakai opthalmologist oiya kalau tidak salah buat gabungin claim kantor tertawa tapi saya beneran sudah males banget harus antre lama faskes demi subsidi kacamata rebu wkwwk,Negatif,4
Wed Aug 27 06:35:09 +0000 2025,cabut gigi bungsu di klinik gitu mahal bgt yaa kl pake bpjs males ngantri dan lama nya,tanyarlfes,2025-08-27 06:35:09+00:00,2025-08,cabut gigi bungsu klinik begitu mahal banget yaa kalau pakai males ngantri lama,Negatif,6
Mon Sep 30 09:09:01 +0000 2024,pasien cks multiple fraktur jg multiple vl m amp ve karena tabrakan nyetir dibawah pengaruh alkohol terus keluarganya marah2 karena bpjs gabisa dipake dibilang dokternya mau uang aja kan gue cuma jalanin aturan terus keluarganya marah2 karena katanya lama bgt baru di ro,apralzolam,2024-09-30 09:09:01+00:00,2024-09,pasien cks multiple fraktur juga multiple vl m  ve karena tabrakan nyetir dibawah pengaruh alkohol terus keluarganya marah karena gabisa dipake dibilang dokternya mau uang saja saya cuma jalanin aturan terus keluarganya marah karena katanya lama banget baru ro,Negatif,1
Thu Feb 26 00:13:44 +0000 2026,agak bingung ya ini mau ngurangin anggota bpjs soalnya meninggal tapi kenapa proses kali ini lama bgt dan disuruh ngulang lagi apakah tidak akan double mau cek progressnya pun gabisa kayak gamau loading webnya,vionytaniaa,2026-02-26 00:13:44+00:00,2026-02,agak bingung mau ngurangin anggota soalnya meninggal tapi kenapa proses kali lama banget disuruh ngulang lagi apakah tidak akan double mau cek progressnya pun gabisa kayak gamau loading webnya,Negatif,5
Fri Apr 04 02:23:54 +0000 2025,lama bgt dh bpjs gue cair lebaran mau beres msh aja blm ganti hp 30 kesabaran gue habis di hp,reddhairedd_one,2025-04-04 02:23:54+00:00,2025-04,lama banget dh saya cair lebaran mau beres msh saja belum ganti hp kesabaran saya habis hp,Negatif,2
Wed May 28 06:52:30 +0000 2025,ini orang ngurus bpjs apaan si lama bgt,foreverbemie,2025-05-28 06:52:30+00:00,2025-05,orang ngurus apaan si lama banget,Negatif,6
Mon Nov 10 14:30:06 +0000 2025,gigi bolong sender goyang mau cabut aja karena sisa dikit bisa pake bpjs gak ya cuma ada bpjs mandiri ini bolong udah lama bgt ada kemungkinan komplikasi parah gak ya gak berani bilang ortu karena buat harian pun pas2an kadang kurang takutt bgttt,tanyakanrl,2025-11-10 14:30:06+00:00,2025-11,gigi bolong sender goyang mau cabut saja karena sisa dikit bisa pakai tidak cuma ada mandiri bolong sudah lama banget ada kemungkinan komplikasi parah tidak tidak berani bilang ortu karena buat harian pun pasan kadang kurang takutt banget,Negatif,6
Wed Feb 26 06:17:19 +0000 2025,semangat user bpjs antriannya lama bgt ya wak,taraserein,2025-02-26 06:17:19+00:00,2025-02,semangat user antriannya lama banget wak,Negatif,6
Wed May 20 11:55:00 +0000 2026,duhh bpjs ribet bgt gue literally nangis woi lama bgt pgn sembuh doang,wonniemiaw,2026-05-20 11:55:00+00:00,2026-05,duhh ribet banget saya literally nangis woi lama banget pgn sembuh doang,Negatif,6
Mon Feb 09 10:35:10 +0000 2026,sender sedih bgt krn sisa akar gigi sender dalam banget disuruh ke bedah mulut tapi mahal bpjs antre lama takut malah infeksi abses ada rekomendasi dokter atau klinik bedah mulut yang terjangkau ga guys,tanyakanrl,2026-02-09 10:35:10+00:00,2026-02,sender sedih banget karena sisa akar gigi sender dalam banget disuruh bedah mulut tapi mahal antre lama takut malah infeksi abses ada rekomendasi dokter atau klinik bedah mulut terjangkau tidak guys,Negatif,6
Sun Apr 12 01:38:48 +0000 2026,nungguin bpjs yang gak seberapa ini cair lama bgt,Yourbigbooy,2026-04-12 01:38:48+00:00,2026-04,nungguin tidak seberapa cair lama banget,Negatif,5
Sat Jun 06 00:04:56 +0000 2026,duo bochikl adu gede gedean bochil syaliong 3 mp4 aksi para bochils pesta ngewe prank ojol mp4 bochilik 0967 mp4,brjeeze,2026-06-06 00:04:56+00:00,2026-06,duo bochikl adu gede gedean bochil syaliong mp aksi para bochils pesta ngewe prank ojol mp bochilik mp,Negatif,5
Tue Jun 02 19:23:05 +0000 2026,ya masalahnya gaada yg bs dipetik ajggg buah khuldi pun gbs dipetik ajggggg biji prabowo juga gabisa dipetikkk ajggg,xllbungaa,2026-06-02 19:23:05+00:00,2026-06,masalahnya gaada bisa dipetik ajg buah khuldi pun gbs dipetik ajg biji prabowo juga gabisa dipetik ajg,Negatif,4
Sun Jul 20 11:00:11 +0000 2025,guys mendingan scaling gigi dulu atau ke dokter tht bersihin telinga ya guys sebenernya sender udh pernah scaling tpi udh lama bgt klo lgsg keduanya tuh budget nya cm cukup buat salah 1 ortu sender g mw pake bpjs krn katanya ribet,tanyarlfes,2025-07-20 11:00:11+00:00,2025-07,guys mendingan scaling gigi dulu atau dokter tht bersihin telinga guys sebenernya sender sudah pernah scaling tpi sudah lama banget kalau lgsg keduanya budget cuma cukup buat salah ortu sender g mw pakai karena katanya ribet,Negatif,4
Sun Jun 29 06:16:01 +0000 2025,masa tempat kerjaku ga ngasih benefit kaya bpjs cuti tahunan smpe uang kompensasi pdhl aku karyawan kontrak sedih bgt tempat work aku kaya gini mau keluar tapi nyari kerjaan susah jaman skrng,worksfess,2025-06-29 06:16:01+00:00,2025-06,masa tempat kerjaku tidak kasih benefit kaya cuti tahunan smpe uang kompensasi padahal aku karyawan kontrak sedih banget tempat work aku kaya gini mau keluar tapi nyari kerjaan susah jaman skrng,Negatif,4
Wed Jul 02 16:11:03 +0000 2025,work susah bgtt ngerasain dpt kerja gaji umr doang kok gk lebih juga gpp pengen bgt bayarin bpjs orang tua yg udah mulai berumur,worksfess,2025-07-02 16:11:03+00:00,2025-07,work susah bgtt ngerasain dapat kerja gaji umr doang tidak lebih juga gpp pengen banget bayarin orang tua sudah mulai berumur,Negatif,2
Fri May 29 03:21:24 +0000 2026,pengen cabut gigi sekaliam rontgen tapi susah bgt dapet kuota make bpjs udh mah liburnya susah,zaraagyu,2026-05-29 03:21:24+00:00,2026-05,pengen cabut gigi sekaliam rontgen tapi susah banget dapet kuota make sudah mah liburnya susah,Negatif,1
Mon May 19 16:16:59 +0000 2025,susah bgt ya keknya bikin bpjs yg sebulan cuma 35rb dibanding sebulan kudu vc 120rb sama langganan pm 40rb sebulan sepenting itukah waro daripada kesehatan,YaudahHayu,2025-05-19 16:16:59+00:00,2025-05,susah banget keknya membuat sebulan cuma ribu dibanding sebulan kudu vc ribu sama langganan pm ribu sebulan sepenting itukah waro daripada,Negatif,2
Mon May 13 02:53:44 +0000 2024,anjirun ni kantor bpjs cabang serang susah bgt di telponnya,sugarbeannn,2024-05-13 02:53:44+00:00,2024-05,anjirun ni kantor cabang serang susah banget telponnya,Negatif,7
Sun Jan 05 16:30:54 +0000 2025,kalo w mati di kostan sumpah prabowo ama gibran yg nanggung dosa anjeng susah bgt mau berobat doang mandiri dipersulit bpjs dipersulit pepekkk,dipuckulin,2025-01-05 16:30:54+00:00,2025-01,kalau w mati kostan sumpah prabowo ama gibran nanggung dosa anjeng susah banget mau berobat doang mandiri dipersulit dipersulit pepek,Negatif,7
Mon Jun 01 04:06:23 +0000 2026,bpjs tk goblok bgt skrg pada ga kerja apa gimana klaim aja susah goblok goblok,midzummer,2026-06-01 04:06:23+00:00,2026-06,tk goblok banget sekarang pada tidak kerja apa gimana klaim saja susah goblok goblok,Negatif,2
Fri Jun 05 23:57:38 +0000 2026,pen boker tp kereta nya 4 menit lg tolongin gue dok,sis_pisces,2026-06-05 23:57:38+00:00,2026-06,pen boker tapi kereta menit lagi tolongin saya dok,Negatif,3
Tue Aug 19 02:41:30 +0000 2025,nyesel aslinya bikin bpjs susah berhentinya kalau bukan karna butuh bgt ogah pake mana harus sekeluarga lagi,tlstjdrl,2025-08-19 02:41:30+00:00,2025-08,nyesel aslinya membuat susah berhentinya kalau bukan karna butuh banget ogah pakai mana harus sekeluarga lagi,Negatif,7
Fri Jun 05 08:05:51 +0000 2026,bingung bgt sama bca ini gw aktif make kartu kreditnya tapi minta naik limit udah mau 2 tahun pake ga pernah bisa dikasih limit sementara mulu,byxbyss,2026-06-05 08:05:51+00:00,2026-06,bingung banget sama bca saya aktif make kartu kreditnya tapi minta naik limit sudah mau tahun pakai tidak pernah bisa dikasih limit sementara mulu,Negatif,5
Mon Jun 01 09:41:37 +0000 2026,klo bpjs salah sasaran rs diminta balikin duit klo kaya gini sppg nya disuruh balikin duit ga iya dong harusnya,middeude,2026-06-01 09:41:37+00:00,2026-06,kalau salah sasaran rumah sakit diminta balikin duit kalau kaya gini sppg disuruh balikin duit tidak iya harusnya,Negatif,2
Thu Mar 19 02:33:45 +0000 2026,sebenernya berobat mah bs murah bahkan gratis kl pake bpjs masalahnya mau ga repot ngurus nya kol aja tarifnya gede gede bgt bisa jutaan masa dokter spesialis yg sekolah nya minimal 10 tahun tarif segituan komplen,ezrahrn,2026-03-19 02:33:45+00:00,2026-03,sebenernya berobat mah bisa murah bahkan gratis kalau pakai masalahnya mau tidak repot ngurus kol saja tarifnya gede gede banget bisa jutaan masa dokter spesialis sekolah minimal tahun tarif segituan komplen,Negatif,5
Thu Jun 04 02:07:56 +0000 2026,gue yang hoples romantic gini nangis bgt ga bisa dapetin modelan kim ryul,natata091,2026-06-04 02:07:56+00:00,2026-06,saya hoples romantic gini nangis banget tidak bisa dapetin modelan kim ryul,Negatif,6
Tue Jun 02 09:55:21 +0000 2026,bantu cariin dong au lama mahae lupa bgt pengen reread tpi ilang aunya tuh mahae satu grup gitu mk punya pacar hc juga trus klo ga salah mk putus apa gimana tuh jdinya mereka bedua ml kn abistu ternyata hc hamil gitu kan nah dia gatau kalau dia bisa hamil pokonya gitu lah hc punya cewe juga plisss ak lupa judulny ap,ZAECHIE_,2026-06-02 09:55:21+00:00,2026-06,bantu cariin au lama mahae lupa banget pengen reread tpi ilang aunya mahae satu grup begitu mk punya pacar hc juga trus kalau tidak salah mk putus apa gimana jdinya mereka bedua ml kn abistu ternyata hc hamil begitu nah dia gatau kalau dia bisa hamil pokonya begitu lah hc punya cewe juga plis ak lupa judulny ap,Negatif,4
Sat May 30 04:45:04 +0000 2026,sch salah ga ya kalo sender nolak buat ngespill skor snbt sender ke tmn yg nanyain bknnya apa tp malu amp minder bgt karena skor sender mungil takut jg dianya mikir skor segini kok bisa lolos huhu,schfess,2026-05-30 04:45:04+00:00,2026-05,sch salah tidak kalau sender nolak buat ngespill skor snbt sender tmn nanyain bknnya apa tapi malu  minder banget karena skor sender mungil takut juga dianya mikir skor segini bisa lolos huhu,Negatif,1
Fri May 29 13:13:19 +0000 2026,mau nanya guys kalau keuangan ego lagi ga baik baik aja kok vvup bisa masuk line up acara gede ya aku bingung bgt trus gimana yaa aaa ovt bgt,mvugiwa_ra,2026-05-29 13:13:19+00:00,2026-05,mau nanya guys kalau keuangan ego lagi tidak baik baik saja vvup bisa masuk line up acara gede aku bingung banget trus gimana yaa a ovt banget,Negatif,4
Fri Jun 05 09:25:17 +0000 2026,capek bgt jadi orang dewasa ga expect bakal segila enih udah masuk bulan ke7 pengobatan dan belum kelar juga wakakak emang sembuh itu hak prerogatif allah tugas manusia yaa ikhtiar sisanya tawakal dan yakin kesembuhan dari allah asy syafii btw sebagai warga negara yg baik akoh manfaatin bpjs buat berobat,diaryof_gieee,2026-06-05 09:25:17+00:00,2026-06,capek banget jadi orang dewasa tidak expect bakal segila enih sudah masuk bulan pengobatan belum kelar juga wakakak emang sembuh hak prerogatif allah tugas manusia yaa ikhtiar sisanya tawakal yakin kesembuhan allah asy syafii btw sebagai warga negara baik akoh manfaatin buat berobat,Negatif,4
Fri Jun 05 08:55:11 +0000 2026,tp ini bukan semata soal pembahasan smalem aja sih tp emg ngrasa kaya udh ga se jalan dan aku jg tau aku ga bisa terus sma dia tp krna gatau knpa mgkin aku udh terjebak di hubungan toxic jd susah bgt kluarhelp cara keluar dr hubungan toxic gimana tanyarl,tanyakanrl,2026-06-05 08:55:11+00:00,2026-06,tapi bukan semata soal pembahasan smalem saja tapi emg ngrasa kaya sudah tidak se jalan aku juga tahu aku tidak bisa terus sma dia tapi krna gatau knpa mgkin aku sudah terjebak hubungan toxic jadi susah banget kluarhelp cara keluar hubungan toxic gimana tanyarl,Negatif,1
Fri Jun 05 04:36:31 +0000 2026,dulu aku sebagai keluarga pasien langsung dijelasin batas yg ditanggung sama bpjs sekian jadi cuma dapet obat sekian mending gitu aja terbuka,raneeaidha,2026-06-05 04:36:31+00:00,2026-06,dulu aku sebagai keluarga pasien langsung dijelasin batas ditanggung sama sekian jadi cuma dapet obat sekian mending begitu saja terbuka,Negatif,3
Fri Jun 28 05:56:51 +0000 2024,yaudah sih data ilang gapapa juga tinggal dateng aja lagi ke rt rw kelurahan buat ngisi data lagi dari awal tinggal dateng ke bpjs buat ngisi data data lagi tinggal dateng ke samsat buat ngisi data data lagi tinggal dateng ke lah banyak dan ribet yak ternyata dear kominfo,ardibhironx,2024-06-28 05:56:51+00:00,2024-06,yaudah data ilang gapapa juga tinggal dateng saja lagi rt rw kelurahan buat ngisi data lagi awal tinggal dateng buat ngisi data data lagi tinggal dateng samsat buat ngisi data data lagi tinggal dateng lah banyak ribet yak ternyata dear kominfo,Negatif,5
Fri Jun 05 23:57:11 +0000 2026,ehh iyo loh harga2 kebutuhan juga naik sedih banget liat stroke belanja gw kemaren tambah drama sinet ubi ngga kelar,mbaknyaseolinah,2026-06-05 23:57:11+00:00,2026-06,ehh iyo loh harga kebutuhan juga naik sedih banget liat stroke belanja saya kemaren tambah drama sinet ubi ngga kelar,Negatif,5
Fri Feb 13 00:55:50 +0000 2026,lagi ngomongin bpjs dia nanya emang bpjs itu gimana sih makenya gw ya kalo berobat bilag aja pas daftar make bpjs kita juga kan dpt dri kantor emang kamu ga pernah make bpjs kalo berobat ga pernah mandiri aja karna gamau ribet gitu loh okk,PernebangRoket,2026-02-13 00:55:50+00:00,2026-02,lagi ngomongin dia nanya emang gimana makenya saya kalau berobat bilag saja pas daftar make kita juga dapat dri kantor emang kamu tidak pernah make kalau berobat tidak pernah mandiri saja karna gamau ribet begitu loh okk,Negatif,4
Tue Apr 15 04:11:00 +0000 2025,fakkk bpjss gara2 lo gue gak bisa daftar beasiswaaa fakkkkkk,airabyvv,2025-04-15 04:11:00+00:00,2025-04,fak bpjss gara kamu saya tidak bisa daftar beasiswa fak,Negatif,2
Sun Jan 19 08:18:12 +0000 2025,ngerii sklii perusahaankuu blm byr bpjss pdhl hak karyawan ahh anjingg bgttt,sadendingw,2025-01-19 08:18:12+00:00,2025-01,ngerii sklii perusahaankuu belum byr bpjss padahal hak karyawan ahh anjingg banget,Negatif,2
Sat Nov 09 14:12:49 +0000 2024,woii kurang ajarrr keroyokan lu padaa maju lo si majuu gua punya bpjss maju loo maju,arshawolf,2024-11-09 14:12:49+00:00,2024-11,woii kurang ajar keroyokan kamu padaa maju kamu si majuu saya punya bpjss maju loo maju,Negatif,2
Fri Sep 13 08:17:10 +0000 2024,bpjss mana bpjs tlg aku sekarattt,olliverjbearman,2024-09-13 08:17:10+00:00,2024-09,bpjss mana tlg aku sekarat,Negatif,4
Sun May 17 15:27:10 +0000 2026,stress banget gw dari kmrn liat fancam mereka di bkk ditambah skrng poster asahi jeongwoo keluar ayo lah maju lu semuaaa gw punya bpjss,lovelynayraa,2026-05-17 15:27:10+00:00,2026-05,stress banget saya kmrn liat fancam mereka bkk ditambah skrng poster asahi jeongwoo keluar ayo lah maju kamu semua saya punya bpjss,Negatif,2
Sun Apr 14 10:01:46 +0000 2024,mpreggg bpjss anjrittt,dxuansri,2024-04-14 10:01:46+00:00,2024-04,mpreg bpjss anjrit,Negatif,2
Tue Jan 07 06:26:41 +0000 2025,nambah lagi tanggungan gue bwt bpjss stiap bulan hhhhhh,flavesvt,2025-01-07 06:26:41+00:00,2025-01,nambah lagi tanggungan saya bwt bpjss stiap bulan h,Negatif,4
Mon Oct 21 14:56:41 +0000 2024,bjir butuhhh bpjss,cleonysz,2024-10-21 14:56:41+00:00,2024-10,bjir butuh bpjss,Negatif,4
Tue Jan 21 07:38:45 +0000 2025,bpjss kek babi bukan nya mempermudah malah mempersulittt,abcdesiw,2025-01-21 07:38:45+00:00,2025-01,bpjss seperti babi bukan mempermudah malah mempersulit,Negatif,4
Wed Mar 06 04:00:26 +0000 2024,manaaaa lama bgt pakkkkk kek antrian bpjss,arecazhr,2024-03-06 04:00:26+00:00,2024-03,mana lama banget pak seperti antrian bpjss,Negatif,7
Fri Jun 05 23:44:56 +0000 2026,jasa atau keracunan mbg motor kaus kaki sampe tablet,toe_giman,2026-06-05 23:44:56+00:00,2026-06,jasa atau keracunan motor kaus kaki sampe tablet,Negatif,2
Mon Dec 01 02:10:07 +0000 2025,keluarga ku 5 orang udah daftar bpjs kes semua tapi hari ini pas aku ngecek mobile jkn dan baru mau bayar kok cuma 4 orang ya yang 1 ilang padahal selama ini udah terdaftar dan selalu bayar 5 ini gimana ya masa tiba2 ilang,tanyakanrl,2025-12-01 02:10:07+00:00,2025-12,keluarga ku orang sudah daftar kes semua tapi hari pas aku ngecek mobile jkn baru mau bayar cuma orang ilang padahal selama sudah terdaftar selalu bayar gimana masa tiba ilang,Negatif,5
Thu Apr 23 13:50:28 +0000 2026,pilih mana 13jt kerjaan sesuai gaji tuntutan banyak bisa grow banyak pt yang beda bidang lembur ga dibayar dapet bpjs tk dan kes atau 9jt kerjaan banyak normal stuck gitu2 aja banyak pt bidang selinier jrg lembur tp dibayar ga dapet bpjs tk dan kes,asininisa,2026-04-23 13:50:28+00:00,2026-04,pilih mana juta kerjaan sesuai gaji tuntutan banyak bisa grow banyak pt beda bidang lembur tidak dibayar dapet tk kes atau juta kerjaan banyak normal stuck begitu saja banyak pt bidang selinier jrg lembur tapi dibayar tidak dapet tk kes,Negatif,2
Sun May 31 09:29:36 +0000 2026,loh loh loh nakes amp guru itu dianggap pengabdian loh bahkan utk perpanjang izin praktek wajib harus pengabdian kerja gratis pasien bpjs dibayar less than idr 10rb krn anggaran kesehatan bukan prioritas sampai sini mudeng gak,Kiryuu_kyon,2026-05-31 09:29:36+00:00,2026-05,loh loh loh nakes  guru dianggap pengabdian loh bahkan untuk perpanjang izin praktek wajib harus pengabdian kerja gratis pasien dibayar less than idr ribu karena anggaran bukan prioritas sampai sini mudeng tidak,Negatif,2
Sun Dec 07 07:34:59 +0000 2025,aku yg swasta tiap bulan kepotong bpjs kes dan bpjs tk setahun sekali bayar pph21 juga jadi kayaknya potongan segitu masih masuk akal sih,shanumcu,2025-12-07 07:34:59+00:00,2025-12,aku swasta tiap bulan kepotong kes tk setahun sekali bayar pph juga jadi kayaknya potongan segitu masih masuk akal,Negatif,5
Mon Mar 16 14:51:15 +0000 2026,capek banget anjing kerja kek gini ya allah jam segini banget disuruh buat ppt yang bakal jadi bahan cacian besok paginya udah gaji telat thr gadapat bpjs kes tk juga ngga kalo ga mikirin keluarga udah resign terus bundir gua dari kemaren kemaren,carrramia,2026-03-16 14:51:15+00:00,2026-03,capek banget anjing kerja seperti gini allah jam segini banget disuruh buat ppt bakal jadi bahan cacian besok paginya sudah gaji telat thr gadapat kes tk juga ngga kalau tidak mikirin keluarga sudah resign terus bundir saya kemaren kemaren,Negatif,4
Fri May 08 23:30:51 +0000 2026,padahal bpjs itu bukan benefit tapi hak karyawan di peraturan jg udh jelas bahwa perusahaan wajib mendaftarkan karyawannya sbg peserta bpjs kes amp tk,metalleica,2026-05-08 23:30:51+00:00,2026-05,padahal bukan benefit tapi hak karyawan peraturan juga sudah jelas bahwa perusahaan wajib mendaftarkan karyawannya sbg peserta kes  tk,Negatif,4
Tue Jun 02 18:23:11 +0000 2026,jujur bpjs kek beneran cmn bawa diri beres,penghoin,2026-06-02 18:23:11+00:00,2026-06,jujur seperti beneran cmn bawa diri beres,Negatif,1
Tue Apr 14 14:52:00 +0000 2026,seharusnya rumah sakit ga usah diam diam di bill akhir tulis saja bill umum rp paket bpjs apabila klaim berhasil rp selisih di tanggung rs apabila klaim berhasil rp supaya pasien mengerti,drnewstwit,2026-04-14 14:52:00+00:00,2026-04,seharusnya rumah sakit tidak usah diam diam bill akhir tulis saja bill umum rupiah paket apabila klaim berhasil rupiah selisih tanggung rumah sakit apabila klaim berhasil rupiah supaya pasien mengerti,Negatif,5
Wed Apr 15 13:11:34 +0000 2026,ni paling para pasien yang berobat ke luar negeri pakai duit ratusan juta hingga milyaran tapi ketika berobat di indo pakai bpjs kelas 3 itupun masih suka buat opini jelek di medsos dengan mengatakan dokter indo tidak pintar nakesnya pemalas rumah sakit mempersulit obatnya mahal emang teleeek lah mereka itu,JantunGPiisanG,2026-04-15 13:11:34+00:00,2026-04,ni paling para pasien berobat luar negeri pakai duit ratusan juta hingga milyaran tapi ketika berobat indo pakai kelas itupun masih suka buat opini jelek medsos dengan mengatakan dokter indo tidak pintar nakesnya pemalas rumah sakit mempersulit obatnya mahal emang telek lah mereka,Negatif,5
Fri Jun 05 23:20:19 +0000 2026,karena yg d cantumin di bpjs cmn 3 5jt kak,iwkaannn,2026-06-05 23:20:19+00:00,2026-06,karena d cantumin cmn juta,Negatif,5
Thu Feb 05 07:11:09 +0000 2026,kepada bpjs kita yg di faskes pratama klinik swasta rujukan sangat minim atau dibatasi yang rs swasta minta rujukan terus karepmu piye bpjs,19BROMAN,2026-02-05 07:11:09+00:00,2026-02,kepada kita faskes pratama klinik swasta rujukan sangat minim atau dibatasi rumah sakit swasta minta rujukan terus karepmu piye,Negatif,5
Wed Jun 03 22:59:49 +0000 2026,saya pasien bpjs yg rutin kontrol ke rs dr dulu klo berobat sebelum tgl jdwlnya ya mmg gk bisa klo lewat dr tgl jdwlnya br bisa aturan yg baru ini apanya yg diperbarui,Rswt20n,2026-06-03 22:59:49+00:00,2026-06,saya pasien rutin kontrol rumah sakit dulu kalau berobat sebelum tanggal jdwlnya mmg tidak bisa kalau lewat tanggal jdwlnya baru bisa aturan baru apanya diperbarui,Negatif,5
Thu Apr 02 03:17:50 +0000 2026,8 juta per bulan untuk mengurus 1 anak kecil gaji utuh segala pengeluaran ditanggung pemberi kerja vs 666 peserta bpjs kesehatan di klinik 1 333 peserta bpjs kesehatan di puskesmas segala pengeluaran operasional obat lab alkes bhp tindakan dll ditanggung sendiri,drnewstwit,2026-04-02 03:17:50+00:00,2026-04,juta per bulan untuk mengurus anak kecil gaji utuh segala pengeluaran ditanggung pemberi kerja vs peserta klinik peserta puskesmas segala pengeluaran operasional obat lab alkes bhp tindakan dll ditanggung sendiri,Negatif,2
Mon Dec 08 09:48:29 +0000 2025,polemik suntik tetagam di igd pake bpjs claim rawat jalan cuma 100 an ribu harga tetagam 300ribu pasien komplen kenapa ga dikasi tetagam di bpjs rs kena tegur ya gimana yak saya juga pernah kegores besi berkarat tetagam bayar sendiri,_heavenpostman,2025-12-08 09:48:29+00:00,2025-12,polemik suntik tetagam igd pakai claim rawat jalan cuma an ribu harga tetagam ribu pasien komplen kenapa tidak dikasi tetagam rumah sakit kena tegur gimana yak saya juga pernah kegores besi berkarat tetagam bayar sendiri,Negatif,5
Tue Jun 02 16:20:24 +0000 2026,gw yang biasa sakit puskesmas bpjs agak kaget bocah bungsu tetiba pulang kerja ke igd total biayanya 1 jt an,Dadaayambakar,2026-06-02 16:20:24+00:00,2026-06,saya biasa sakit puskesmas agak kaget bocah bungsu tetiba pulang kerja igd total biayanya juta an,Negatif,5
Sun Feb 08 00:00:23 +0000 2026,kak alurnya ga di igd bpjs apa bayar umum ada namanya pendaftaran dan kalau udah di igd ditanganinya lewat triase merah kuning atu hijau bakan pasien code blue aja gw pernah bantuin dari dinas malem yg harusnya balik pagi sampe gw ngaret siang jadi kalo ngetik jangan asbun,klavikulla,2026-02-08 00:00:23+00:00,2026-02,alurnya tidak igd apa bayar umum ada namanya pendaftaran kalau sudah igd ditanganinya lewat triase merah kuning atu hijau bakan pasien code blue saja saya pernah bantuin dinas malem harusnya balik pagi sampe saya ngaret siang jadi kalau ngetik jangan asbun,Negatif,1
Mon May 25 06:05:37 +0000 2026,apa karna pake bpjs ya ncus kak tggu di igd dulu ya sampai dapat kamar aku sus kira jam brp ya soalnya udah dari jam 11 mlm skrg udah jam 2 pagi blm dpt kamar jg eh ada bapak nyletuk saya dari jam 8 malem aja belum dapet kamar akhir nya jam 4 pagi baru dpt kamar,nabi60741,2026-05-25 06:05:37+00:00,2026-05,apa karna pakai ncus tggu igd dulu sampai dapat kamar aku sus kira jam berapa soalnya sudah jam mlm sekarang sudah jam pagi belum dapat kamar juga eh ada bapak nyletuk saya jam malem saja belum dapet kamar akhir jam pagi baru dapat kamar,Negatif,7
Tue Nov 25 08:21:39 +0000 2025,nah ini harusnya dikaji ulang lg bpjs ga melayani di sabtu minggu pdhl mereka sendiri yg buat aturan ga semua penyakit di cover bpjs di igd hanya yg mengancam nyawa saja yg bisa di igd sementara org yg flu batuk di hari sabtu minggu gimana masa mesti senin bru ke kliniknya,iyandputrii,2025-11-25 08:21:39+00:00,2025-11,nah harusnya dikaji ulang lagi tidak melayani sabtu minggu padahal mereka sendiri buat aturan tidak semua penyakit cover igd hanya mengancam nyawa saja bisa igd sementara orang flu batuk hari sabtu minggu gimana masa mesti senin bru kliniknya,Negatif,5
Sat Feb 28 09:18:31 +0000 2026,kasus dugaan penolakan pasien bpjs di igd sumut kembali viral di media sosial dari video yang beredar pasien akhirnya harus dipindahkan ke rumah sakit lain baru mendapatkan penanganan medis sementara proses administrasi di rs pertama dianggap lambat igd seharusnya mengutamakan keselamatan pasien terlebih dahulu terutama dalam kondisi darurat tanpa menunggu urusan administrasi atau bpjs kasus ini menyoroti pentingnya transparansi prosedur yang jelas dan pelayanan cepat di igd agar pasien tidak dirugikan rumah sakit terkait belum memberikan klarifikasi resmi sehingga publik masih menunggu penjelasan semoga pihak rs segera memperbaiki sistem pelayanan dan komunikasi supaya kejadian serupa tidak terulang lagi,Aku_Pelarianmu,2026-02-28 09:18:31+00:00,2026-02,kasus dugaan penolakan pasien igd sumut kembali viral media sosial video beredar pasien akhirnya harus dipindahkan rumah sakit lain baru mendapatkan penanganan medis sementara proses administrasi rumah sakit pertama dianggap lambat igd seharusnya mengutamakan keselamatan pasien terlebih dahulu terutama dalam kondisi darurat tanpa menunggu urusan administrasi atau kasus menyoroti pentingnya transparansi prosedur jelas pelayanan cepat igd agar pasien tidak dirugikan rumah sakit terkait belum memberikan klarifikasi resmi sehingga publik masih menunggu penjelasan semoga pihak rumah sakit segera memperbaiki sistem pelayanan komunikasi supaya kejadian serupa tidak terulang lagi,Negatif,5
Tue Jun 02 09:46:59 +0000 2026,ada2 aja kepleset di kantor hari ini wkwk terus nyoba ke igd gabisa pake bpjs,refareads,2026-06-02 09:46:59+00:00,2026-06,ada saja kepleset kantor hari tertawa terus nyoba igd gabisa pakai,Negatif,4
Sat May 30 06:43:15 +0000 2026,tidak memafaatkan fasilitas bpjs kalian pasti tau rasanya kalo lagi di igd tapi pake bpjs,tomattceri,2026-05-30 06:43:15+00:00,2026-05,tidak memafaatkan fasilitas kalian pasti tahu rasanya kalau lagi igd tapi pakai,Negatif,1
Fri Jun 05 07:46:09 +0000 2026,sy 4x igd di rs sama dlm jangka 6 bulan pakai bpjs pas terakhir dokter igd lihat keluhan sakit sama langsung diminta rawat inap alur faskes dilewat krn kondisi 8 hari perawatan baru bisa pulang checkup 1 kali bebas checkup 2 baru harus ada rujukan faskes,BHerdiman,2026-06-05 07:46:09+00:00,2026-06,sy x igd rumah sakit sama dlm jangka bulan pakai pas terakhir dokter igd lihat keluhan sakit sama langsung diminta rawat inap alur faskes dilewat karena kondisi hari perawatan baru bisa pulang checkup kali bebas checkup baru harus ada rujukan faskes,Negatif,5
Tue Jun 02 11:40:47 +0000 2026,mau kontrol tadi kan udah sampe rs loket bpjs nya pindah di lantai 2 sedangkan biasanya tuh ya di lantai 4,jjangwun,2026-06-02 11:40:47+00:00,2026-06,mau kontrol tadi sudah sampe rumah sakit loket pindah lantai sedangkan biasanya lantai,Negatif,4
Thu Jun 04 10:55:37 +0000 2026,seorang pria meninggal dunia setelah terjatuh dari mobil yang dikendarainya di jl daan mogot no 67 depan kantor bpbd kota tangerang kamis 4 6 2026 siang korban sempat tergeletak di pinggir jalan sebelum akhirnya dievakuasi ke rumah sakit menurut keterangan sejumlah saksi di lokasi sebelum kejadian mobil yang dikendarai korban terlihat berjalan tidak stabil atau oleng kendaraan tersebut kemudian berhenti di tepi jalan dan korban diketahui tersungkur keluar dari dalam mobil warga yang berada di sekitar lokasi mengaku melihat gerak kendaraan korban tidak normal beberapa saat sebelum berhenti tak lama setelah kendaraan berhenti pengemudi terlihat terjatuh di pinggir jalan mobilnya tadi kelihatan sudah oleng setelah berhenti pengemudinya langsung tersungkur keluar dan terjatuh di pinggir jalan ujar seorang saksi yang enggan disebutkan namanya kejadian tersebut sontak mengundang perhatian warga sekitar sejumlah warga kemudian berupaya memberikan pertolongan sembari menghubungi pihak kepolisian dan petugas medis korban diduga mengalami serangan jantung atau angin duduk saat sedang mengemudikan kendaraan informasinya korban diduga terkena serangan jantung atau angin duduk saat menyetir namun penyebab pasti meninggalnya belum diketahui kata saksi lain korban kemudian dievakuasi ke rsud kabupaten tangerang untuk mendapatkan penanganan medis identitas korban maupun penyebab pasti terkait peristiwa tersebut masih menunggu keterangan resmi dari pihak berwenang,abouttng,2026-06-04 10:55:37+00:00,2026-06,seorang pria meninggal dunia setelah terjatuh mobil dikendarainya jl daan mogot no depan kantor bpbd kota tangerang kamis siang korban sempat tergeletak pinggir jalan sebelum akhirnya dievakuasi rumah sakit menurut keterangan sejumlah saksi lokasi sebelum kejadian mobil dikendarai korban terlihat berjalan tidak stabil atau oleng kendaraan tersebut kemudian berhenti tepi jalan korban diketahui tersungkur keluar dalam mobil warga berada sekitar lokasi mengaku melihat gerak kendaraan korban tidak normal beberapa saat sebelum berhenti tak lama setelah kendaraan berhenti pengemudi terlihat terjatuh pinggir jalan mobilnya tadi kelihatan sudah oleng setelah berhenti pengemudinya langsung tersungkur keluar terjatuh pinggir jalan ujar seorang saksi enggan disebutkan namanya kejadian tersebut sontak mengundang perhatian warga sekitar sejumlah warga kemudian berupaya memberikan pertolongan sembari menghubungi pihak kepolisian petugas medis korban diduga mengalami serangan jantung atau angin duduk saat sedang mengemudikan kendaraan informasinya korban diduga terkena serangan jantung atau angin duduk saat menyetir namun penyebab pasti meninggalnya belum diketahui kata saksi lain korban kemudian dievakuasi rsud kabupaten tangerang untuk mendapatkan penanganan medis identitas korban maupun penyebab pasti terkait peristiwa tersebut masih menunggu keterangan resmi pihak berwenang,Negatif,6
Fri Jun 05 05:55:20 +0000 2026,suhardi 65 warga kabupaten demak jawa tengah meninggal dunia pada selasa 2 6 meninggalnya suhardi ini sempat bikin geger warga sebab disebut sebut saat hendak dimandikan atau disucikan di halaman depan rumah jenazah suhardi bergerak dan bernapas keluarga suhardi meluruskan kabar yang beredar itu anak kedua suhardi setiawan 29 mengatakan ayahnya bukan mati suri tetapi kondisinya koma sebelum akhirnya meninggal dunia ketika mau dimandikan muncul keringat di tubuh ayah saya akhirnya ayah kami masukkan lagi ke dalam rumah ucap setiawan bidan setempat datang dan memeriksa kondisi almarhum posisi kedua mata almarhum masih terpejam kata bidannya ayah saya masih koma tetapi kami memang diminta ke rumah sakit kalau mau mendiagnosis secara valid ujarnya usai itu beberapa pihak keluarga datang ke rumah namun tak lama suhardi meninggal dunia dok kumparan vega baca selengkapnya dengan klik link di bio cari tahu berita update lainnya dengan download aplikasi kumparan di app store atau google play newsupdate update news videonews r169 e164 v161,kumparan,2026-06-05 05:55:20+00:00,2026-06,suhardi warga kabupaten demak jawa tengah meninggal dunia pada selasa meninggalnya suhardi sempat membuat geger warga sebab disebut sebut saat hendak dimandikan atau disucikan halaman depan rumah jenazah suhardi bergerak bernapas keluarga suhardi meluruskan kabar beredar anak kedua suhardi setiawan mengatakan ayahnya bukan mati suri tetapi kondisinya koma sebelum akhirnya meninggal dunia ketika mau dimandikan muncul keringat tubuh ayah saya akhirnya ayah kami masukkan lagi dalam rumah ucap setiawan bidan setempat datang memeriksa kondisi almarhum posisi kedua mata almarhum masih terpejam kata bidannya ayah saya masih koma tetapi kami memang diminta rumah sakit kalau mau mendiagnosis secara valid ujarnya usai beberapa pihak keluarga datang rumah namun tak lama suhardi meninggal dunia dok kumparan vega baca selengkapnya dengan klik link bio cari tahu berita update lainnya dengan download aplikasi kumparan app store atau google play newsupdate update news videonews r e v,Negatif,4
Fri May 29 06:51:52 +0000 2026,nadiem sebagai tersangka korupsi sejauh ini mendapatkan perlakuan istimewa sidang yg sering di tunda krn sakit bisa jadi tahanan rumah lama masyarakat bosan dramanya ga kelar,lettachantik,2026-05-29 06:51:52+00:00,2026-05,nadiem sebagai tersangka korupsi sejauh mendapatkan perlakuan istimewa sidang sering tunda karena sakit bisa jadi tahanan rumah lama masyarakat bosan dramanya tidak kelar,Negatif,1
Thu Jun 04 10:38:08 +0000 2026,gara2 ga ada transum yg memadai gw sampe pindahin faskes 1 bpjs ke provinsi sebelah krn rs kelas b punya pemkot terlalu jauh nyaris 20 km dr rumah klo harus lewat tol sayang2 duit krn tarifnya ga ngontak lewat jalan umum macet gila2annya ga kenal jam,__eisquosamo__,2026-06-04 10:38:08+00:00,2026-06,gara tidak ada transum memadai saya sampe pindahin faskes provinsi sebelah karena rumah sakit kelas b punya pemkot terlalu jauh nyaris kamu rumah kalau harus lewat tol sayang duit karena tarifnya tidak ngontak lewat jalan umum macet gilaannya tidak kenal jam,Negatif,2
Fri Jun 05 00:14:43 +0000 2026,wenda juga sempet sakit kan waktu itu lama yg di infotainment didorong pakai kursi roda segala terus akhirnya pindah rumah apa ya,RichHealthyFun,2026-06-05 00:14:43+00:00,2026-06,wenda juga sempet sakit waktu lama infotainment didorong pakai kursi roda segala terus akhirnya pindah rumah apa,Negatif,5
Wed Jan 08 22:51:05 +0000 2025,terungkap pegawai bpjs kesehatan pakai asuransi swasta sudah kebiasaan lama,SINDOnews,2025-01-08 22:51:05+00:00,2025-01,terungkap pegawai pakai asuransi swasta sudah kebiasaan lama,Negatif,3
Fri Jun 05 23:57:50 +0000 2026,katanya tengah malem abis ganti pampers tuh saya gelisah sendiri gak bisa tenang sampe dia tidur saya tendangin makanya temen bangun bikinin susu 2 botol terus saya minum temen saya pindah tidurnya kekamarnya sendiri kok ngga sadar yah semalem abis nendangin orang,RenRenn2525,2026-06-05 23:57:50+00:00,2026-06,katanya tengah malem abis ganti pampers saya gelisah sendiri tidak bisa tenang sampe dia tidur saya tendangin makanya temen bangun bikinin susu botol terus saya minum temen saya pindah tidurnya kekamarnya sendiri ngga sadar yah semalem abis nendangin orang,Negatif,5
Fri Jun 05 06:05:18 +0000 2026,ya gimana ya di era bpjs yg terbatas ini agak sulid emang ngomong to the point salah ngomong berbelit lebih salah disangka ragu ragu dan ga kompeten,raisa6690kg,2026-06-05 06:05:18+00:00,2026-06,gimana era terbatas agak sulid emang ngomong to the point salah ngomong berbelit lebih salah disangka ragu ragu tidak kompeten,Negatif,2
Fri Nov 21 17:38:13 +0000 2025,inget banget asam lambung udah sampai bungkuk naik motor sendiri ke rs ditanyain bpjsnya bukan faskes rs tsb ditolak kalau pakai bpjs harus faskes tempat tsb udah perut kaya ditusuk harus bingung sendiri akhirnya nyoba paket asuransi dari kantor lama bisa njirrr,thschryblsh,2025-11-21 17:38:13+00:00,2025-11,inget banget asam lambung sudah sampai bungkuk naik motor sendiri rumah sakit ditanyain bpjsnya bukan faskes rumah sakit tsb ditolak kalau pakai harus faskes tempat tsb sudah perut kaya ditusuk harus bingung sendiri akhirnya nyoba paket asuransi kantor lama bisa njir,Negatif,5
Sun May 31 12:30:57 +0000 2026,limit paylater akulaku ada 10 jt tapi ga bisa dicairkan udah pernah gestun pakai berbagai cara tapi tetap ga bisaa plisss ada yang bisa bantu gaaa,llissa125,2026-05-31 12:30:57+00:00,2026-05,limit paylater akulaku ada juta tapi tidak bisa dicairkan sudah pernah gestun pakai berbagai cara tapi tetap tidak bisaa plis ada bisa bantu tidak,Negatif,5
Wed Mar 19 16:34:49 +0000 2025,gue ga bisa pakai bpjs di igd grgr perubahan kebijakan dr pemerintah 02 voter keparat,ethereailty,2025-03-19 16:34:49+00:00,2025-03,saya tidak bisa pakai igd grgr perubahan kebijakan pemerintah voter keparat,Negatif,5
Wed Jun 03 04:14:09 +0000 2026,um ada yang tau cara liat full textnya skripsi di web mulok gimana ada tulisan you must be logged in tapi ga diarahin loginnya kemana kata petugasnya harus pakai komputer perpus tapi ini tetep ga bisa help tia,um_menfess,2026-06-03 04:14:09+00:00,2026-06,um ada tahu cara liat full textnya skripsi web mulok gimana ada tulisan you must be logged in tapi tidak diarahin loginnya kemana kata petugasnya harus pakai komputer perpus tapi tetep tidak bisa help tia,Negatif,7
Fri Jun 05 06:18:58 +0000 2026,kenapa ya aku ga bisa jadi wakil presiden padahal ipk ku diatas 2 3 atau jadi dpr gitu soalnya baru baca dpr berijazah sma 63 orang dan yang tidak mencantumkan riwayat pendidikan 211 orang harusnya jadi dpr pakai sistem seleksi kayak tes cpns dan bumn jadi customer service aja minimal d3 pengalaman 1 tahun bisa bahasa inggris dan good looking wkwkwkwkwk,eustacey_,2026-06-05 06:18:58+00:00,2026-06,kenapa aku tidak bisa jadi wakil presiden padahal ipk ku diatas atau jadi dpr begitu soalnya baru baca dpr berijazah sma orang tidak mencantumkan riwayat pendidikan orang harusnya jadi dpr pakai sistem seleksi kayak tes cpns bumn jadi customer service saja minimal d pengalaman tahun bisa bahasa inggris good looking wkwkwkwkwk,Negatif,2
Fri May 29 16:02:33 +0000 2026,sebenernya dipikir pakai logika juga bisa kan masa iya misal ada yang dapet musibah berupa sakit which is sesuatu yang bener bener di luar kuasa hamba nya tapi sama allah masih dikurangi juga pahalanya hanya karena ga bisa solat sambil berdiri masa iya allah setega itu,dewimaysaa,2026-05-29 16:02:33+00:00,2026-05,sebenernya dipikir pakai logika juga bisa masa iya misal ada dapet musibah berupa sakit which is sesuatu bener bener luar kuasa hamba tapi sama allah masih dikurangi juga pahalanya hanya karena tidak bisa solat sambil berdiri masa iya allah setega,Negatif,7
Mon Feb 09 02:30:39 +0000 2026,psi mau menipu semua orang di setiap kota yang saya datangi selalu ada spanduk psi menang bpjs gratis logikanya sederhana bpjs bayar saja pemerintah nunggak ke rs rs kalau bpjs gratis pemerintah bayar rs pakai apa abdur,ArtaN7707,2026-02-09 02:30:39+00:00,2026-02,psi mau menipu semua orang setiap kota saya datangi selalu ada spanduk psi menang gratis logikanya sederhana bayar saja pemerintah nunggak rumah sakit rumah sakit kalau gratis pemerintah bayar rumah sakit pakai apa abdur,Negatif,5
Fri Sep 12 12:45:14 +0000 2025,how fvcked up our country is pakai bpjs mandiri berbayar tiap bulan pun ttp bayar lagi buat tindakkan di rs,tanyakanrl,2025-09-12 12:45:14+00:00,2025-09,how fvcked up our country is pakai mandiri berbayar tiap bulan pun ttp bayar lagi buat tindakkan rumah sakit,Negatif,3
Tue May 12 00:35:38 +0000 2026,begitu besarnya dampak kebijakan makanan ini guru di desa status honorer sudah 16 tahun ada bpjs yang dibiayai oleh pemerintah sejak ada kebijakan makan ini dicabut saat anak sudah di rs selama 7 hari mau bayar pakai apa,sharpandshark,2026-05-12 00:35:38+00:00,2026-05,begitu besarnya dampak kebijakan makanan guru desa status honorer sudah tahun ada dibiayai oleh pemerintah sejak ada kebijakan makan dicabut saat anak sudah rumah sakit selama hari mau bayar pakai apa,Negatif,5
Thu Jun 04 18:32:30 +0000 2026,tapi kalau yang saya beli sepertinya tidak begini modelnya seller langsung minta email lalu diinvite melalui gmail dan langsung bisa dipakai apa beda2 cara orang jualnya,lucylluuccyy,2026-06-04 18:32:30+00:00,2026-06,tapi kalau saya beli sepertinya tidak begini modelnya seller langsung minta email lalu diinvite melalui gmail langsung bisa dipakai apa beda cara orang jualnya,Negatif,7
Fri Jun 05 23:52:57 +0000 2026,shopee sialan masa td gua ga bisa pake promo rp1 nya pdhl gua subs for 6 month dan belum pake samsek,BgzNew,2026-06-05 23:52:57+00:00,2026-06,shopee sialan masa td saya tidak bisa pakai promo rupiah padahal saya subs for month belum pakai samsek,Negatif,6
Thu Jun 04 01:39:21 +0000 2026,maka aku tidak akan ikut mengangkat proyek itu aku tidak akan menyumbangkan popularitas aku tidak akan menyumbangkan data aku tidak akan memberikan sedikit pun bukti yang bisa dipakai untuk mengatakan gt lihat jalan ini memang benar,taomei_luv,2026-06-04 01:39:21+00:00,2026-06,maka aku tidak akan ikut mengangkat proyek aku tidak akan menyumbangkan popularitas aku tidak akan menyumbangkan data aku tidak akan memberikan sedikit pun bukti bisa dipakai untuk mengatakan begitu lihat jalan memang benar,Negatif,3
Thu Jun 04 03:42:13 +0000 2026,lipoma gak bisa dioperasi di rs kalo pake bpjs,jackwabbaa,2026-06-04 03:42:13+00:00,2026-06,lipoma tidak bisa dioperasi rumah sakit kalau pakai,Negatif,5
Wed Jun 03 02:54:16 +0000 2026,beli fitur tripflex di karena dijanjikan refund 100 saat cancel dana tetap dipotong ratusan ribu di transaksi lain penerbangan pulang batal diterbangkan tapi pajak bandara ditahan gilanya saat mau chargeback ke bank konsumen malah diancam tiketnya tidak bisa dipakai dua transaksi dua kerugian total jutaan rupiah,MediaKonsumenID,2026-06-03 02:54:16+00:00,2026-06,beli fitur tripflex karena dijanjikan refund saat cancel dana tetap dipotong ratusan ribu transaksi lain penerbangan pulang batal diterbangkan tapi pajak bandara ditahan gilanya saat mau chargeback bank konsumen malah diancam tiketnya tidak bisa dipakai dua transaksi dua kerugian total jutaan rupiah,Negatif,4
Fri May 29 04:13:20 +0000 2026,emang literasi itu ditulis kapan amp yahudi yg mana banyak juga koq tulisan yahudi yang tidak dipakai karena menulis dengan tujuan yang salah itu sudah ada sejak dahulu dan itu bukan hal baru tentunya buku yg bisa dijadikan pedoman adalah buku yang divalidasi pemuka yahudi,Tofeel_88,2026-05-29 04:13:20+00:00,2026-05,emang literasi ditulis kapan  yahudi mana banyak juga koq tulisan yahudi tidak dipakai karena menulis dengan tujuan salah sudah ada sejak dahulu bukan hal baru tentunya buku bisa dijadikan pedoman adalah buku divalidasi pemuka yahudi,Negatif,3
Mon Jun 16 00:33:03 +0000 2025,negara tidak akan mencarikanmu pekerjaan tapi negara akan mengambil upahmu saat diterima kerja pajakmu sebagian dikorupsi oleh pejabat negara bukan mengeluh tapi inilah realita di negara yang sakit indah senin rudal bpjs gunung orang otak tetap semangat ya,_riverheaven,2025-06-16 00:33:03+00:00,2025-06,negara tidak akan mencarikanmu pekerjaan tapi negara akan mengambil upahmu saat diterima kerja pajakmu sebagian dikorupsi oleh pejabat negara bukan mengeluh tapi inilah realita negara sakit indah senin rudal gunung orang otak tetap semangat,Negatif,6
Fri Jun 05 23:35:05 +0000 2026,bisa bisa mati dong ya gw klo obat naik soalnya gw udah 2 tahun tiap hari 3x sehari makan obat,xxmissrara,2026-06-05 23:35:05+00:00,2026-06,bisa bisa mati saya kalau obat naik soalnya saya sudah tahun tiap hari x sehari makan obat,Negatif,5
Tue Jun 17 01:34:17 +0000 2025,jadi kalo jalian ditolak di rs itu krn sistem bpjs yah bukan krn nakes yg gamau melayani kalian,bellispperennis,2025-06-17 01:34:17+00:00,2025-06,jadi kalau jalian ditolak rumah sakit karena sistem yah bukan karena nakes gamau melayani kalian,Negatif,5
Tue Jun 02 10:42:21 +0000 2026,selama ini dewi mengandalkan bpjs pbi untuk berobat sebagai pasien gagal ginjal kronis stadium akhir lebih dari 95 fungsi ginjal dewi telah hilang jika terlambat cuci darah tubuhnya langsung melemah pucat jantung berdebar dan kakinya membengkak,projectm_org,2026-06-02 10:42:21+00:00,2026-06,selama dewi mengandalkan pbi untuk berobat sebagai pasien gagal ginjal kronis stadium akhir lebih fungsi ginjal dewi telah hilang jika terlambat cuci darah tubuhnya langsung melemah pucat jantung berdebar kakinya membengkak,Negatif,5
Thu Apr 09 14:10:07 +0000 2026,work aku baru keterima kerja dan bpjs sender mati apakah sender harus bayar tagihan bpjs dulu,worksfess,2026-04-09 14:10:07+00:00,2026-04,work aku baru keterima kerja sender mati apakah sender harus bayar tagihan dulu,Negatif,4
Tue Jun 02 12:10:07 +0000 2026,marni pasien talasemia mengalami hal serupa karena kantong darah sudah disiapkan dan tak bisa dibatalkan marni terpaksa membayar sendiri biaya transfusi darah jutaan rupiah negara kayak mempersiapkan kematian buat saya katanya,projectm_org,2026-06-02 12:10:07+00:00,2026-06,marni pasien talasemia mengalami hal serupa karena kantong darah sudah disiapkan tak bisa dibatalkan marni terpaksa membayar sendiri biaya transfusi darah jutaan rupiah negara kayak mempersiapkan kematian buat saya katanya,Negatif,5
Sun Feb 22 07:36:42 +0000 2026,kalo bpjs nunggak ga boleh masuk,pocongmainx,2026-02-22 07:36:42+00:00,2026-02,kalau nunggak tidak boleh masuk,Negatif,5
Fri Jun 05 23:52:18 +0000 2026,bengkak dong gusinya pak gak bisa ngopiiii pulaa,adskals,2026-06-05 23:52:18+00:00,2026-06,bengkak gusinya pak tidak bisa ngopi pulaa,Negatif,5
Tue Apr 14 23:34:16 +0000 2026,bpjs noh nunggak mulu claim di persulit rs rugi nakes underpaid,crookieshh,2026-04-14 23:34:16+00:00,2026-04,noh nunggak mulu claim persulit rumah sakit rugi nakes underpaid,Negatif,5
Fri Jun 05 04:54:36 +0000 2026,dengerin curhatan warga bnyk yg ngeluh nggk masuk pkh lg pdhl miskin ada yg nggk dpt lg tunjangan disabilitas u anaknya ada program2 kecamatan amp pkm yg ditiadakan guru honorer honornya dikurangi bahkan ada yg diberhentiin tpp nakes nggk turun smua krn episiensi katany dih,FitaEst_SpesEst,2026-06-05 04:54:36+00:00,2026-06,dengerin curhatan warga bnyk ngeluh nggk masuk pkh lagi padahal miskin ada nggk dapat lagi tunjangan disabilitas u anaknya ada program kecamatan  pkm ditiadakan guru honorer honornya dikurangi bahkan ada diberhentiin tpp nakes nggk turun smua karena episiensi katany dih,Negatif,3
Wed Jun 03 14:43:47 +0000 2026,pernah kepikiran nggak kalau saat berciuman jutaan bakteri bisa berpindah kenapa kita nggak langsung sakit setiap habis ciuman jawabannya karena tidak semua bakteri itu jahat di dalam mulut kita hidup ratusan jenis mikroorganisme yang membentuk ekosistem sendiri disebut oral microbiome sebagian besar justru membantu menjaga keseimbangan lingkungan mulut makanya tubuh biasanya bisa beradaptasi dengan pertukaran bakteri yang terjadi saat berciuman tapi bukan berarti tanpa risiko beberapa penyakit memang bisa menular lewat ciuman misalnya flu dan pilek hpv mononukleosis kissing disease herpes oral beberapa infeksi saluran napas karena itu kalau sedang sakit atau ada luka aktif di area mulut sebaiknya hindari dulu berciuman jadi sebelum berciuman perhatikan kesehatan mulut sendiri dan pasangan pernah nggak kalian batal ciuman karena pasangan lagi sariawan atau flu,tb_siswadi,2026-06-03 14:43:47+00:00,2026-06,pernah kepikiran tidak kalau saat berciuman jutaan bakteri bisa berpindah kenapa kita tidak langsung sakit setiap habis ciuman jawabannya karena tidak semua bakteri jahat dalam mulut kita hidup ratusan jenis mikroorganisme membentuk ekosistem sendiri disebut oral microbiome sebagian besar justru membantu menjaga keseimbangan lingkungan mulut makanya tubuh biasanya bisa beradaptasi dengan pertukaran bakteri terjadi saat berciuman tapi bukan berarti tanpa risiko beberapa penyakit memang bisa menular lewat ciuman misalnya flu pilek hpv mononukleosis kissing disease herpes oral beberapa infeksi saluran napas karena kalau sedang sakit atau ada luka aktif area mulut sebaiknya hindari dulu berciuman jadi sebelum berciuman perhatikan mulut sendiri pasangan pernah tidak kalian batal ciuman karena pasangan lagi sariawan atau flu,Negatif,5
Thu Jan 02 09:01:47 +0000 2025,ini bpjs kenapa tidak aktif ya ada yang sama,dieddfish,2025-01-02 09:01:47+00:00,2025-01,kenapa tidak aktif ada sama,Negatif,3
Tue Jun 02 13:03:27 +0000 2026,bpjs sekarang bpjs ku sebulan sekali mati sebulan sekali harus aktifin lg alasannya sekarang lg nyicil non aktif dan biaya dari pemda bukan pemerintah pusat taiks bgt yg sekarang,SHAA_MOOI,2026-06-02 13:03:27+00:00,2026-06,sekarang ku sebulan sekali mati sebulan sekali harus aktifin lagi alasannya sekarang lagi nyicil non aktif biaya pemda bukan pemerintah pusat taiks banget sekarang,Negatif,6
Tue Jun 02 07:05:43 +0000 2026,62 kalian sedih ga si kalo udh lolos ptn tp masih bingung biaya nya drimana aku bingung ambil ga taun ini tapi tahun depan last chance aku kenapa kuliah mahal bgt ya aku kan pengen juga ngerasain aktif di kelas organisasi sama punya banyak temen di kampus,62fess,2026-06-02 07:05:43+00:00,2026-06,kalian sedih tidak si kalau sudah lolos ptn tapi masih bingung biaya drimana aku bingung ambil tidak taun tapi tahun depan last chance aku kenapa kuliah mahal banget aku pengen juga ngerasain aktif kelas organisasi sama punya banyak temen kampus,Negatif,3
Mon May 05 05:12:40 +0000 2025,haloo bpjs sy sudah daftar mandiri kenapa ga aktif ya padahal sudah transfer virtual akun,Ulumumbo,2025-05-05 05:12:40+00:00,2025-05,haloo sy sudah daftar mandiri kenapa tidak aktif padahal sudah transfer virtual akun,Negatif,5
Mon Jun 01 06:16:15 +0000 2026,kenapa ya kok aku diremove pertemanan di ig pdhl aku gaperna interaksi kl dia posting ya aku like kl muncul postingannya wkwk salah apa aku hah apa emg orgnya aneh aja klau emg niat bersih2 prasaan banyak tuh following yg ga aktif pdhl ak gaperna julid kecuali hari ini,kcgouarien,2026-06-01 06:16:15+00:00,2026-06,kenapa aku diremove pertemanan ig padahal aku gaperna interaksi kalau dia posting aku like kalau muncul postingannya tertawa salah apa aku hah apa emg orgnya aneh saja klau emg niat bersih prasaan banyak following tidak aktif padahal ak gaperna julid kecuali hari,Negatif,5
Wed Mar 05 10:55:55 +0000 2025,ada yg pernah gini ga udah bayar tunggakan bpjs tp masih belum aktif padahal udah lewat 1x24 jam kenapa yaaa,winterbrze__,2025-03-05 10:55:55+00:00,2025-03,ada pernah gini tidak sudah bayar tunggakan tapi masih belum aktif padahal sudah lewat x jam kenapa,Negatif,5
Mon Jun 01 06:29:10 +0000 2026,kenapa sinyalnya ga aktif nih,npccapek,2026-06-01 06:29:10+00:00,2026-06,kenapa sinyalnya tidak aktif nih,Negatif,3
Fri Jun 05 17:17:22 +0000 2026,ya allah aku udh coba buat bayar simak dari jam 23 40 sampe sekarang tetep ga bisa ini gimana ya jujur hopeless,sucirrhhma,2026-06-05 17:17:22+00:00,2026-06,allah aku sudah coba buat bayar simak jam sampe sekarang tetep tidak bisa gimana jujur hopeless,Negatif,4
Fri Nov 07 12:08:42 +0000 2025,yap kalau bayar iuran bpjs tp ga autodebit bisa gasih aku mau bayar manual aja gt setiap bulan,yappingfess,2025-11-07 12:08:42+00:00,2025-11,yap kalau bayar iuran tapi tidak autodebit bisa gasih aku mau bayar manual saja begitu setiap bulan,Negatif,5
Thu Jun 04 15:53:36 +0000 2026,semoga yang jual segitu gabisa berak sebulan harus di operasi ga bisa pake bpjs,byunxbaek_,2026-06-04 15:53:36+00:00,2026-06,semoga jual segitu gabisa berak sebulan harus operasi tidak bisa pakai,Negatif,5
Fri Jun 05 14:40:19 +0000 2026,kok bisa2 nya bisa oplas ke korea tp ga bisa bayar utang kasih unjuk siapa org nya kak,loveqeela,2026-06-05 14:40:19+00:00,2026-06,bisa bisa oplas korea tapi tidak bisa bayar utang kasih unjuk siapa orang,Negatif,3
Thu Dec 18 08:23:58 +0000 2025,pad klinik unpad yang di sayang bisa pake bpjs ga kalo pake bpjs harus pake bpjs nangor dan bayar ga,draftanakunpad4,2025-12-18 08:23:58+00:00,2025-12,pad klinik unpad sayang bisa pakai tidak kalau pakai harus pakai nangor bayar tidak,Negatif,5
Fri Jun 05 14:25:57 +0000 2026,harus bisa udah engap bayar uktnya ya emang ada orang ga demen telor dadar,dongsichend,2026-06-05 14:25:57+00:00,2026-06,harus bisa sudah engap bayar uktnya emang ada orang tidak demen telor dadar,Negatif,5
Sun May 31 08:54:38 +0000 2026,kecuali fee dokter yg kerja di klinik atau rs yg hanya melayani full umum atau asuransi swasta kalo full bpjs ya jelas kecil bayarannya ibarat normal price spesialis dipoli range 1jt tp kalo bpjs max 250rb blm lagi yg rawat inap klaim kls 3 bisa lebih kecil,kurusuntukmakan,2026-05-31 08:54:38+00:00,2026-05,kecuali fee dokter kerja klinik atau rumah sakit hanya melayani full umum atau asuransi swasta kalau full jelas kecil bayarannya ibarat normal price spesialis dipoli range juta tapi kalau max ribu belum lagi rawat inap klaim kls bisa lebih kecil,Negatif,2
Fri Jun 05 23:54:50 +0000 2026,minus 60 sehari itu bukan investasi itu speedrun depresi wkwk,buzuzima0,2026-06-05 23:54:50+00:00,2026-06,minus sehari bukan investasi speedrun depresi tertawa,Negatif,5
Tue May 05 08:15:23 +0000 2026,layanan pandawa bpjs kesehatan yang via wa kenapa lemot bgt ya tidak responsif dan bikin bingung,imyoonaddict_39,2026-05-05 08:15:23+00:00,2026-05,layanan pandawa via wa kenapa lemot banget tidak responsif membuat bingung,Negatif,3
Sat Jun 21 01:06:11 +0000 2025,kakakku ga bpjs juga penanganan nya lemot abis 2 minggu ga diapa apain pas dibawa pulang pindah rs hari rabu nya operasi senin udah gaada kakakku,scoupsegf,2025-06-21 01:06:11+00:00,2025-06,kakakku tidak juga penanganan lemot abis minggu tidak diapa apain pas dibawa pulang pindah rumah sakit hari rabu operasi senin sudah gaada kakakku,Negatif,5
Sat Nov 08 02:08:58 +0000 2025,njs bgt loket antrian bpjs beneran di lewat lewat dan pegawainya lemot bgt,meowbearzs,2025-11-08 02:08:58+00:00,2025-11,njs banget loket antrian beneran lewat lewat pegawainya lemot banget,Negatif,5
Thu Feb 26 12:19:20 +0000 2026,masyarakat mnengah gak mau pake bpjs begok krn gol mnengah rata2 kerja di industri mapan yg fas kesehatannya ditanggung asuransi apalgi kelas atas udh pasti punya asuransi bpjs lemot bnyak mslh dn obat generik,Legislator75,2026-02-26 12:19:20+00:00,2026-02,masyarakat mnengah tidak mau pakai begok karena gol mnengah rata kerja industri mapan fas kesehatannya ditanggung asuransi apalgi kelas atas sudah pasti punya asuransi lemot bnyak mslh dn obat generik,Negatif,3
Wed Sep 24 05:07:23 +0000 2025,ujian kesabaran gw dari semalem app vana lemot war fcfs askjune ai guild base ngantri nya udah kayak pasien bpjs,MunchMunc_21,2025-09-24 05:07:23+00:00,2025-09,ujian kesabaran saya semalem app vana lemot war fcfs askjune ai guild base ngantri sudah kayak pasien,Negatif,2
Mon Apr 27 06:42:10 +0000 2026,halo min mau curhat aku kan kemarin kerja di salah satu pt di sleman jogja ya min aku kerja udah cukup lama min 3 4th nan selma kerja disitu emang ga ada bpjs apa min nah puasa kemarin tbtb bgt di phk satu hari ngasih taunya dan harus keluar hari itu juga ga dikasih tau dulu sebulan sebelumnya tapi aku dapet thr min ya walaupun di cicil sampai 3 kali yang pertama 50 yang kedua 35 nah kurang 15 nya aku chat dong bosnnya malah respone ga menaki bgt kek nantang gitu seakan akan kita tu ga dihargai padahal kita dulu kerja bener kerja min ngoyak target dll tapi thr selama 4th disitu emang di cicil trus dan untuk yang phk juga dapet pesangon tapi ya itu harus nunggu 3 4bulan min di jogja banyak kasus e sek begitu seakan buruh tu gapernah di hormati bgt kira dinas ketenagakerjaan di jogja tu ngecek ga yo min kok aku gedeg bgt rasanya tolong di smaarkan ya min namaku cukup tau dan ben pada ngerti aja min sekedar uneg iki min,merapi_uncover,2026-04-27 06:42:10+00:00,2026-04,mau curhat aku kemarin kerja salah satu pt sleman jogja aku kerja sudah cukup lama tahun nan selma kerja disitu emang tidak ada apa nah puasa kemarin tbtb banget phk satu hari kasih taunya harus keluar hari juga tidak dikasih tahu dulu sebulan sebelumnya tapi aku dapet thr walaupun cicil sampai kali pertama kedua nah kurang aku chat bosnnya malah respone tidak menaki banget seperti nantang begitu seakan akan kita tu tidak dihargai padahal kita dulu kerja bener kerja ngoyak target dll tapi thr selama tahun disitu emang cicil trus untuk phk juga dapet pesangon tapi harus nunggu bulan jogja banyak kasus e sek begitu seakan buruh tu gapernah hormati banget kira dinas ketenagakerjaan jogja tu ngecek tidak yo aku gedeg banget rasanya tolong smaarkan namaku cukup tahu ben pada ngerti saja sekedar uneg iki,Negatif,3
Thu Aug 21 07:03:46 +0000 2025,kalo iuran naik toh org2 pake bpjs dipermudah ya pak itu ada kmrn anak kecil gak punya kartu bpjs udh sekarat mau buat nunggu nya lama bgt sampe meninggal miris bgt pemerintah mah yg kaya mah makin kaya yg miskin mah makin susah semua nya apa2 ini itu naik,babyminwon,2025-08-21 07:03:46+00:00,2025-08,kalau iuran naik toh orang pakai dipermudah pak ada kmrn anak kecil tidak punya kartu sudah sekarat mau buat nunggu lama banget sampe meninggal miris banget pemerintah mah kaya mah makin kaya miskin mah makin susah semua apa naik,Negatif,5
Wed May 07 03:30:25 +0000 2025,ternyata jd hrd yg ngitungin bpjs itu ribet bgt dari kemarin mau aktifin bpjs kok susah bgt,ame_lotso,2025-05-07 03:30:25+00:00,2025-05,ternyata jadi hrd ngitungin ribet banget kemarin mau aktifin susah banget,Negatif,6
Wed Feb 04 10:19:12 +0000 2026,aku lagi pkl di puskesmas kasian bgt banyak pasien yg susah berobat gara2 bpjsnya tiba2 non aktif mana kebanyakan pasien yg udh sepuh gt mereka hrs bolak balik puskesmas kelurahan buat aktifin doang petugasnya jg kasian bolak balik ngeedukasi pasien pdhl itu tugasnya bpjs,tataaclifford,2026-02-04 10:19:12+00:00,2026-02,aku lagi pkl puskesmas kasian banget banyak pasien susah berobat gara bpjsnya tiba non aktif mana kebanyakan pasien sudah sepuh begitu mereka harus bolak balik puskesmas kelurahan buat aktifin doang petugasnya juga kasian bolak balik ngeedukasi pasien padahal tugasnya,Negatif,5
Fri May 08 19:12:38 +0000 2026,le ke psikiater bisa minta rujukan ga sih pake bpjs kalo bisa cara nya gmn ya udah cape bgt le tidur ga tenang mimpi yg aneh2 mulu bikin gundah susah tdr juga bangun tidur bukan nya seger malah tambah cape,sambatfes,2026-05-08 19:12:38+00:00,2026-05,le psikiater bisa minta rujukan tidak pakai kalau bisa cara bagaimana sudah cape banget le tidur tidak tenang mimpi aneh mulu membuat gundah susah tdr juga bangun tidur bukan seger malah tambah cape,Negatif,7
Thu Dec 25 10:13:05 +0000 2025,kok nebus motor di kantor polisi pake duit sih anjg org kecelakaan udah susah ditambahin susah lg dosa bgt lu polisi najis kalo udah dapet rujukan bisa full ditanggung bpjs kok,chaosymth,2025-12-25 10:13:05+00:00,2025-12,nebus motor kantor polisi pakai duit anjg orang kecelakaan sudah susah ditambahin susah lagi dosa banget kamu polisi najis kalau sudah dapet rujukan bisa full ditanggung,Negatif,7
Tue Sep 16 11:46:40 +0000 2025,bajingannn susah bgt ngurus bpjs mandiri ni asu,suizlalune,2025-09-16 11:46:40+00:00,2025-09,bajingan susah banget ngurus mandiri ni asu,Negatif,4
Wed Jul 16 13:59:43 +0000 2025,susah bgt deh nyari klinik 24 jam giliran ad dr umumnya cuma sampe jam 8 malam ada yg dr umumny 24 jam tp gak kerja sm dgn bpjs jauh bgt,xujiaoo,2025-07-16 13:59:43+00:00,2025-07,susah banget nyari klinik jam giliran ad umumnya cuma sampe jam malam ada umumny jam tapi tidak kerja sama dengan jauh banget,Negatif,6
Tue Jun 02 11:24:34 +0000 2026,ekspektasi tinggi hari ini mau nyambi ngerjain klaim bpjs sambil igd ternyata cuman bertahan di 3 berkas doang wkwkwk sisanya berkutat dengan pasien unstable amp rujukkk sambil ya allah ya allah sampe kelar shift akhirnya jadi pr,Prisiliaalmrt,2026-06-02 11:24:34+00:00,2026-06,ekspektasi tinggi hari mau nyambi ngerjain klaim sambil igd ternyata cuman bertahan berkas doang tertawa sisanya berkutat dengan pasien unstable  rujuk sambil allah allah sampe kelar shift akhirnya jadi pr,Negatif,5
Sat Jan 10 16:52:28 +0000 2026,jends di klinik sudirman bisa cek tht ga sih senderr kuping kirinya udh 2 minggu ini rada setengah bindeng gitu jadi agak budek gitu ngga nyaman bgt dan itu bisa pake bpjs engga s amp k nya gimana sih helppp,unsoedmfs,2026-01-10 16:52:28+00:00,2026-01,jends klinik sudirman bisa cek tht tidak senderr kuping kirinya sudah minggu rada setengah bindeng begitu jadi agak budek begitu ngga nyaman banget bisa pakai engga s  k gimana help,Negatif,2
Sun May 31 04:00:07 +0000 2026,ko bisa deh orang nentang bgt dukun tp percaya kartu tarot kalo ditanya jwbannya pasti ada ilmunya ya dukun jg ada gasi ilmunya tp org awam mah ga ngerti bedanya apa emng dr kedua itu sama syirik kan,tanyakanrl,2026-05-31 04:00:07+00:00,2026-05,ko bisa orang nentang banget dukun tapi percaya kartu tarot kalau ditanya jwbannya pasti ada ilmunya dukun juga ada gasi ilmunya tapi orang awam mah tidak ngerti bedanya apa emng kedua sama syirik,Negatif,3
Tue Sep 16 01:53:03 +0000 2025,imissu ton info dong rsgm unud itu bisa pake bpjs ga ya ini gigiku impaksi sakit bgt sampe sariawan,unudmenfess,2025-09-16 01:53:03+00:00,2025-09,imissu ton info rsgm unud bisa pakai tidak gigiku impaksi sakit banget sampe sariawan,Negatif,2
Mon Apr 20 12:55:17 +0000 2026,tak pitesss loh ya hidungmu ambil obat doang obat doang sini dah lu masukkk lihat nohh rak obatnya seberapaa banyakk belom lagi klo bpjss ada ketentuan pas skrining bisaa diambil berapaa trs kudu cek data lab nya dulu klo gak lengkap cuma bisa diambil berapa,Sun_tawan_,2026-04-20 12:55:17+00:00,2026-04,tak pites loh hidungmu ambil obat doang obat doang sini sudah kamu masuk lihat nohh rak obatnya seberapaa banyakk belom lagi kalau bpjss ada ketentuan pas skrining bisaa diambil berapaa terus kudu cek data lab dulu kalau tidak lengkap cuma bisa diambil berapa,Negatif,5
Sun Sep 07 23:29:12 +0000 2025,kena semua lagi astagfirullahh maju sini semuaaa aku punya bpjss,fforgivee,2025-09-07 23:29:12+00:00,2025-09,kena semua lagi astagfirullahh maju sini semua aku punya bpjss,Negatif,2
Mon Apr 06 05:01:07 +0000 2026,bpjss kenapasihh gua loh ini mau buat akun jkn bokap gua mau kontrol kocakk buat cuci darah yakali gua bawa bokap gua ke bpjs orng lagi sakit gitu,vmixue,2026-04-06 05:01:07+00:00,2026-04,bpjss kenapasihh saya loh mau buat akun jkn bokap saya mau kontrol kocakk buat cuci darah yakali saya bawa bokap saya orng lagi sakit begitu,Negatif,7
Wed Jun 11 17:11:50 +0000 2025,temen temen please bantuin akuu bpjss nenek aku diambil orgg ud lapor polisi dari tahun 2024 sampe skrng blm ada kejelasannya kesian nenek aku plis bantu ramein vt aku di profil udh aku jelasin dari kemaren ga ramee samsek,xnayshsvnii,2025-06-11 17:11:50+00:00,2025-06,temen temen please bantuin akuu bpjss nenek aku diambil orgg ud lapor polisi tahun sampe skrng belum ada kejelasannya kesian nenek aku plis bantu ramein vt aku profil sudah aku jelasin kemaren tidak ramee samsek,Negatif,5
Tue Sep 30 04:30:58 +0000 2025,makanya nuna kalo aku tlp tuh di angkat kemarin minta temenin ke bpjss buat ambil obat tapi tlpku di reject,sionnx,2025-09-30 04:30:58+00:00,2025-09,makanya nuna kalau aku tlp angkat kemarin minta temenin bpjss buat ambil obat tapi tlpku reject,Negatif,5
Tue Jun 02 04:14:50 +0000 2026,kemaren konsul ke faskes bpjs trus katanya harus ada riwayat konsul sendiri dulu baru biasa rujuk lanjutan pdhl dokter umumny dh bilang harus ke psikiater wkwk dulu pernah jg berobat jalan 2tahunan tp ttp gak dikasih bpjs btw gatau tp kalo kebijakan di kota lain,firelightnim,2026-06-02 04:14:50+00:00,2026-06,kemaren konsul faskes trus katanya harus ada riwayat konsul sendiri dulu baru biasa rujuk lanjutan padahal dokter umumny dh bilang harus psikiater tertawa dulu pernah juga berobat jalan tahunan tapi ttp tidak dikasih btw gatau tapi kalau kebijakan kota lain,Negatif,5
Sat May 30 23:01:35 +0000 2026,tapi kalo patah tulang krn kecelakaan lalu lintas harus urus ke jasa raharja dulu mesti paket suket dari polisi ntar sisa setelah ditanggung jasa raharja baru ditanggung bpjs ini yg mungkin alasan akhirnya org lebih milih ke sangkal puntung dianggap repot,wiratamiang,2026-05-30 23:01:35+00:00,2026-05,tapi kalau patah tulang karena kecelakaan lalu lintas harus urus jasa raharja dulu mesti paket suket polisi ntar sisa setelah ditanggung jasa raharja baru ditanggung mungkin alasan akhirnya orang lebih milih sangkal puntung dianggap repot,Negatif,4
Tue Jun 02 10:30:35 +0000 2026,bpjs byk orang yg mati akibat berharap bpis bpjs cuman kembangan dari jamkesmas cuman pelaksanaan terlalu byk masalah dan ribet byk rs yg nolak,Bahlullakbar,2026-06-02 10:30:35+00:00,2026-06,byk orang mati akibat berharap bpis cuman kembangan jamkesmas cuman pelaksanaan terlalu byk masalah ribet byk rumah sakit nolak,Negatif,2
Thu Mar 05 11:01:04 +0000 2026,kalau kasus pasien2 kami biasanya kasus emergency amp rentan perburukan memang lebih disarankan sama rumah sakit pakai bpjs kesehatan bukan karena mampu ga mampu tapi beda nya bpjs kesehatan asuransi amp umum bpjs kes itu tangani dulu persetujuan pembayaran adm belakangan,drnewstwit,2026-03-05 11:01:04+00:00,2026-03,kalau kasus pasien kami biasanya kasus emergency  rentan perburukan memang lebih disarankan sama rumah sakit pakai bukan karena mampu tidak mampu tapi beda asuransi  umum kes tangani dulu persetujuan pembayaran adm belakangan,Negatif,5
Thu Nov 27 11:29:25 +0000 2025,kita gatau kapan org akan komplain amp gmn cara dia komplain tapi kita bisa membuat mekanisme untuk menerima keluhan masyarakat tsb hak pegawai itu bukan cuma bpjs kes bpjs t amp gaji layak tapi hak untuk diberikan perlindungan dari customer yang tantrum,direktoridosen,2025-11-27 11:29:25+00:00,2025-11,kita gatau kapan orang akan komplain  bagaimana cara dia komplain tapi kita bisa membuat mekanisme untuk menerima keluhan masyarakat tsb hak pegawai bukan cuma kes t  gaji layak tapi hak untuk diberikan perlindungan customer tantrum,Negatif,7
Tue Dec 30 09:28:00 +0000 2025,gaji pokok bpjs kes bpjs tenaga kerja dan uang lembur itu bukan benefit,direktoridosen,2025-12-30 09:28:00+00:00,2025-12,gaji pokok kes tenaga kerja uang lembur bukan benefit,Negatif,4
Fri Jun 05 08:33:31 +0000 2026,presiden punya penasihat khusus bidang kesehatan tetapi pelayanan kesehatan melalui bpjs kesehatan masih memprihatinkan,Ari3Pras,2026-06-05 08:33:31+00:00,2026-06,presiden punya penasihat khusus bidang tetapi pelayanan melalui masih memprihatinkan,Negatif,2
Fri Jun 05 23:14:29 +0000 2026,yakin pengetahuan ini bisa jadi dasar keluarga pasien menuntut pelayanan di rs sebenarnya penggunaan bpjs kesehatan sebagian besar adalah orang yang tidak paham regulasi dan bagaimana memperjuangkan kepentingan untuk mendapatkan pelayanan yang sesuai,gundul_zaud,2026-06-05 23:14:29+00:00,2026-06,yakin pengetahuan bisa jadi dasar keluarga pasien menuntut pelayanan rumah sakit sebenarnya penggunaan sebagian besar adalah orang tidak paham regulasi bagaimana memperjuangkan kepentingan untuk mendapatkan pelayanan sesuai,Negatif,5
Tue May 12 09:50:58 +0000 2026,1 kita gak tahu itu luka bone exposed atau gak 2 berangkat kursi roda balik pakai bed kita gak tahu aldrete scorenya di pacu berapa sedasi sedalam apa 3 baik bpjs atau bukan kalau paska sedasi dalam ya mesti pakai bed kurang2i nyinyir kalau belum lengkap informasinya,syahrul1988,2026-05-12 09:50:58+00:00,2026-05,kita tidak tahu luka bone exposed atau tidak berangkat kursi roda balik pakai bed kita tidak tahu aldrete scorenya pacu berapa sedasi sedalam apa baik atau bukan kalau paska sedasi dalam mesti pakai bed kurangi nyinyir kalau belum lengkap informasinya,Negatif,7
Mon Apr 27 00:31:30 +0000 2026,sekarang lagi musim lagi duta dutaan ada yang jadi duta bpjs meskipun gak pernah pakai bpjs ada yang tiba tiba jadi duta sekolah rakyat meskipun gak pernah ngurusi sekolah rakyat kalau jadi duta begitu dapat tambahan gaji gak sih pasti dapat imbalan ya kan gak mungkin gretongan mana mau mereka kalau ijazah palsu ada dutanya gak nih,liaasister,2026-04-27 00:31:30+00:00,2026-04,sekarang lagi musim lagi duta dutaan ada jadi duta meskipun tidak pernah pakai ada tiba tiba jadi duta sekolah rakyat meskipun tidak pernah ngurusi sekolah rakyat kalau jadi duta begitu dapat tambahan gaji tidak pasti dapat imbalan tidak mungkin gretongan mana mau mereka kalau ijazah palsu ada dutanya tidak nih,Negatif,1
Sun May 31 07:43:48 +0000 2026,sebenarnya klw mau berobat tht bisa pakai bpjs nggak sih kok aku minta rujukan ke faskes 1 kena maki sama dokternya ya,marck_selena,2026-05-31 07:43:48+00:00,2026-05,sebenarnya klw mau berobat tht bisa pakai tidak aku minta rujukan faskes kena maki sama dokternya,Negatif,2
Thu Jun 04 00:25:47 +0000 2026,njir sistemnya kaya bpjs cuman bpjs embege di bayar pakai pajak rakyat dan banyak orang yg menikmati itu uahhhhh,MANG_JOEYY,2026-06-04 00:25:47+00:00,2026-06,njir sistemnya kaya cuman embege bayar pakai pajak rakyat banyak orang menikmati uah,Negatif,2
Fri Apr 10 06:27:28 +0000 2026,bahkan ada rumah sakit yang membebankan biaya bpjs yang gagal claim ke fktp klinik,Syeikhleebit,2026-04-10 06:27:28+00:00,2026-04,bahkan ada rumah sakit membebankan biaya gagal claim fktp klinik,Negatif,5
Tue May 05 11:57:03 +0000 2026,ness berapa ya biaya berobat ke puslakes atau puskesmas sekaran tanpa bpjs sender sakit lambung nih dari hari jum at huhuhu,unicefess,2026-05-05 11:57:03+00:00,2026-05,ness berapa biaya berobat puslakes atau puskesmas sekaran tanpa sender sakit lambung nih hari jum at huhuhu,Negatif,7
Fri Apr 24 08:20:38 +0000 2026,jujur ini gue bengek terus tapi males kontrol ibarat libur 2 hari terus seharinya antri kontrol bpjs yg lama itu aku tak rela,xsanubari,2026-04-24 08:20:38+00:00,2026-04,jujur saya bengek terus tapi males kontrol ibarat libur hari terus seharinya antri kontrol lama aku tak rela,Negatif,6
Sun Feb 08 18:14:59 +0000 2026,eh bpjs gw bkn pbi tp napa dinonaktifin jg dh ribet bener mau ngurusnye tai,stberryorange,2026-02-08 18:14:59+00:00,2026-02,eh saya bkn pbi tapi napa dinonaktifin juga dh ribet bener mau ngurusnye tai,Negatif,3
Mon Mar 23 09:26:51 +0000 2026,ngurus ngurus operasi kecil pun pake bpjs mah jadi ribet ya ternyata,pinkycoquette_,2026-03-23 09:26:51+00:00,2026-03,ngurus ngurus operasi kecil pun pakai mah jadi ribet ternyata,Negatif,5
Thu May 14 20:04:29 +0000 2026,salah 1 jenis kasus yang bikin gw pusing kalo jaga igd selain kll yaa ini kasus penganiayaan apalagi penganiayaan berat yang mendatangkan bahaya maut begini kenapa gw pusing 1 kasus penganiayaan tidak ditanggung bpjs pasti ribet kalau butuh tindakan cito atau perawatan icu 2 keluarga pasien pasti emosional dll mau edukasi atau minta persetujuan tindakan itu kudu panjang sabar like literally panjaaang sabaaaartt 3 harus bikin visum,CorpusAlienumm,2026-05-14 20:04:29+00:00,2026-05,salah jenis kasus membuat saya pusing kalau jaga igd selain kll yaa kasus penganiayaan apalagi penganiayaan berat mendatangkan bahaya maut begini kenapa saya pusing kasus penganiayaan tidak ditanggung pasti ribet kalau butuh tindakan cito atau perawatan icu keluarga pasien pasti emosional dll mau edukasi atau minta persetujuan tindakan kudu panjang sabar like literally panjang sabartt harus membuat visum,Negatif,3
Tue Jun 02 03:54:25 +0000 2026,gak jauh beda sama tukang parkir jir masukkan rawat inap pasien bpjs cuma dapet 5 ribu sekolahnya bertahun tahun biaya mahal susah lulusnya padahal merawat inapkan itu perlu skill anamnesis pemeriksaan fisik dan terapi yang belajarnya selama itu,CorpusAlienumm,2026-06-02 03:54:25+00:00,2026-06,tidak jauh beda sama tukang parkir jir masukkan rawat inap pasien cuma dapet ribu sekolahnya bertahun tahun biaya mahal susah lulusnya padahal merawat inapkan perlu skill anamnesis pemeriksaan fisik terapi belajarnya selama,Negatif,5
Mon Apr 27 11:06:54 +0000 2026,sa aya aya bpjs ribet ngurus na,mendoansambelin,2026-04-27 11:06:54+00:00,2026-04,sa aya aya ribet ngurus na,Negatif,4
Fri Mar 06 04:09:31 +0000 2026,gue ga tau yang mendukung ini umur berapa sampai mereka ga liat dampaknya apa kalau ibu dan bapak mereka pns gaji dan tunjangannya di potong yang menyebabkan lapangan kerja susah yah mbg proyek banyak yg tdk cair bpjs lu di nonaktifkan tiba2 harga sembako naik besar2an,upawupa,2026-03-06 04:09:31+00:00,2026-03,saya tidak tahu mendukung umur berapa sampai mereka tidak liat dampaknya apa kalau ibu bapak mereka pns gaji tunjangannya potong menyebabkan lapangan kerja susah yah proyek banyak tidak cair kamu nonaktifkan tiba harga sembako naik besaran,Negatif,2
Fri Jun 05 06:49:24 +0000 2026,aduh asal lo tahu bpjs itu bisa menolak pembayaran kalau menurut mereka itu ga memenuhi syarat kalau uda dilakukan pengobatan siapa yang mau bayar pasien ya pastinya mereka ga mau dokter indo juga cape kali di cap ga peduli pasien padahal system asuransi lokalnya yang sampah,AdianaGrindr,2026-06-05 06:49:24+00:00,2026-06,aduh asal kamu tahu bisa menolak pembayaran kalau menurut mereka tidak memenuhi syarat kalau uda dilakukan pengobatan siapa mau bayar pasien pastinya mereka tidak mau dokter indo juga cape kali cap tidak peduli pasien padahal system asuransi lokalnya sampah,Negatif,5
Fri Jun 05 22:56:42 +0000 2026,sudah diam akhirnya bisa jengkel muncul lah beberapa nama yang dirasa si bos rajin gesit amp menurut padahal setelah isi ckg mau cuci baju di rumah yang seminggu belum dicuci eh ternyata mesin cuci rusak lalu harus ke binatu,fruktosita,2026-06-05 22:56:42+00:00,2026-06,sudah diam akhirnya bisa jengkel muncul lah beberapa nama dirasa si bos rajin gesit  menurut padahal setelah isi ckg mau cuci baju rumah seminggu belum dicuci eh ternyata mesin cuci rusak lalu harus binatu,Negatif,5
Wed Mar 04 02:04:58 +0000 2026,makin parah aja ni sakit tenggorokan mana bpjs ga aktif,orchxdia,2026-03-04 02:04:58+00:00,2026-03,makin parah saja ni sakit tenggorokan mana tidak aktif,Negatif,5
Fri Mar 06 20:04:21 +0000 2026,jawab jujur sama autopilot tapi yg sekarang lebih parah jauh tp seengganya demokrasi jalan harga naik dikit demo pembangunan gak merata justru yg bangun diluar p jawa si pria solo bpjs adanya pas era sby tp seinget w di rs masih bayar yg beneran merata keknya era jok,ogurricap,2026-03-06 20:04:21+00:00,2026-03,jawab jujur sama autopilot tapi sekarang lebih parah jauh tapi seengganya demokrasi jalan harga naik dikit demo pembangunan tidak merata justru bangun diluar p jawa si pria solo adanya pas era sby tapi seinget w rumah sakit masih bayar beneran merata keknya era jok,Negatif,2
Fri Jan 30 14:06:13 +0000 2026,jends mau curhat jadi dlu aku sempet di diagnose anxiety disorder tp ga aku lanjutin pengobatan nya skrg kynya makin parah karna sering bgt kambuh dan ngeganggu aktivitas ada yg tau ga klinik kesehatan jiwa yg bisa bpjs di rs mana yah karna dokter aku yg dlu udh ga praktek,unsoedmfs,2026-01-30 14:06:13+00:00,2026-01,jends mau curhat jadi dulu aku sempet diagnose anxiety disorder tapi tidak aku lanjutin pengobatan sekarang kynya makin parah karna sering banget kambuh ngeganggu aktivitas ada tahu tidak klinik jiwa bisa rumah sakit mana yah karna dokter aku dulu sudah tidak praktek,Negatif,5
Fri Jun 05 19:00:14 +0000 2026,level 2 open world tapi gak ada peta usia 22 28 lulus kuliah cari kerja bayar kos sendiri makan sendiri bayar bpjs sendiri tiba tiba semua npc helpful hilang gak ada petunjuk di layar gak ada quest marker dan bapak sadar semua orang juga gak tau apa yang mereka lakukan semuanya improvisasi semuanya pura pura tau jalan boss battle pertama ditolak 47 lamaran kerja reward gaji umr yang habis di minggu ke 3,fajrek1,2026-06-05 19:00:14+00:00,2026-06,level open world tapi tidak ada peta usia lulus kuliah cari kerja bayar kos sendiri makan sendiri bayar sendiri tiba tiba semua npc helpful hilang tidak ada petunjuk layar tidak ada quest marker bapak sadar semua orang juga tidak tahu apa mereka lakukan semuanya improvisasi semuanya pura pura tahu jalan boss battle pertama ditolak lamaran kerja reward gaji umr habis minggu,Negatif,5
Wed Nov 26 15:10:37 +0000 2025,turut berduka cita kepada korban ini yang sedang aku alami juga karena pake bpjs meskipun aku bukan operasi karena melahirkan mandek rujukannya karena di rumah sakit penuh bahkan ditolak dari semenjak pendaftaran kaget karena biayanya gede banget kalo bayar pribadi,rochofella,2025-11-26 15:10:37+00:00,2025-11,turut berduka cita kepada korban sedang aku alami juga karena pakai meskipun aku bukan operasi karena melahirkan mandek rujukannya karena rumah sakit penuh bahkan ditolak semenjak pendaftaran kaget karena biayanya gede banget kalau bayar pribadi,Negatif,6
Sat May 09 11:20:04 +0000 2026,bpjs bisa ga cover life after breakup,tzhasah,2026-05-09 11:20:04+00:00,2026-05,bisa tidak cover life after breakup,Negatif,2
Fri Jun 05 03:38:41 +0000 2026,la emg kaya gituuu kan emg penanggung jawab pembayaran bjps tanyalah ke orang bpjsnya misal kita mau lanjut tp bpjsnya ngga bisa ke klaim iya masa dokternya yg bayarin,oktadorable,2026-06-05 03:38:41+00:00,2026-06,la emg kaya begitu emg penanggung jawab pembayaran bjps tanyalah orang bpjsnya misal kita mau lanjut tapi bpjsnya ngga bisa klaim iya masa dokternya bayarin,Negatif,2
Fri Jun 05 05:49:43 +0000 2026,jujur gw juga ada di desil 6 10 padahal ekonomi pas pasan banget yang kerja cuma ayah gw dan ada tanggungan anak sekolah pas mau nurunin desil ternyata ga bisa karena ayah gw dapet tanggungan bpjs dari tempat dia kerja padahal gajinya ga gede cuma pas buat sehari hari,jwniegurl,2026-06-05 05:49:43+00:00,2026-06,jujur saya juga ada desil padahal ekonomi pas pasan banget kerja cuma ayah saya ada tanggungan anak sekolah pas mau nurunin desil ternyata tidak bisa karena ayah saya dapet tanggungan tempat dia kerja padahal gajinya tidak gede cuma pas buat sehari hari,Negatif,4
Mon Apr 06 01:39:38 +0000 2026,bpjs kesehatan gue ga aktif ini kantor belom bayarin apa gimana,mouvews,2026-04-06 01:39:38+00:00,2026-04,saya tidak aktif kantor belom bayarin apa gimana,Negatif,4
Fri Jun 05 22:59:38 +0000 2026,ga pernah ada evaluasi padahal kasus keracunan mbg udah terjadi setiap hari terlalu gengsi buat ngaku salah mending hentiin mbg sekarang juga 3 dari awal korupsi udah di depan mata pengadaan ga masuk akal dan dibiarin presiden duh ga paham lagi,Song4Sirius,2026-06-05 22:59:38+00:00,2026-06,tidak pernah ada evaluasi padahal kasus keracunan sudah terjadi setiap hari terlalu gengsi buat ngaku salah mending hentiin sekarang juga awal korupsi sudah depan mata pengadaan tidak masuk akal dibiarin presiden duh tidak paham lagi,Negatif,3
Fri Jun 05 23:15:28 +0000 2026,toko toko bnrn hampir gaada yang buka pas weekend krn ownernya hrs bayar pegawainya 2x lipat per jamnya dibandingkan hari biasa padahal mah itu negara kecil bgt dan jujur ga terlalu diverse gt tp emg warganya dimakmurkan banget jir mana asuransi kesehatan jg ditanggung negara,rintuul,2026-06-05 23:15:28+00:00,2026-06,toko toko bnrn hampir gaada buka pas weekend karena ownernya harus bayar pegawainya x lipat per jamnya dibandingkan hari biasa padahal mah negara kecil banget jujur tidak terlalu diverse begitu tapi emg warganya dimakmurkan banget jir mana asuransi juga ditanggung negara,Negatif,4
Mon Feb 09 10:31:03 +0000 2026,gmn kmaren cara cek bpjs aktif ga nya dah udh like ko ilang postnya,qwjiwoo,2026-02-09 10:31:03+00:00,2026-02,bagaimana kmaren cara cek aktif tidak sudah sudah like ko ilang postnya,Negatif,5
Sun Nov 16 07:50:06 +0000 2025,ada yang work atau pernah jadi admin bpjs di klinik gitu kerjanya ribet nggak sender ditawarin kerja itu dengan gaji nggak nyampek 1jt emg si klinik di desa gitu tapi ya kalau dipikir jauh banget dari umk yang 2 8jt,worksfess,2025-11-16 07:50:06+00:00,2025-11,ada work atau pernah jadi admin klinik begitu kerjanya ribet tidak sender ditawarin kerja dengan gaji tidak nyampek juta emg si klinik desa begitu tapi kalau dipikir jauh banget umk juta,Negatif,4
Sat Feb 07 13:55:13 +0000 2026,work udah pvtus asa banget nyari kerja surat surat nonaktif semua dompet udah ke gini nih gambar di bawah btw skrng skck harus pake bpjs gt bpjs non aktif gt aktifin pake duid udah gtu hrd perusahaan udah gamau tau soal bpjs karna resign ribet nyaaaaaa shibal,worksfess,2026-02-07 13:55:13+00:00,2026-02,work sudah pvtus asa banget nyari kerja surat surat nonaktif semua dompet sudah gini nih gambar bawah btw skrng skck harus pakai begitu non aktif begitu aktifin pakai duid sudah gtu hrd perusahaan sudah gamau tahu soal karna resign ribet shibal,Negatif,3
Tue Apr 21 04:31:54 +0000 2026,down banget rasanya harus ganti obgyn padahal udah cocok soalnya obgyn ini gak praktik di rs sby bpjs nanti gabisa rujuk ke rs situ indikasi pengentalan darah muncul lagi bayangin aja dulu aku susah banget donor darah karena hb ku jarang nyentuh 12 5,hildaikka_,2026-04-21 04:31:54+00:00,2026-04,down banget rasanya harus ganti obgyn padahal sudah cocok soalnya obgyn tidak praktik rumah sakit sby nanti gabisa rujuk rumah sakit situ indikasi pengentalan darah muncul lagi bayangin saja dulu aku susah banget donor darah karena hb ku jarang nyentuh,Negatif,5
Thu Oct 09 08:35:48 +0000 2025,capek banget ro bpjs kesehatan kantorku di ganti ganti capek gitu mau ganti orang dan mulai lagi dari awal,r_aaaaaaa_,2025-10-09 08:35:48+00:00,2025-10,capek banget ro kantorku ganti ganti capek begitu mau ganti orang mulai lagi awal,Negatif,5
Mon Jun 01 14:42:39 +0000 2026,sumpah ga kuat capeknya sampe pegel pegel,mejadiskusi,2026-06-01 14:42:39+00:00,2026-06,sumpah tidak kuat capeknya sampe pegel pegel,Negatif,6
Wed Jun 04 11:22:24 +0000 2025,tolong deh demo aja si bpjs ini ga habis pikir kejang demam dbd asma pneumonia gabisa dirujuk ke rs capek banget named nakes disalahin mulu mending pada demo ke bpjs nya deh,chocobbokari,2025-06-04 11:22:24+00:00,2025-06,tolong demo saja si tidak habis pikir kejang demam dbd asma pneumonia gabisa dirujuk rumah sakit capek banget named nakes disalahin mulu mending pada demo,Negatif,5
Tue Jun 02 15:37:51 +0000 2026,bener banget udah bpjs dipersulit elu pake stress pula gara2 denger dia pidato,WeKa_Ronin,2026-06-02 15:37:51+00:00,2026-06,bener banget sudah dipersulit elu pakai stress pula gara denger dia pidato,Negatif,2
Sun Dec 07 15:03:21 +0000 2025,kayanya mau manfaatin bpjs buat cek mata akhir akhir ini berasa burem dan capek banget sehari bisa 8 jam lebih natap layar untungnya kalo liat duit mah kaga burem,ANSRMD,2025-12-07 15:03:21+00:00,2025-12,kayanya mau manfaatin buat cek mata akhir akhir berasa burem capek banget sehari bisa jam lebih natap layar untungnya kalau liat duit mah kaga burem,Negatif,5
Fri Jun 05 23:04:54 +0000 2026,tumben hari ini nggak capek apa karena weekend ya,antimorpheme,2026-06-05 23:04:54+00:00,2026-06,tumben hari tidak capek apa karena weekend,Negatif,4
Tue Sep 23 04:23:47 +0000 2025,perbaiki sdm perbaiki sistem bpjs yang sering ga ngotak untuk faskesnya supaya pembayaran bpjs tetap affordable ke masyarakat tapi ga bikin rugi faskesnya juga ih dahlah capek atur ajalah,dazzlem3_,2025-09-23 04:23:47+00:00,2025-09,perbaiki sdm perbaiki sistem sering tidak ngotak untuk faskesnya supaya pembayaran tetap affordable masyarakat tapi tidak membuat rugi faskesnya juga ih dahlah capek atur ajalah,Negatif,1
Thu Jun 04 05:00:16 +0000 2026,kalimat itu sekarang bergema di kepala bapak tiap malam di kontrakan karena sekarang bapak tau ngapain aja yang istri kerjakan seharian 40 pekerjaan rumah tangga dari jam 5 pagi sampai jam 10 malam tanpa jam pulang tanpa weekend tanpa cuti tanpa gaji dan satu satunya feedback yang dia dapat dari bapak kok boros sih dan ngapain aja sih seharian 9 tahun kalimat itu dia telan sampai akhirnya dia capek menelan,fajrek1,2026-06-04 05:00:16+00:00,2026-06,kalimat sekarang bergema kepala bapak tiap malam kontrakan karena sekarang bapak tahu ngapain saja istri kerjakan seharian pekerjaan rumah tangga jam pagi sampai jam malam tanpa jam pulang tanpa weekend tanpa cuti tanpa gaji satu satunya feedback dia dapat bapak boros ngapain saja seharian tahun kalimat dia telan sampai akhirnya dia capek menelan,Negatif,4
Mon Mar 17 07:41:55 +0000 2025,orang satu ini tuh astaga bgt deh bikin kesel mulu nanya biar dpt kartu bpjs gimana ya gue jawabin di app jkn dia bilang nomornya gak terverifikasi udah 2x nanya perihal bpjs dan ngeluh nomor gak terverifikasi ya kalo dah gitu mah di luar ranah gue lah emang gue pegawainya,panggilull,2025-03-17 07:41:55+00:00,2025-03,orang satu astaga banget membuat kesel mulu nanya biar dapat kartu gimana saya jawabin app jkn dia bilang nomornya tidak terverifikasi sudah x nanya perihal ngeluh nomor tidak terverifikasi kalau sudah begitu mah luar ranah saya lah emang saya pegawainya,Negatif,1
Sun Mar 09 17:43:31 +0000 2025,bpjs ni bikin kesel,odywoodyz_,2025-03-09 17:43:31+00:00,2025-03,ni membuat kesel,Negatif,1
Fri Sep 12 14:48:56 +0000 2025,kan emang bikin kesel banget bpjs tuu kakk,akuapeachy,2025-09-12 14:48:56+00:00,2025-09,emang membuat kesel banget tuu kakk,Negatif,1
Thu Jun 04 04:01:24 +0000 2026,gw baru dapet 13 video anjiiiiinkkkkk lo bilang banyak nggak ada paksaan pake 720p tapi quota 480p dibikin kecil banget itu juga bentuk paksaan bangsaaaat user yang mau generate normal 480p cepet kena limit user yang mau coba 720p juga males karena mahal motion masih jelek dua duanya rugi ini bukan fairness ini membatasi user experience dengan dua ember bocor kalau emang 720p beberapa kali lebih mahal kasih weighted cost di satu pool aja jangan bikin dua bucket kecil yang bikin kita semua kesel sambil tetep ngeles gak maksa,Ngwentawd,2026-06-04 04:01:24+00:00,2026-06,saya baru dapet video anjink kamu bilang banyak tidak ada paksaan pakai p tapi quota p dibikin kecil banget juga bentuk paksaan bangsat user mau generate normal p cepet kena limit user mau coba p juga males karena mahal motion masih jelek dua duanya rugi bukan fairness membatasi user experience dengan dua ember bocor kalau emang p beberapa kali lebih mahal kasih weighted cost satu pool saja jangan membuat dua bucket kecil membuat kita semua kesel sambil tetep ngeles tidak maksa,Negatif,5
Thu Jun 04 14:33:02 +0000 2026,lihat berita belakangan ini bener bener bikin pengen ngamuk kesel banget ya allah sampe speechless cuma bisa berdoa allah segera kasih adzab buat pemimpin pemimpin yang dzolim itu,ayuniverse__,2026-06-04 14:33:02+00:00,2026-06,lihat berita belakangan bener bener membuat pengen ngamuk kesel banget allah sampe speechless cuma bisa berdoa allah segera kasih adzab buat pemimpin pemimpin dzolim,Negatif,5
Wed Jun 03 17:01:14 +0000 2026,kayaknya bener deh orang tua itu sering merasa kayak sedang menjalani hidup mereka lagi lewat anaknya terus dia kasih contoh kocak dulu dia pernah kesel karna ada rambut poni yang jatuh di tengah muka dan ganggu banget jadi dia langsung gunting sampe habis pas ibunya lihat rambutnya cuma melototin dia kayak gini terus ibunya bilang aku ga pernah ngajarin kamu begitu tapi gimana bisa kamu melakukan hal yang persis sama kayak yang ibu lakukan waktu kecil dan karna ternyata ibunya juga pernah bikin kesalahan bodoh yang sama pas kecil dia jadi ga dimarahin,nwimyoung,2026-06-03 17:01:14+00:00,2026-06,kayaknya bener orang tua sering merasa kayak sedang menjalani hidup mereka lagi lewat anaknya terus dia kasih contoh kocak dulu dia pernah kesel karna ada rambut poni jatuh tengah muka ganggu banget jadi dia langsung gunting sampe habis pas ibunya lihat rambutnya cuma melototin dia kayak gini terus ibunya bilang aku tidak pernah ngajarin kamu begitu tapi gimana bisa kamu melakukan hal persis sama kayak ibu lakukan waktu kecil karna ternyata ibunya juga pernah membuat kesalahan bodoh sama pas kecil dia jadi tidak dimarahin,Negatif,5
Wed Jun 03 20:15:12 +0000 2026,gua doain brand yg dia endorse bangkrut dan cewe yg bikin video itu kena stroke kesel banget liatnya,bukanomar_,2026-06-03 20:15:12+00:00,2026-06,saya doain brand dia endorse bangkrut cewe membuat video kena stroke kesel banget liatnya,Negatif,7
Fri Jun 05 13:34:02 +0000 2026,gerah banget bikin kesel,itselsangster,2026-06-05 13:34:02+00:00,2026-06,gerah banget membuat kesel,Negatif,4
Tue Jun 02 14:14:18 +0000 2026,aku kemarin memang salah pass akhirnya aku ganti pass nya hari ini setelah ganti masih salah terus tuh kenapa ya bikin kesel banget,oifshi,2026-06-02 14:14:18+00:00,2026-06,aku kemarin memang salah pass akhirnya aku ganti pass hari setelah ganti masih salah terus kenapa membuat kesel banget,Negatif,5
Tue Jun 02 05:51:05 +0000 2026,mba maaf banget nih bukannya mau lancang tapi izin maaf banget mau ngambil barang yang wkt itu mba pinjem tp kalo masih di pake gpp kok beneran kalo engga nanti aku sewa deh sebentar aja mba bales mba pliss begitu kah gw juga kesel sih bikin kta kta nya,orca_naninka,2026-06-02 05:51:05+00:00,2026-06,mba maaf banget nih bukannya mau lancang tapi izin maaf banget mau ngambil barang wkt mba pinjem tapi kalau masih pakai gpp beneran kalau engga nanti aku sewa sebentar saja mba bales mba pliss begitu kah saya juga kesel membuat kta kta,Negatif,2
Sat Sep 20 07:47:24 +0000 2025,kenapa sih skck mesti aktif bpjs dulu nyusahin aja,beaudize,2025-09-20 07:47:24+00:00,2025-09,kenapa skck mesti aktif dulu nyusahin saja,Negatif,2
Wed May 20 14:53:20 +0000 2026,sampe skrg masih nyebelin bgt jir sm yg kerja di bpjs jujur sakit hati bgt,allpacone,2026-05-20 14:53:20+00:00,2026-05,sampe sekarang masih nyebelin banget jir sama kerja jujur sakit hati banget,Negatif,4
Tue Feb 10 04:41:27 +0000 2026,ngaco banget semalam gua ngumpul sama temen gua bahas soal keluarga bpjs gibahin tetangga sampai bahas pemerintah jijik banget gua bahas kayak gituan,leahkim1126,2026-02-10 04:41:27+00:00,2026-02,ngaco banget semalam saya ngumpul sama temen saya bahas soal keluarga gibahin tetangga sampai bahas pemerintah jijik banget saya bahas kayak gituan,Negatif,2
Tue Sep 09 03:15:56 +0000 2025,tapi sblm kantorku ditetapkan wajib bpjs 4 owner ku masuk apbd dki pdhl ga prrnah diurus keknya emang bpjs nya ngaco,YeoLeea_,2025-09-09 03:15:56+00:00,2025-09,tapi sblm kantorku ditetapkan wajib owner ku masuk apbd dki padahal tidak prrnah diurus keknya emang ngaco,Negatif,2
Mon Feb 02 04:41:11 +0000 2026,bukan nakes tapi sebulan terakhir sering ke rs dan kontekan sama nakes jujur tweet ini ngaco bgt sih instead of nyalahin nakesnya mending nyalahin pemerintah yg bikin birokrasi esp bpjs ribet mampus yang akhirnya juga bikin nakes gabisa perform maksimal,dongsesar,2026-02-02 04:41:11+00:00,2026-02,bukan nakes tapi sebulan terakhir sering rumah sakit kontekan sama nakes jujur tweet ngaco banget instead of nyalahin nakesnya mending nyalahin pemerintah membuat birokrasi esp ribet mampus akhirnya juga membuat nakes gabisa perform maksimal,Negatif,4
Sat Nov 01 09:05:06 +0000 2025,jadi keinget salah satu rsud yg dokternya operasi pasien dan pasiennya pake bpjs kelas 3 operasinya ngawur lukanya gak ditutupi dan selesai operasi pasiennya disuruh plg abis tu pasiennya meninggal miris bgt,xsabkura,2025-11-01 09:05:06+00:00,2025-11,jadi keinget salah satu rsud dokternya operasi pasien pasiennya pakai kelas operasinya ngawur lukanya tidak ditutupi selesai operasi pasiennya disuruh plg abis tu pasiennya meninggal miris banget,Negatif,5
Fri Jun 05 23:13:15 +0000 2026,konten yang bikin miris pembuat konten secara langsung telah mendidik seorang anak menjadi berperilaku bar bar tanpa aturan mau kamu jadikan apa anak itu pak buk,NgkongRoses,2026-06-05 23:13:15+00:00,2026-06,konten membuat miris pembuat konten secara langsung telah mendidik seorang anak menjadi berperilaku bar bar tanpa aturan mau kamu jadikan apa anak pak buk,Negatif,4
Fri Jun 05 23:24:41 +0000 2026,sesuai prediksi ntik yg ngambek bhaps lucu hgtgsysb,jjuwmiest,2026-06-05 23:24:41+00:00,2026-06,sesuai prediksi ntik ngambek bhaps lucu hgtgsysb,Negatif,4
Fri Jun 05 23:42:09 +0000 2026,arthas arthas menghina psk sebagai pekerja tapi lu masih menikmati bokep dan konten nsfw emang selaras banget sikap lu thas,roseisabtch,2026-06-05 23:42:09+00:00,2026-06,arthas arthas menghina psk sebagai pekerja tapi kamu masih menikmati bokep konten nsfw emang selaras banget sikap kamu thas,Negatif,7
Sat May 03 01:11:19 +0000 2025,kalo korban kecelakaan tes radiologi gabisa dicover bpjs kah,janganditelen,2025-05-03 01:11:19+00:00,2025-05,kalau korban kecelakaan tes radiologi gabisa dicover kah,Negatif,4
Sat Aug 23 11:45:26 +0000 2025,yaallah kak bener2 semua salah sistem dari pemerintah dokternya pun mau nolong juga gabisa karna kehalang sistem bpjs yg ampas di ruangan papaku dulu ada keluarga yg ngamuk2 ke dokternya nyalahin dokternya kasian jg padahal bukan salah si dokter tapi salah sistemnya,verycutesygirl,2025-08-23 11:45:26+00:00,2025-08,yaallah bener semua salah sistem pemerintah dokternya pun mau nolong juga gabisa karna kehalang sistem ampas ruangan papaku dulu ada keluarga ngamuk dokternya nyalahin dokternya kasian juga padahal bukan salah si dokter tapi salah sistemnya,Negatif,5
Fri Apr 25 12:21:11 +0000 2025,anjing bgtlah gue ngeliat bokap bawannya kesel mulu melihat doi idup tennag di rumah gue puter balik otak buat bayar listrik bpjs se keluarga makanan kaga ada di rumah oh shit zonk dad,petrichordz,2025-04-25 12:21:11+00:00,2025-04,anjing bgtlah saya ngeliat bokap bawannya kesel mulu melihat doi idup tennag rumah saya puter balik otak buat bayar listrik se keluarga makanan kaga ada rumah oh shit zonk dad,Negatif,5
Wed Mar 11 11:57:56 +0000 2026,petigaka paruh waktu nasibmu kini lebaran ga pegang gaji thr zonk bpjs d putus,wahyu8483,2026-03-11 11:57:56+00:00,2026-03,petigaka paruh waktu nasibmu kini lebaran tidak pegang gaji thr zonk d putus,Negatif,5
Fri May 08 03:25:39 +0000 2026,ku kasih intinya aja bpjs lebih ketat pd diagnosis2 ini klo jadi diagnosis sekunder daripada diagnosis utama kenapa balik lg ke ga mau bayar lebih severity level,fsapradana,2026-05-08 03:25:39+00:00,2026-05,ku kasih intinya saja lebih ketat pd diagnosis kalau jadi diagnosis sekunder daripada diagnosis utama kenapa balik lagi tidak mau bayar lebih severity level,Negatif,3
Thu Apr 16 15:47:21 +0000 2026,ini mungkin sebabnya kenapa peraturan menteri kesehatan dari 2014 sampai 2023 memutuskan bayaran bpjs kesehatan ke klinik cuma sekitar 10 ribu bulan kapitasi serta 2023 sampai sekarang cuma sekitar 12 ribu bulan kapitasi ga digaji aja mau makanya ga protes kalau dibayar rendah,drnewstwit,2026-04-16 15:47:21+00:00,2026-04,mungkin sebabnya kenapa peraturan menteri sampai memutuskan bayaran klinik cuma sekitar ribu bulan kapitasi serta sampai sekarang cuma sekitar ribu bulan kapitasi tidak digaji saja mau makanya tidak protes kalau dibayar rendah,Negatif,5
Tue May 26 06:08:17 +0000 2026,1 trus fungsinya igd apa 2 muntah ga selalu gawat kalo pun gawat kenapa ke poli kenapa ga kejar ke igd 3 bpjs harus ikuti prosedur dan itu bukan keputusannya nakes,AldhitamaR,2026-05-26 06:08:17+00:00,2026-05,trus fungsinya igd apa muntah tidak selalu gawat kalau pun gawat kenapa poli kenapa tidak kejar igd harus ikuti prosedur bukan keputusannya nakes,Negatif,5
Mon Feb 09 02:08:09 +0000 2026,orang kalau hidupnya aman enteng komen bpjs non aktif ya aktifin sakit parah ya ke rs laper cape stres ya makan istirahat liburan babi nya itu mereka ga mikir kenapa apa sebab masyarakat tak bisa mudah lakukan hal itu akrab dg rakyat bawah pasti pengen bilang a,Marimar_Aauw,2026-02-09 02:08:09+00:00,2026-02,orang kalau hidupnya aman enteng komen non aktif aktifin sakit parah rumah sakit laper cape stres makan istirahat liburan babi mereka tidak mikir kenapa apa sebab masyarakat tak bisa mudah lakukan hal akrab dg rakyat bawah pasti pengen bilang a,Negatif,5
Mon Feb 16 06:27:16 +0000 2026,kenapa ya kalo berobat pake bpjs tuh kayaaak kureng aja dokternya,nidafzyhm,2026-02-16 06:27:16+00:00,2026-02,kenapa kalau berobat pakai kayak kureng saja dokternya,Negatif,7
Wed Nov 19 23:30:17 +0000 2025,yaallah ga mau pulang pagi yaallah kenapa bpjs ribet banget ya anjir mau ciuman,pomngranate,2025-11-19 23:30:17+00:00,2025-11,yaallah tidak mau pulang pagi yaallah kenapa ribet banget anjir mau ciuman,Negatif,4
Sat Sep 06 18:13:33 +0000 2025,percaya kenapa sih sama omongan dokter kita tuh gapeduli lu bpjs apa umum kita periksa yaudah periksan aja kita jg takut kalo mulangin pasien kalo indikasi ranap kalo lo kita suruh pulang ya artinya bagus bukan karena lo bpjs ahelah kata google ini sakit ini mnyt,apralzolam,2025-09-06 18:13:33+00:00,2025-09,percaya kenapa sama omongan dokter kita gapeduli kamu apa umum kita periksa yaudah periksan saja kita juga takut kalau mulangin pasien kalau indikasi ranap kalau kamu kita suruh pulang artinya bagus bukan karena kamu ahelah kata google sakit mnyt,Negatif,1
Sun Jun 22 12:10:15 +0000 2025,kenapa sih bpjs makin ke sini makin aneh dari awal kakek sender anggota bpjs terus pas 2 bln lalu tiba tiba setiap bayar bpjs status nya lunas pas di liat di apk ternyata malah otomatis pindah ke kis jaminan pbi sekarang malah status nya udah ga di tanggung,tanyakanrl,2025-06-22 12:10:15+00:00,2025-06,kenapa makin sini makin aneh awal kakek sender anggota terus pas bln lalu tiba tiba setiap bayar status lunas pas liat apk ternyata malah otomatis pindah kis jaminan pbi sekarang malah status sudah tidak tanggung,Negatif,1
Mon Jun 09 04:06:14 +0000 2025,tiada hari tanpa misuhin bpjs kenapa sih pasien2 ini cuma bisa kontrol seminggu 1 kalo emang perlu observasi ketat trus situ gak mau bayar bete,flvxxetine,2025-06-09 04:06:14+00:00,2025-06,tiada hari tanpa misuhin kenapa pasien cuma bisa kontrol seminggu kalau emang perlu observasi ketat trus situ tidak mau bayar bete,Negatif,5
Thu Jun 26 14:35:42 +0000 2025,kucing kenapa ga ada bpjs nya yah flutd nya leo kenapa sih kambuh terus yah allah mana mahal bgt biayanya,elsndpd,2025-06-26 14:35:42+00:00,2025-06,kucing kenapa tidak ada yah flutd leo kenapa kambuh terus yah allah mana mahal banget biayanya,Negatif,5
Mon Dec 22 16:39:18 +0000 2025,woy ini gimanaa p2k3 nya terus bpjs kenapa ga di daftarin gila banget ini sih,kira_segara,2025-12-22 16:39:18+00:00,2025-12,woy gimanaa pk terus kenapa tidak daftarin gila banget,Negatif,7
Fri Jun 13 08:30:10 +0000 2025,kenapa sih emak2 kolot kdg mendewakan lahiran normal dibanding sc kaya ngomongnya mendingan normal deh kalo bisa mah normal jgn sc setdeh kl mslh biaya pdhl ada bpjs jg gue kepikiran aja kynya gue tuh gabisa lahiran normal nnt krn ada suatu hal eh malah digituin,tanyarlfes,2025-06-13 08:30:10+00:00,2025-06,kenapa emak kolot kdg mendewakan lahiran normal dibanding sc kaya ngomongnya mendingan normal kalau bisa mah normal jangan sc setdeh kalau mslh biaya padahal ada juga saya kepikiran saja kynya saya gabisa lahiran normal nnt karena ada suatu hal eh malah digituin,Negatif,4
Wed Feb 12 04:28:50 +0000 2025,bosen banget liat akun ngeluh mulu nanya2 alasan bertahan hidup kenapa ga ke puskesmas sih konsul ke dokter jiwa pake bpjs nanya nanya mulu kayak nyari temen buat bunuh diri mau bunuh diri sendiri tapi takut ganggu banget,Dennaaja_,2025-02-12 04:28:50+00:00,2025-02,bosen banget liat akun ngeluh mulu nanya alasan bertahan hidup kenapa tidak puskesmas konsul dokter jiwa pakai nanya nanya mulu kayak nyari temen buat bunuh diri mau bunuh diri sendiri tapi takut ganggu banget,Negatif,5
Sat Jun 21 12:01:22 +0000 2025,work ges bpjs ketenagakerjaan itu emg lama kah jadinya kok gw udh hampir sebulan kerja belom jadi jadi juga ya belom ada kabar dari bagian legal ataupun financenya,worksfess,2025-06-21 12:01:22+00:00,2025-06,work ges ketenagakerjaan emg lama kah jadinya saya sudah hampir sebulan kerja belom jadi jadi juga belom ada kabar bagian legal ataupun financenya,Negatif,4
Mon Jun 23 00:10:11 +0000 2025,mau tanya2 untuk bpjs kesehatan kak wrk aku pu dan iuran mandiri krn gaada benefit kantor habis menikah udh punya kk sendiri mau tambah peserta istri tapi bagian no kk kok masih ikut kk lama dan gabisa diubah ya cara updatenya bagaimana,worksfess,2025-06-23 00:10:11+00:00,2025-06,mau tanya untuk wrk aku pu iuran mandiri karena gaada benefit kantor habis menikah sudah punya kk sendiri mau tambah peserta istri tapi bagian no kk masih ikut kk lama gabisa diubah cara updatenya bagaimana,Negatif,4
Sat Mar 28 03:58:33 +0000 2026,bpjs tu sebenernya ga seburuk itu kok kalo kitanya nurut ngga telat bayar dll tapi ya emang prosedurnya lebih lama aja karena banyak yang antri dulu tu sepupuku pernah operasi mata sampe beberapa kali aku gainget detail sakitnya apa seingetku dia tu kek korneanya diambil,hadesbbyyy,2026-03-28 03:58:33+00:00,2026-03,tu sebenernya tidak seburuk kalau kitanya nurut ngga telat bayar dll tapi emang prosedurnya lebih lama saja karena banyak antri dulu tu sepupuku pernah operasi mata sampe beberapa kali aku gainget detail sakitnya apa seingetku dia tu seperti korneanya diambil,Negatif,5
Sat Apr 25 10:32:31 +0000 2026,emang kenapa kalo raffi ahmad yg ga pernah pake bpjs jadi duta bpjs salahnya dimana lah wong karyawan bpjs juga ga pake bpjs kok tapi pake asuransi swasta,itsquaileggs,2026-04-25 10:32:31+00:00,2026-04,emang kenapa kalau raffi ahmad tidak pernah pakai jadi duta salahnya dimana lah wong karyawan juga tidak pakai tapi pakai asuransi swasta,Negatif,3
Thu Apr 16 01:38:15 +0000 2026,negara mampu tapi ga mau memberikan anggaran untuk bpjs semua warga dikurangi ppu sebesar 113t th sementara untuk anggaran yg bermuara di septitank rentan korupsi sebesar 335t th mauu kenapa konon ktnya drpd duit dicuri koruptor lbh baik dibagi ke rakyat mending dlm bentuk jaminan kesehatan pak dlm bentuk makan nohh tetap dicuri motor trill kaos kaki sendok garpu bapak presiden tau ga,Jelli_cent,2026-04-16 01:38:15+00:00,2026-04,negara mampu tapi tidak mau memberikan anggaran untuk semua warga dikurangi ppu sebesar t tahun sementara untuk anggaran bermuara septitank rentan korupsi sebesar t tahun mauu kenapa konon ktnya drpd duit dicuri koruptor lbh baik dibagi rakyat mending dlm bentuk jaminan pak dlm bentuk makan nohh tetap dicuri motor trill kaos kaki sendok garpu bapak presiden tahu tidak,Negatif,2
Fri Feb 20 13:57:25 +0000 2026,kasihan itu loh yg antri bpjs bayar tapi sampai di rumah sakit kuota nya terbatas di suruh beli obat di luar,marvelle_danny,2026-02-20 13:57:25+00:00,2026-02,kasihan loh antri bayar tapi sampai rumah sakit kuota terbatas suruh beli obat luar,Negatif,5
Fri Apr 24 14:35:20 +0000 2026,coba suruh dia sesekali antri pakai bpjs,marvelle_danny,2026-04-24 14:35:20+00:00,2026-04,coba suruh dia sesekali antri pakai,Negatif,5
Thu Apr 02 08:45:37 +0000 2026,udah kayak antrian bpjs kalian masih pada mau,aipsnbrp,2026-04-02 08:45:37+00:00,2026-04,sudah kayak antrian kalian masih pada mau,Negatif,1
Tue May 26 14:41:30 +0000 2026,nungguin orang farm sama kayak nunggu antrian poli bpjs coyyy,precioussmillee,2026-05-26 14:41:30+00:00,2026-05,nungguin orang farm sama kayak nunggu antrian poli coy,Negatif,6
Tue Jan 20 14:54:19 +0000 2026,tiba2 jam segini booking antrian faskes bpjs utk besok pagi apasih aku nih stres apa bjir,rys_ryry,2026-01-20 14:54:19+00:00,2026-01,tiba jam segini booking antrian faskes untuk besok pagi apasih aku nih stres apa bjir,Negatif,4
Thu Feb 05 13:12:48 +0000 2026,man menurut gue evil banget sih tiba2 bpjs pbi dinonaktifkan kebayang ga orang yang harus nebus obat untuk hidup udah jauh2 terus tertolak anak anak yang perlu diterapi orangtua yang sudah nunggu antrian pure evil,whenscarves,2026-02-05 13:12:48+00:00,2026-02,man menurut saya evil banget tiba pbi dinonaktifkan kebayang tidak orang harus nebus obat untuk hidup sudah jauh terus tertolak anak anak perlu diterapi orangtua sudah nunggu antrian pure evil,Negatif,6
Tue May 26 16:40:08 +0000 2026,undip mau tanya kalau kita berobat ke spesialis di rs pake biaya mandiri itu nanti antrian apotek nya apakah bakal dipisah atau digabung sm bpjs kl digabung kan lama bgt yak,UNDIP_FESS,2026-05-26 16:40:08+00:00,2026-05,undip mau tanya kalau kita berobat spesialis rumah sakit pakai biaya mandiri nanti antrian apotek apakah bakal dipisah atau digabung sama kalau digabung lama banget yak,Negatif,5
Mon Feb 09 04:39:47 +0000 2026,sabar ya antrian folbek lagi panjang kayak antrian bpjs absen dulu sini angkatan tahun berapa,Satori_btc,2026-02-09 04:39:47+00:00,2026-02,sabar antrian folbek lagi panjang kayak antrian absen dulu sini angkatan tahun berapa,Negatif,1
Sat May 02 10:58:25 +0000 2026,bingung aja suami minta aku ikut bekasi sedangkan posisi aku mau preksain bapak preksa katarak soalnya serba online nunggu bpjs aja semingguan lagi baru aktif,dipsiilalapo,2026-05-02 10:58:25+00:00,2026-05,bingung saja suami minta aku ikut bekasi sedangkan posisi aku mau preksain bapak preksa katarak soalnya serba online nunggu saja semingguan lagi baru aktif,Negatif,2
Sat May 23 10:03:12 +0000 2026,dan bapakku masih ogah ngurus mandiri setelah bpjs pbi dinonaktifkan mau nunggu arahan dari temennya yg orang kelurahan biar bpjsnya gratis lagi aneh emg mental bansos capek,lintrover,2026-05-23 10:03:12+00:00,2026-05,bapakku masih ogah ngurus mandiri setelah pbi dinonaktifkan mau nunggu arahan temennya orang kelurahan biar bpjsnya gratis lagi aneh emg mental bansos capek,Negatif,5
Fri May 29 10:25:19 +0000 2026,iyaaa ka huhu pdhl emg tinggal 3 lg aku lg nunggu bpjs ku cair buat langsung lunasin huhu,notyrgf,2026-05-29 10:25:19+00:00,2026-05,iya ka huhu padahal emg tinggal lagi aku lagi nunggu ku cair buat langsung lunasin huhu,Negatif,5
Wed Apr 09 04:38:25 +0000 2025,kalau lewat bpjs antri nya lama tah kak soale dari puskesmas suruh rujuk ke gambiran,mynameissijeuni,2025-04-09 04:38:25+00:00,2025-04,kalau lewat antri lama tah soale puskesmas suruh rujuk gambiran,Negatif,5
Thu Jun 04 11:40:44 +0000 2026,rabu kemarin saya cancel antrian krn mmg blm sempat cek lab tdk bs kontrol tanpa hasil lab lalu mau ambil antrian ulang tp malah muncul spt ini mksdnya apa,sashasabysane,2026-06-04 11:40:44+00:00,2026-06,rabu kemarin saya cancel antrian karena mmg belum sempat cek lab tidak bisa kontrol tanpa hasil lab lalu mau ambil antrian ulang tapi malah muncul spt mksdnya apa,Negatif,5
Thu Jun 04 05:56:17 +0000 2026,dri antrian 2k giliran masuk darr kampret pdhl buka cmn di 1 hp gue disangka bot jir akhirnya nyalain private relay matiin lagi baru deh bisa,parkRchaeyoung,2026-06-04 05:56:17+00:00,2026-06,dri antrian k giliran masuk darr kampret padahal buka cmn hp saya disangka bot jir akhirnya nyalain private relay matiin lagi baru bisa,Negatif,6
Wed Sep 10 14:51:17 +0000 2025,sejak ada bpjs mana ada poli2 di rs yang kosong pak dari subuh ambil antrian kelar2 ashar itu mah biasa kl jalur bpjs wong batuk aja ke rs,BlueJeans_Hitam,2025-09-10 14:51:17+00:00,2025-09,sejak ada mana ada poli rumah sakit kosong pak subuh ambil antrian kelar ashar mah biasa kalau jalur wong batuk saja rumah sakit,Negatif,5
Tue Oct 28 03:54:20 +0000 2025,ga tahan mau nyinyirin orang yg kerjaannya makan makan mulu tapi ga ada usaha nurunin bb terus pas kesulitan dapet antrian rs karna pake bpjs jadi si paling menderita sedunia aaargh sebel banget liat orang ga punya sense of priority,cacingkremik,2025-10-28 03:54:20+00:00,2025-10,tidak tahan mau nyinyirin orang kerjaannya makan makan mulu tapi tidak ada usaha nurunin bb terus pas kesulitan dapet antrian rumah sakit karna pakai jadi si paling menderita sedunia argh sebel banget liat orang tidak punya sense of priority,Negatif,4
Wed Jun 03 10:03:24 +0000 2026,1 3 jt antrian itu antrian ato harga tiket,BoraNora613,2026-06-03 10:03:24+00:00,2026-06,juta antrian antrian ato harga tiket,Negatif,7
Tue Jun 24 02:24:32 +0000 2025,barusan ngurus adm kontrol bulanan ke poli saraf kedetek berobat ke 4 poli di rs yg sama aturan baru dr bpjs jarak berobat antar poli 9 hari td malam ambil antrian poli urologi di mobilejkn buat kamis berhasil pdhl selasa amp rabu ada jadwal ini gmn ceritanya,__eisquosamo__,2025-06-24 02:24:32+00:00,2025-06,barusan ngurus adm kontrol bulanan poli saraf kedetek berobat poli rumah sakit sama aturan baru jarak berobat antar poli hari td malam ambil antrian poli urologi mobilejkn buat kamis berhasil padahal selasa  rabu ada jadwal bagaimana ceritanya,Negatif,6
Thu Feb 26 23:04:39 +0000 2026,sering gk peduli bapak2 atau ibu ntah itu nyelak antrian atau bikin rese terakhir ada bapak2 udh nyerobot antrian dia maki2 suster rs karena menurut dia aturanny bikin repot lah aturan bpjs kok maki2 ke suster karena susterny terlalu baik gue aja yg jelasin dan negur biar diem,randomenthu,2026-02-26 23:04:39+00:00,2026-02,sering tidak peduli bapak atau ibu ntah nyelak antrian atau membuat rese terakhir ada bapak sudah nyerobot antrian dia maki suster rumah sakit karena menurut dia aturanny membuat repot lah aturan maki suster karena susterny terlalu baik saya saja jelasin negur biar diem,Negatif,5
Sun Sep 07 12:05:11 +0000 2025,lo semua kalo pernah sakit dan pake bpjs trus liat antrian rs isinya lansia atau anak muda yang sakit keras dijamin nyeri hati lu,zzinuoh,2025-09-07 12:05:11+00:00,2025-09,kamu semua kalau pernah sakit pakai trus liat antrian rumah sakit isinya lansia atau anak muda sakit keras dijamin nyeri hati kamu,Negatif,5
Mon Jun 01 12:31:15 +0000 2026,maaf kagok alumni antrian 130an ribu buat bts busan 90an ribu di caratland,woopymayo24,2026-06-01 12:31:15+00:00,2026-06,maaf kagok alumni antrian an ribu buat bts busan an ribu caratland,Negatif,6
Thu Mar 19 00:34:37 +0000 2026,pernah juga begini sama di cirebon juga bedanya di rs sumber kasih tahun 2023 terdiagnosa dbd tipes dan harus dirawat nakesnya bilang untuk pake bpjs aja pdhl ak nggak punya bpjs tp disuruh bikin dulu katanya lumayan kl pake bpjs,spotiwayy,2026-03-19 00:34:37+00:00,2026-03,pernah juga begini sama cirebon juga bedanya rumah sakit sumber kasih tahun terdiagnosa dbd tipes harus dirawat nakesnya bilang untuk pakai saja padahal ak tidak punya tapi disuruh membuat dulu katanya lumayan kalau pakai,Negatif,1
Wed Mar 18 15:00:28 +0000 2026,anak pakai bpjs kelas 3 muntah2 4 jam an bawa ke igd minta ranap aja diiyain sama dokternya urus administrasi sebentar dirawat,fa_fave,2026-03-18 15:00:28+00:00,2026-03,anak pakai kelas muntah jam an bawa igd minta ranap saja diiyain sama dokternya urus administrasi sebentar dirawat,Negatif,5
Tue Mar 24 13:16:16 +0000 2026,stop mbg alihkan apbn utk gratis bpjs kesehatan n infra sekolah daerah 3t,Bim2Sak,2026-03-24 13:16:16+00:00,2026-03,stop alihkan apbn untuk gratis n infra sekolah daerah t,Negatif,2
Thu Feb 12 06:02:51 +0000 2026,rekomendasi rs yg pelayanan nya oke untuk bpjs kelas 1 di tegal lur soalnya kemarin tmnku bpjs kls 1 pelayanan nya kaya di kelas 3 udh mah ruangannya jelek staff dan nakes nya judes lg thank u tf,tegalfess,2026-02-12 06:02:51+00:00,2026-02,rekomendasi rumah sakit pelayanan oke untuk kelas tegal lur soalnya kemarin tmnku kls pelayanan kaya kelas sudah mah ruangannya jelek staff nakes judes lagi thank u tf,Negatif,4
Mon Feb 16 12:12:28 +0000 2026,baca pake nada ramah kenapa suster rsud pelayanan bpjs galak galak sering ketemu galaknya sampe ke hal simpel kmrn denger cerita sepupu perkara ambil selembar tissue habis cuci tangan krn mau visit icu padahal kan kalo mereka ke rs jg akan in the same administration line,damangry2,2026-02-16 12:12:28+00:00,2026-02,baca pakai nada ramah kenapa suster rsud pelayanan galak galak sering ketemu galaknya sampe hal simpel kmrn denger cerita sepupu perkara ambil selembar tissue habis cuci tangan karena mau visit icu padahal kalau mereka rumah sakit juga akan in the same administration line,Negatif,5
Thu Mar 19 10:17:37 +0000 2026,bpjs tiba tiba dinonaktifkan disaat gue lagi berobat jalan di rs ngurusin gigi sekali psa abis 1jt lebih mana psa selama 8x ini gigi yg kedua kali gimana gue ga stressss seseorang ga ada yg bisa menolong gue dari hidup yg berat ini,fitriapiscesss,2026-03-19 10:17:37+00:00,2026-03,tiba tiba dinonaktifkan disaat saya lagi berobat jalan rumah sakit ngurusin gigi sekali psa abis juta lebih mana psa selama x gigi kedua kali gimana saya tidak stres seseorang tidak ada bisa menolong saya hidup berat,Negatif,1
Tue Mar 24 13:06:20 +0000 2026,tapi emang nih aplikasi menghambat pelayanan bgtt sihh bayangkan u harus mendaftarkan pasien one by one lewat aplikasi ini dari awal pendaftaran terus melewati proses verifikasi yg ruwet demi memenuhi target dari bpjs,xixixixuxiee,2026-03-24 13:06:20+00:00,2026-03,tapi emang nih aplikasi menghambat pelayanan bgtt sihh bayangkan u harus mendaftarkan pasien one by one lewat aplikasi awal pendaftaran terus melewati proses verifikasi ruwet demi memenuhi target,Negatif,4
Sun Mar 22 00:38:00 +0000 2026,mjb scaling yg dicover bpjs di puskesmas itu hanya scaling pada gusi yg infeksi akibat karang gigi jadi kalo karang giginya belom sampe bikin infeksi dan cuma mau dibersihin doang itu gabisa dicover,cutieeboo29,2026-03-22 00:38:00+00:00,2026-03,mjb scaling dicover puskesmas hanya scaling pada gusi infeksi akibat karang gigi jadi kalau karang giginya belom sampe membuat infeksi cuma mau dibersihin doang gabisa dicover,Negatif,4
Wed Mar 25 09:56:38 +0000 2026,setelah mandi dan naik ke kamar ps memeluk dan menciumku lalu memaksaku menyentuh penisnya aku menurut karena takut dan merasa tidak punya daya menolak apalagi aku masih memiliki utang usaha padanya dia terus menerus menyuruh aku memilih antara kelaminnya atau psikiaterku,tmptmengeluhku,2026-03-25 09:56:38+00:00,2026-03,setelah mandi naik kamar ps memeluk menciumku lalu memaksaku menyentuh penisnya aku menurut karena takut merasa tidak punya daya menolak apalagi aku masih memiliki utang usaha padanya dia terus menerus menyuruh aku memilih antara kelaminnya atau psikiaterku,Negatif,3
Sun Mar 22 04:06:27 +0000 2026,drg yang bpjs ngerjainnya kaya kompeni kalau yang swasta kaya kasir starbucks pelayanan ramah tapi udah pilih paket yang ekonomis pas tindakan ditawarin ini itu sampai tagihan 2x dari harga awal,wigunafirman7,2026-03-22 04:06:27+00:00,2026-03,drg ngerjainnya kaya kompeni kalau swasta kaya kasir starbucks pelayanan ramah tapi sudah pilih paket ekonomis pas tindakan ditawarin sampai tagihan x harga awal,Negatif,1
Fri Jan 23 08:28:34 +0000 2026,kl dokter rumah sakit klinik yg bayar mah gabakal nyinyir apapun penyakitnya kecuali bpjs wkwk pengalaman soalnya berobat puskes bpjs dinyinyirin mulu jadi trauma,budidaia,2026-01-23 08:28:34+00:00,2026-01,kalau dokter rumah sakit klinik bayar mah gabakal nyinyir apapun penyakitnya kecuali tertawa pengalaman soalnya berobat puskes dinyinyirin mulu jadi trauma,Negatif,1
Wed Mar 25 10:16:01 +0000 2026,bahkan ps ke bali untuk diruwat dan dipotong rambutnya oleh mama angkatnya yang adalah mantan eselon 1 kementerian ri sebagai ritual buang sialentah sial apa yang dimaksud,tmptmengeluhku,2026-03-25 10:16:01+00:00,2026-03,bahkan ps bali untuk diruwat dipotong rambutnya oleh mama angkatnya adalah mantan eselon kementerian ri sebagai ritual buang sialentah sial apa dimaksud,Negatif,7
Tue Mar 17 17:52:14 +0000 2026,gt ke psikolog mau curhat gt dicurhati balik ttg pasien sebelumnya gt si pasien minta rujuk ke poli jiwa rsud hari itu juga pakai bpjs gt pasien datang jam 10 30 gt loket rsud udah tutup apa lagi bulan puasa gt psikolog kasih tahu alur birokrasi bpjs gt psikolog bad mood gt sbr y kak,Nim2h,2026-03-17 17:52:14+00:00,2026-03,begitu psikolog mau curhat begitu dicurhati balik ttg pasien sebelumnya begitu si pasien minta rujuk poli jiwa rsud hari juga pakai begitu pasien datang jam begitu loket rsud sudah tutup apa lagi bulan puasa begitu psikolog kasih tahu alur birokrasi begitu psikolog bad mood begitu sbr y,Negatif,5
Thu Mar 19 02:44:23 +0000 2026,bisa dong kan wni wajib punya bpjs dokter konsultan biasanya menangani kasus yang sulit dan spesifik makanya biasanya nerima rujukan kalo di tweet ini dia berobatnya langsung ke konsultan pk biaya pribadi ya jelas jadinya lebih mahal karena lebih expert,sapijerman_,2026-03-19 02:44:23+00:00,2026-03,bisa wni wajib punya dokter konsultan biasanya menangani kasus sulit spesifik makanya biasanya nerima rujukan kalau tweet dia berobatnya langsung konsultan pk biaya pribadi jelas jadinya lebih mahal karena lebih expert,Negatif,4
Sun Mar 22 16:23:54 +0000 2026,kalau di aku pas mandiri masuknya ke bpjs aku liat di riwayat app kalau pakai pendamping gk masuk bpjs gk tau knp bisa gt heh,Tryannosauruss,2026-03-22 16:23:54+00:00,2026-03,kalau aku pas mandiri masuknya aku liat riwayat app kalau pakai pendamping tidak masuk tidak tahu kenapa bisa begitu heh,Negatif,3
Mon Feb 23 16:14:56 +0000 2026,aku sama istri pakai bpjs mandiri kelas 2 aku sama istri tinggal di kota x jateng dah pajak kendaraan naik sekarang bpjs mau di naikin lagi gini amat jadi wni lur,jogja_base,2026-02-23 16:14:56+00:00,2026-02,aku sama istri pakai mandiri kelas aku sama istri tinggal kota x jateng sudah pajak kendaraan naik sekarang mau naikin lagi gini amat jadi wni lur,Negatif,2
Wed Mar 25 09:59:14 +0000 2026,terjemah minang buliah se lah samentang mentang followers kau banyak galak mambana kau sangko bisa maagiah pandapek mode urang nan paliang bana den ndak sudi do kamari ang maju lah kehed kapalo kau den tundo beko,payvhkratana,2026-03-25 09:59:14+00:00,2026-03,terjemah minang buliah se lah samentang mentang followers kau banyak galak mambana kau sangko bisa maagiah pandapek mode urang nan paliang bana den ndak sudi do kamari ang maju lah kehed kapalo kau den tundo beko,Negatif,2
Fri Mar 20 14:54:40 +0000 2026,klo pakai bpjs jadi agak sensi sbnrnya gak krn fee nya tapi karena bpjs nih klaimnya susah aturannya bejibun tapi cuman disosialisasikan ke nakes gak ke pasien gt nakes rentan kelahi ama pasien krn ketika pasien minta ssuatu nakesnya nimbang ribuan kali lipat dulu bisa gak,sefixime10969,2026-03-20 14:54:40+00:00,2026-03,kalau pakai jadi agak sensi sbnrnya tidak karena fee tapi karena nih klaimnya susah aturannya bejibun tapi cuman disosialisasikan nakes tidak pasien begitu nakes rentan kelahi ama pasien karena ketika pasien minta ssuatu nakesnya nimbang ribuan kali lipat dulu bisa tidak,Negatif,2
Fri Oct 10 12:40:07 +0000 2025,di tengah kontroversi nya dan segala drama nya adakah kalian yang tetap menggunakan bpjs macam sender,baseconvo,2025-10-10 12:40:07+00:00,2025-10,tengah kontroversi segala drama adakah kalian tetap menggunakan macam sender,Negatif,1
Thu Mar 19 12:22:45 +0000 2026,bang urusan rs korupsi dana bpjs mah lu jgn salahin nakesnya anjir wkwkwk administrasi rs tuh yg megang aja mostly bukan nakes salah sasaran lu sumpah nakesnya mo korupsi jg gimana biaya jasa dokter per pasien bpjs aja lebih kecil dari lu bayar kang parkir wkwkwkwk ngakak,sungjinnny,2026-03-19 12:22:45+00:00,2026-03,bang urusan rumah sakit korupsi dana mah kamu jangan salahin nakesnya anjir tertawa administrasi rumah sakit megang saja mostly bukan nakes salah sasaran kamu sumpah nakesnya mo korupsi juga gimana biaya jasa dokter per pasien saja lebih kecil kamu bayar kang parkir wkwkwkwk ngakak,Negatif,5
Mon Mar 16 00:44:16 +0000 2026,nih yang dah berobat ke sana sampai 3x katanya tidak perlu dilakukan tindakan pasang stent ringsuruh kontrol mulu dengan biaya pribadi sampai akhirnya serangan jantung acs stemi inferiorlangsung gue kerjain malam malamdan ketika di sini dia pakai bpjs kelas 3 berapa banyak yang kayak gini banyakgue dah sering lakukan tindakan pasang stent ring pada x pasien dari negara yang katanya murah dan tepat diagnosa sebenarnya berobat kemanapun itu hak pasiensilahkan berobat kemana sajamasih tahap awal berobat keluar tapi ketika dah kondisi buruk datang ke kami,JantunGPiisanG,2026-03-16 00:44:16+00:00,2026-03,nih sudah berobat sana sampai x katanya tidak perlu dilakukan tindakan pasang stent ringsuruh kontrol mulu dengan biaya pribadi sampai akhirnya serangan jantung acs stemi inferiorlangsung saya kerjain malam malamdan ketika sini dia pakai kelas berapa banyak kayak gini banyakgue sudah sering lakukan tindakan pasang stent ring pada x pasien negara katanya murah tepat diagnosa sebenarnya berobat kemanapun hak pasiensilahkan berobat kemana sajamasih tahap awal berobat keluar tapi ketika sudah kondisi buruk datang kami,Negatif,5
Sun Mar 22 12:03:47 +0000 2026,klo rugi itu sdh biasa klo untung sungguh luar biasa sekadar bertanya bumn apa yg untung tp pejabat karyawannya wow klo sakit aja rs nya yg terhebat amp nggak ada tuh bpjs,sigitviedh,2026-03-22 12:03:47+00:00,2026-03,kalau rugi sdh biasa kalau untung sungguh luar biasa sekadar bertanya bumn apa untung tapi pejabat karyawannya wow kalau sakit saja rumah sakit terhebat  tidak ada,Negatif,5
Wed Mar 25 10:27:04 +0000 2026,temenku ada yg kapok bb lagi karena se trauma itu disuntik penisilin tapi kalo titer atau stadiumnya masih rendah biasanya cukup sekali suntik aja beda kalo stadium atas bisa 2 3x suntik wkwk mimpi buruk,wickedlywildd,2026-03-25 10:27:04+00:00,2026-03,temenku ada kapok bb lagi karena se trauma disuntik penisilin tapi kalau titer atau stadiumnya masih rendah biasanya cukup sekali suntik saja beda kalau stadium atas bisa x suntik tertawa mimpi buruk,Negatif,1
Wed Mar 25 01:46:46 +0000 2026,bpjs bukan gagal tapi hati hati karena banyak yg merampok dengan klaim klaim palsu bang rs naka juga,ndeso_ganteng,2026-03-25 01:46:46+00:00,2026-03,bukan gagal tapi hati hati karena banyak merampok dengan klaim klaim palsu bang rumah sakit naka juga,Negatif,4
Tue Feb 17 04:30:03 +0000 2026,aku ada rencana mau bayar tunggakan bpjs mamah denger2 rumah sakit gak nerima pasien bpjs karena pihak bpjs nya gamau bayar rumah sakit iyakah,baseconvo,2026-02-17 04:30:03+00:00,2026-02,aku ada rencana mau bayar tunggakan mamah denger rumah sakit tidak nerima pasien karena pihak gamau bayar rumah sakit iyakah,Negatif,5
Wed Mar 25 09:50:17 +0000 2026,aku pun berobat ke psikiater pada keesokan harinya atas saran dokter jaga igd nama ps langsung dicatat sebagai sumber stres utama pada masa itu di catatan psikiaterku dan aku disarankan menjauhinya,tmptmengeluhku,2026-03-25 09:50:17+00:00,2026-03,aku pun berobat psikiater pada keesokan harinya atas saran dokter jaga igd nama ps langsung dicatat sebagai sumber stres utama pada masa catatan psikiaterku aku disarankan menjauhinya,Negatif,7
Fri Mar 20 05:31:35 +0000 2026,di kami puskesmas ga dapet tpp katanya biar adil soalnya yg dinkes cuma dapet tpp ga dapet jaspel tp kan beda kerjaan katena dianggepnya jaspel uda gede jaspelnya cuma sejutaan paling gede,AzaleaBeyond,2026-03-20 05:31:35+00:00,2026-03,kami puskesmas tidak dapet tpp katanya biar adil soalnya dinkes cuma dapet tpp tidak dapet jaspel tapi beda kerjaan katena dianggepnya jaspel uda gede jaspelnya cuma sejutaan paling gede,Negatif,4
Sun Mar 22 14:34:52 +0000 2026,mandiri mas klo mas pake bpjs seingat saya kerekam mas mending mandiri di puskesmas cuma admin 5k mas sabtu buka,andychairil99,2026-03-22 14:34:52+00:00,2026-03,mandiri mas kalau mas pakai seingat saya kerekam mas mending mandiri puskesmas cuma admin k mas sabtu buka,Negatif,6
Mon Mar 09 15:25:07 +0000 2026,sakit mama keukeh gak mau ke puskesmas aku bingung banget kalau ke igd juga belum tentu nerima bpjs ada syaratnya kan pliss no salty,baseconvo,2026-03-09 15:25:07+00:00,2026-03,sakit mama keukeh tidak mau puskesmas aku bingung banget kalau igd juga belum tentu nerima ada syaratnya pliss no salty,Negatif,7
Sun Mar 22 03:12:43 +0000 2026,pernah anjir ke klinik gigi karna sakit bgt non bpjs sakit cuma 1 gigi disuruh cabut 4 gigi total 10 juta sama kontrolnya ke puskesmas cuma ditambal aja 1 gigi kelar sakitnya ampe skrg sekalian ompongin biar kebeli mercedes lu anjg,ManisUdang56452,2026-03-22 03:12:43+00:00,2026-03,pernah anjir klinik gigi karna sakit banget non sakit cuma gigi disuruh cabut gigi total juta sama kontrolnya puskesmas cuma ditambal saja gigi kelar sakitnya ampe sekarang sekalian ompongin biar kebeli mercedes kamu anjg,Negatif,6
Wed Feb 11 14:20:59 +0000 2026,ini bukan cerita satu orang ini kejadian berulang di banyak daerah datang ke puskesmas bawa bpjs pbi dicek sistem status nonaktif tanpa surat tanpa sms tanpa penjelasan sebelumnya,taufikim_,2026-02-11 14:20:59+00:00,2026-02,bukan cerita satu orang kejadian berulang banyak daerah datang puskesmas bawa pbi dicek sistem status nonaktif tanpa surat tanpa sms tanpa penjelasan sebelumnya,Negatif,5
Wed Mar 25 09:58:24 +0000 2026,ps terus menekan dengan kalimat enak mana kontolku atau psikiater semua tanpa pernah menanyakan persetujuanku ps kemudian membuka bajuku menciumi tubuhku dan melakukan penetrasi saat aku belum siap aku sempat mengeluh sakit tapi ps tidak peduli,tmptmengeluhku,2026-03-25 09:58:24+00:00,2026-03,ps terus menekan dengan kalimat enak mana kontolku atau psikiater semua tanpa pernah menanyakan persetujuanku ps kemudian membuka bajuku menciumi tubuhku melakukan penetrasi saat aku belum siap aku sempat mengeluh sakit tapi ps tidak peduli,Negatif,6
Mon Mar 02 03:40:07 +0000 2026,work bpjs tk kalau semisal phk perusahaan sebelumnya dan belum dicairkan tapi sekarang sudah bekerja di pt lain dan dapet no bpjs tk yg baru apakah bpjs yg lama saldonya hangus dan tidak bisa dicairkan,worksfess,2026-03-02 03:40:07+00:00,2026-03,work tk kalau semisal phk perusahaan sebelumnya belum dicairkan tapi sekarang sudah bekerja pt lain dapet no tk baru apakah lama saldonya hangus tidak bisa dicairkan,Negatif,3
Wed Mar 25 09:56:37 +0000 2026,pov ditinggal di usia matang jadi atlet lari sering ngegym amp hobi treking,liakammelia,2026-03-25 09:56:37+00:00,2026-03,pov ditinggal usia matang jadi atlet lari sering ngegym  hobi treking,Negatif,6
Sat Feb 14 00:43:30 +0000 2026,se skeptis itu laki ku ama bpjs kesehatan banyak hal yg membuat doi sampe big no banget baru aja semalem saudara meninggal karna pake layanan bpjs kesehatan antara sudah takdir atau karna pelayanan yg lama banget boleh gasi ga bayar bpjs kesehatan ga pernah dipake soalny,WargaJuni,2026-02-14 00:43:30+00:00,2026-02,se skeptis laki ku ama banyak hal membuat doi sampe big no banget baru saja semalem saudara meninggal karna pakai layanan antara sudah takdir atau karna pelayanan lama banget boleh gasi tidak bayar tidak pernah dipake soalny,Negatif,7
Sun Mar 22 18:50:38 +0000 2026,salah satu cara mengatasi fatherless adalah menurunkan gengsi seperti mutiara di dasar laut selain harus memaafkan harus berdamai dengan diri sendiri dulu meskipun luka lama tidak ditanggung bpjs pengalaman pribadi,zabetells,2026-03-22 18:50:38+00:00,2026-03,salah satu cara mengatasi fatherless adalah menurunkan gengsi seperti mutiara dasar laut selain harus memaafkan harus berdamai dengan diri sendiri dulu meskipun luka lama tidak ditanggung pengalaman pribadi,Negatif,3
Mon Mar 23 18:30:35 +0000 2026,pling lama 2 bulan hbs tu hilang buang2 anggaran negara pdhl tinggal naikin gaji honorer guru dan naikin gaji naker bayar bpjs pendidikan gratis sampai kuliah pengelolaan petani biar harga stabil miskinkan koruptor selesai sedikit masalah indonesia walaupun msh bnyak prnya,panjid70,2026-03-23 18:30:35+00:00,2026-03,pling lama bulan hbs tu hilang buang anggaran negara padahal tinggal naikin gaji honorer guru naikin gaji naker bayar pendidikan gratis sampai kuliah pengelolaan petani biar harga stabil miskinkan koruptor selesai sedikit masalah indonesia walaupun msh bnyak prnya,Negatif,2
Mon Feb 23 12:00:12 +0000 2026,info dong kalo op tanpa bpjs belum sanggup biayanya brp lama ya prosesnya kalo bisa pake bpjs dari faskes 1 sampe op lama gaaa,tanyakanrl,2026-02-23 12:00:12+00:00,2026-02,info kalau op tanpa belum sanggup biayanya berapa lama prosesnya kalau bisa pakai faskes sampe op lama tidak,Negatif,6
Wed Feb 18 21:55:54 +0000 2026,lama lama males bayar bpjs mending gue berobat umum aja drpd ngebayarin pegawai bpjs yg goblok itu,homelesskittyy,2026-02-18 21:55:54+00:00,2026-02,lama lama males bayar mending saya berobat umum saja drpd ngebayarin pegawai goblok,Negatif,3
Wed Feb 18 21:59:44 +0000 2026,bayangin puasa puasa gini saat pintu pintu doa dibuka ada sekelompok orang yg didoain jelek sama orang yg bpjs pbi nya jd korban gara gara data kemiskinan yg dipoles manis bayangin aja ini negara lama lama kaya hunger games nunggu mana duluan yg dbikin mati pelan pelan,useyourhelmet_,2026-02-18 21:59:44+00:00,2026-02,bayangin puasa puasa gini saat pintu pintu doa dibuka ada sekelompok orang didoain jelek sama orang pbi jadi korban gara gara data kemiskinan dipoles manis bayangin saja negara lama lama kaya hunger games nunggu mana duluan dbikin mati pelan pelan,Negatif,4
Thu Feb 12 08:52:37 +0000 2026,gw doain ya siapapun yg jadi ide nonaktivasi akun bpjs pbi biar dibakar api neraka paling lama udah brp pasien bedah saraf yg dateng ratusan kilo buat kontrol bawa pasien yg cuma bs tidur di brankar stlh sampe bingung bayar umum krn baru tau bpjs nya nonaktif biadab bener,peachlavva,2026-02-12 08:52:37+00:00,2026-02,saya doain siapapun jadi ide nonaktivasi akun pbi biar dibakar api neraka paling lama sudah berapa pasien bedah saraf dateng ratusan kilo buat kontrol bawa pasien cuma bisa tidur brankar stlh sampe bingung bayar umum karena baru tahu nonaktif biadab bener,Negatif,5
Tue Mar 24 07:13:35 +0000 2026,di aku dulu masuk sih materi bpjs ini yg gk ada tuh materi ngadepin pasien bipijiis garis keras yg marah2 di igd klo bipijiisnya ga bs dipake utk non emergency nginput inacbgs biar gk boncos pemeriksaan dan terapi gold standard sesuai bipijiis,Shamdtwt,2026-03-24 07:13:35+00:00,2026-03,aku dulu masuk materi tidak ada materi ngadepin pasien bipijiis garis keras marah igd kalau bipijiisnya tidak bisa dipake untuk non emergency nginput inacbgs biar tidak boncos pemeriksaan terapi gold standard sesuai bipijiis,Negatif,5
Thu Mar 19 00:36:02 +0000 2026,no 4 bagaimana jika bpjs nya hanya didaftar sebagian misal bpjs jkk jkm jht aktif tetapi bpjs jp tidak aktif,semesta_hilang,2026-03-19 00:36:02+00:00,2026-03,no bagaimana jika hanya didaftar sebagian misal jkk jkm jht aktif tetapi jp tidak aktif,Negatif,3
Tue Mar 17 13:25:10 +0000 2026,udah lama ga kepake bpjs nye mint,myshawti,2026-03-17 13:25:10+00:00,2026-03,sudah lama tidak kepake nye mint,Negatif,6
Tue Jan 27 05:07:01 +0000 2026,mau minta surat rujukan pake bpjs ribet bgt tolonggggg,dwqdnr,2026-01-27 05:07:01+00:00,2026-01,mau minta surat rujukan pakai ribet banget tolong,Negatif,1
Mon Mar 23 12:18:40 +0000 2026,haaaa kenapa ribet bgt is it really worth the effort,writer_younjung,2026-03-23 12:18:40+00:00,2026-03,ha kenapa ribet banget is it really worth the effort,Negatif,1
Tue Feb 03 08:13:37 +0000 2026,pantesan byk bpjs yg di nonaktifkan lur,jogja_base,2026-02-03 08:13:37+00:00,2026-02,pantesan byk nonaktifkan lur,Negatif,2
Sun Feb 08 07:59:23 +0000 2026,bpjs ni ribet bgt ngentot,cintakmj,2026-02-08 07:59:23+00:00,2026-02,ni ribet banget ngentot,Negatif,4
Wed Mar 25 03:33:31 +0000 2026,gue sebagai nakes aja hm kalo ke klinik prefer mandiri bayar sendiri daripada pake bpjs an ribet bangett,chenra_wolfie,2026-03-25 03:33:31+00:00,2026-03,saya sebagai nakes saja hm kalau klinik prefer mandiri bayar sendiri daripada pakai an ribet bangett,Negatif,4
Sat Nov 01 05:50:37 +0000 2025,bpjs ribet kontol,flourtwenty,2025-11-01 05:50:37+00:00,2025-11,ribet kontol,Negatif,4
Wed Jan 28 04:11:26 +0000 2026,ini salah info juga sih klo yg dimaksud terapi hormon itu dienogest ditanggung bpjs kok meski mahal emang lebih ribet aje,vrwdya,2026-01-28 04:11:26+00:00,2026-01,salah info juga kalau dimaksud terapi hormon dienogest ditanggung meski mahal emang lebih ribet aje,Negatif,6
Wed Jan 21 11:28:17 +0000 2026,lur aku masih newbie masalah bpjs ketenagakerjaan dari perusahaan sebelumnya aku dapet bpjs tk dan udah non aktif semenjak bulan oktober 2025 nah ini mau aku cairin karna ada keperluan lain kalo dicairin itu harus ke kantornya atau bisa online dan prosesnya ribet engga thx,jogja_base,2026-01-21 11:28:17+00:00,2026-01,lur aku masih newbie masalah ketenagakerjaan perusahaan sebelumnya aku dapet tk sudah non aktif semenjak bulan oktober nah mau aku cairin karna ada keperluan lain kalau dicairin harus kantornya atau bisa online prosesnya ribet engga thx,Negatif,6
Sun Feb 08 21:26:30 +0000 2026,ribet banget bangsat lu yg matiin bpjs kita yg ribet minta biar bpjs bisa idup lagi mikir kids,lahiyagini,2026-02-08 21:26:30+00:00,2026-02,ribet banget bangsat kamu matiin kita ribet minta biar bisa idup lagi mikir kids,Negatif,6
Tue Mar 24 18:44:00 +0000 2026,gw pas di ronten ada 3 gigi bungsu yang harus di cabut sama 3 gigi numpuk di gigi depan yg harusndi cabut juga tapi karena pake bpjs baru 1 aja yg di cabut sisanya kalau nanti aja pas udah mulai sakit apa gpp dok,fadlk_,2026-03-24 18:44:00+00:00,2026-03,saya pas ronten ada gigi bungsu harus cabut sama gigi numpuk gigi depan harusndi cabut juga tapi karena pakai baru saja cabut sisanya kalau nanti saja pas sudah mulai sakit apa gpp dok,Negatif,6
Fri Dec 19 14:07:37 +0000 2025,bpjs bikin ribet kalo rumah sakitnya ga kooperatif kalo rsnya kooperatif mah cepet2 aja,mynameisntono,2025-12-19 14:07:37+00:00,2025-12,membuat ribet kalau rumah sakitnya tidak kooperatif kalau rsnya kooperatif mah cepet saja,Negatif,4
Tue Feb 03 23:24:22 +0000 2026,ribet bnget bjir bpjs,kth1fairy,2026-02-03 23:24:22+00:00,2026-02,ribet bnget bjir,Negatif,4
Fri Feb 13 03:40:38 +0000 2026,jogja ngurus bpjs tinggal wa sleman ribet banget sumpah demi allah kayak haah banget,itsmediaan_,2026-02-13 03:40:38+00:00,2026-02,jogja ngurus tinggal wa sleman ribet banget sumpah demi allah kayak haah banget,Negatif,1
Thu Mar 12 09:20:23 +0000 2026,bpjs tapi yg zamannya pak sby sekarang bpjs ribet kalo tol mahal mbg gak jelas,abdllh1998,2026-03-12 09:20:23+00:00,2026-03,tapi zamannya pak sby sekarang ribet kalau tol mahal tidak jelas,Negatif,6
Sun Dec 07 08:40:08 +0000 2025,work dapat dua kali tempat kerja yang ga bener mulu cari kerja susah eh giliran dapat red flag yang terakhir bare mininum bpjs tk aja engga dapat loh ini aku nyri kemana lagiii tempat kerja yg oke agar gue netep,worksfess,2025-12-07 08:40:08+00:00,2025-12,work dapat dua kali tempat kerja tidak bener mulu cari kerja susah eh giliran dapat red flag terakhir bare mininum tk saja engga dapat loh aku nyri kemana lagi tempat kerja oke agar saya netep,Negatif,1
Wed Mar 18 17:14:22 +0000 2026,udah yappingnya pathetic tbh psikiater bpjs bisa kok meresahkan gitu gejalanya,N0Restraint,2026-03-18 17:14:22+00:00,2026-03,sudah yappingnya pathetic tbh psikiater bisa meresahkan begitu gejalanya,Negatif,5
Sat Feb 07 17:16:47 +0000 2026,jadi keinget dulu ga jadi kontrol padahal udah janjian sama dokternya karna bpjs nunggak dan pas itu susah banget ada duit balik dari rs jalan kaki wkwk hebat aku,ManusiaBerkuota,2026-02-07 17:16:47+00:00,2026-02,jadi keinget dulu tidak jadi kontrol padahal sudah janjian sama dokternya karna nunggak pas susah banget ada duit balik rumah sakit jalan kaki tertawa hebat aku,Negatif,2
Fri Feb 27 17:58:12 +0000 2026,apakah ini yg dinamakan perbedaan bpjs dan non bpjs susah bgt dibukanya yaallah pdhl udh day brp ini bulu haluskuuuu pedihhh,anithadw,2026-02-27 17:58:12+00:00,2026-02,apakah dinamakan perbedaan non susah banget dibukanya yaallah padahal sudah day berapa bulu halusku pedih,Negatif,6
Mon Feb 09 17:03:42 +0000 2026,lihat kondisi bawah bro mereka yang dapet pbi kadang buat makan aja susah apalagi mau naikin bpjs ke kelas umum jangan makai kata nakes lah,user_aya1,2026-02-09 17:03:42+00:00,2026-02,lihat kondisi bawah bro mereka dapet pbi kadang buat makan saja susah apalagi mau naikin kelas umum jangan makai kata nakes lah,Negatif,3
Sun Feb 15 08:54:25 +0000 2026,awas bapak ibu mati suul khatimah karena makan hasil gaji haram duit yang di tangan kalian itu hasil pemangkasan dana pendidikan dan kesehatan loh sampe orang susah berobat karena bpjs pbi nya dinonaktifkan,bblue_haneull,2026-02-15 08:54:25+00:00,2026-02,awas bapak ibu mati suul khatimah karena makan hasil gaji haram duit tangan kalian hasil pemangkasan dana pendidikan loh sampe orang susah berobat karena pbi dinonaktifkan,Negatif,5
Thu Feb 05 14:51:19 +0000 2026,pak yg aktif dan sudah sesuai sop rumah sakit aja masih susah nagih ke bpjs kurang ini lah itu lah pending ini lah itu lah padahal udah lengkap sampai kadang bingung kurang apa apa lagi ini ga aktif dan ga sesuai aturan mana mungkin dibayar,juventinos91,2026-02-05 14:51:19+00:00,2026-02,pak aktif sudah sesuai sop rumah sakit saja masih susah nagih kurang lah lah pending lah lah padahal sudah lengkap sampai kadang bingung kurang apa apa lagi tidak aktif tidak sesuai aturan mana mungkin dibayar,Negatif,5
Fri Mar 06 12:40:48 +0000 2026,dari awal rsi muhammadiyah agak susah pake bpjs krn apa nunggak 15m terapi abk jg dirujuk ke pusat semua yg mana surat rujukan itu dapetnya dipersulit wkwk,togyame,2026-03-06 12:40:48+00:00,2026-03,awal rsi muhammadiyah agak susah pakai karena apa nunggak m terapi abk juga dirujuk pusat semua mana surat rujukan dapetnya dipersulit tertawa,Negatif,1
Thu Feb 05 06:44:18 +0000 2026,prabowo lu semoga dapet balasan setimpal dari allah emak gue kesusahan ngurus bpjs nya lagi susah mau nebus obat anjir lu prabowo semoga lu di beri hidayah allah dan balasan tentang penguasaan lu di indonesia ini,lcikiwirs,2026-02-05 06:44:18+00:00,2026-02,prabowo kamu semoga dapet balasan setimpal allah emak saya kesusahan ngurus lagi susah mau nebus obat anjir kamu prabowo semoga kamu beri hidayah allah balasan tentang penguasaan kamu indonesia,Negatif,4
Wed Mar 25 10:28:06 +0000 2026,rekomendasiin dong psikolog bjb euy pen curhat dan cari tau w ni sbnrnya knp dulu cm ke psikiater doang mls bgt dicekokin obat doang zzzz,rawrberriess,2026-03-25 10:28:06+00:00,2026-03,rekomendasiin psikolog bjb euy pen curhat cari tahu w ni sbnrnya kenapa dulu cuma psikiater doang mls banget dicekokin obat doang z,Negatif,6
Sun Mar 22 13:32:41 +0000 2026,kata tanteku yg d bumn bumn paling ga efisien ya pertamin udah monopoli tp setor laba kenegaranya dikit bgt kedua bpjs ga menghasilkan laba utang tinggi tp gaji pegawe nya d atas bumn yg setor laba ke negara gede,qcel__,2026-03-22 13:32:41+00:00,2026-03,kata tanteku d bumn bumn paling tidak efisien pertamin sudah monopoli tapi setor laba kenegaranya dikit banget kedua tidak menghasilkan laba utang tinggi tapi gaji pegawe d atas bumn setor laba negara gede,Negatif,1
Thu Feb 12 22:39:40 +0000 2026,mentalan gini adalah mentalan orang yang ngga sakit jg ya casually aja med check rutin dan bayar sendiri yang mana jarang dilakuin orang2 yang pakai bpjs pbi karena ya ke rs sakit parah,freudesch,2026-02-12 22:39:40+00:00,2026-02,mentalan gini adalah mentalan orang ngga sakit juga casually saja med check rutin bayar sendiri mana jarang dilakuin orang pakai pbi karena rumah sakit sakit parah,Negatif,2
Mon Mar 23 04:17:33 +0000 2026,iyes sistem bpjs selalu memperbaiki diri ini yang saya suka walaupun banyak juga kurangnya misal akun mertua saya yang di aplikasi tidak terdaftar padahal sudah rutin bayar bulanan datang ke kantor bpjs kesehatan nya pun cuma bates satpam di infokan sistem lagi gangguan gangguan kok hampir setahun,topicapink,2026-03-23 04:17:33+00:00,2026-03,iyes sistem selalu memperbaiki diri saya suka walaupun banyak juga kurangnya misal akun mertua saya aplikasi tidak terdaftar padahal sudah rutin bayar bulanan datang kantor pun cuma bates satpam infokan sistem lagi gangguan gangguan hampir setahun,Negatif,4
Sun Feb 08 19:01:16 +0000 2026,parah vonis senyap di meja administrasi ketika 11 juta warga miskin terusir dari bpjs bagi penderita gagal ginjal jadwal cuci darah adalah tali penyambung nyawa satu kali saja terlewat dampaknya bisa fatal,21_mozza,2026-02-08 19:01:16+00:00,2026-02,parah vonis senyap meja administrasi ketika juta warga miskin terusir bagi penderita gagal ginjal jadwal cuci darah adalah tali penyambung nyawa satu kali saja terlewat dampaknya bisa fatal,Negatif,5
Mon Mar 09 07:03:22 +0000 2026,dokter bpjs bisa nampak jelek karena gua mencoba assess ini dengan fair memang kualitas dokternya subpar gak mau nutup mata keterbatasan sumber daya pasien terlalu banyak dan ini bisa 3 3nya benar,ardi_tama1,2026-03-09 07:03:22+00:00,2026-03,dokter bisa nampak jelek karena saya mencoba assess dengan fair memang kualitas dokternya subpar tidak mau nutup mata keterbatasan sumber daya pasien terlalu banyak bisa benar,Negatif,2
Sun Dec 21 15:43:11 +0000 2025,kondisi di dlm pabrik lantai basah berminyak buruh jatoh kepleset keseleo patah tulang mah udah ga keitung ini makin parah krn hampir semua ga didaftarin bpjs naker jd klo kecelakaan kerja cuma dibawa ke pengobatan patah tulang cuma sekali itu aja sisanya biaya sendiri,taufikahmd,2025-12-21 15:43:11+00:00,2025-12,kondisi dlm pabrik lantai basah berminyak buruh jatoh kepleset keseleo patah tulang mah sudah tidak keitung makin parah karena hampir semua tidak didaftarin naker jadi kalau kecelakaan kerja cuma dibawa pengobatan patah tulang cuma sekali saja sisanya biaya sendiri,Negatif,4
Mon Nov 24 16:44:41 +0000 2025,kontrol lagi apa ya makin parah nih kalo diliat liat tapi males banget antrinyaa kalo ga bpjs duit melayang tuh 500rb,_42laraspppe,2025-11-24 16:44:41+00:00,2025-11,kontrol lagi apa makin parah nih kalau diliat liat tapi males banget antrinyaa kalau tidak duit melayang ribu,Negatif,4
Sun Feb 08 10:48:02 +0000 2026,gws deh orang2 miskin wni klo tbtb sakit parah trs bpjs nya ga aktif soalnya ngaktifinnya ribet hrus nunggu berhari2 klo gak ya byr calo ratusan ribu belum lagi bayar tagihan berbulan bulan lalu yg ga tahu menahu lagi sakit malah tambah stres mati aja kita smua yuk,lafleuriche,2026-02-08 10:48:02+00:00,2026-02,gws orang miskin wni kalau tbtb sakit parah terus tidak aktif soalnya ngaktifinnya ribet hrus nunggu berhari kalau tidak byr calo ratusan ribu belum lagi bayar tagihan berbulan bulan lalu tidak tahu menahu lagi sakit malah tambah stres mati saja kita smua yuk,Negatif,2
Wed Mar 25 10:23:05 +0000 2026,ada kok bang tapi lebih disuruh copot jersey karena ini daerah wilayah mereka,pra_dypta,2026-03-25 10:23:05+00:00,2026-03,ada bang tapi lebih disuruh copot jersey karena daerah wilayah mereka,Negatif,1
Sat Nov 15 00:04:15 +0000 2025,cpe bgt jdi pusat rehabilitasi lbih parah dari bpjs,Noiarawr,2025-11-15 00:04:15+00:00,2025-11,cpe banget jdi pusat rehabilitasi lbih parah,Negatif,3
Wed Mar 25 02:28:00 +0000 2026,mungkin sudah muntab karena diinternal jg gak ada solusi persoalan claim bpjs ini memang semakin ke sini semakin rumit banyak s amp k termasuk input data salah satu kata saja bisa gagal claim,zuebex,2026-03-25 02:28:00+00:00,2026-03,mungkin sudah muntab karena diinternal juga tidak ada solusi persoalan claim memang semakin sini semakin rumit banyak s  k termasuk input data salah satu kata saja bisa gagal claim,Negatif,5
Mon Nov 24 05:21:42 +0000 2025,knp suka bgt error ini bpjs di hari senen tuuhh kezel bgt,geeghaa,2025-11-24 05:21:42+00:00,2025-11,kenapa suka banget error hari senen tuuhh kezel banget,Negatif,1
Fri Nov 14 01:35:29 +0000 2025,semoga tiba tiba lu sakit keras trs harta benda lu kebakar angus semua trs instrumen investasi yg lu punya boncos semua dan lu gapunya apapun buat bayar rs trs pas minta keringanan pake bpjs lu ditolak akhirnya lu mati,yeogiyafiya,2025-11-14 01:35:29+00:00,2025-11,semoga tiba tiba kamu sakit keras terus harta benda kamu kebakar angus semua terus instrumen investasi kamu punya boncos semua kamu gapunya apapun buat bayar rumah sakit terus pas minta keringanan pakai kamu ditolak akhirnya kamu mati,Negatif,1
Sat Mar 21 17:37:00 +0000 2026,betull bbrp bulan lalu ke puskesmas setelah ambil obat bingung kok ga dapet bill ternyata udah sync sama bpjsin note blm sempet pindah dom buat bpjs,cicaffeine,2026-03-21 17:37:00+00:00,2026-03,betull bbrp bulan lalu puskesmas setelah ambil obat bingung tidak dapet bill ternyata sudah sync sama bpjsin note belum sempet pindah dom buat,Negatif,5
Thu Jan 15 15:40:06 +0000 2026,saldo bpjs tk aku diatas 10jt aku ga lanjut johtrak dan abis di 31 dec kata hrd os aku bpjs akan dinonaktifkan dalam 2 bln padahal aku butuh cairin bpjs aku kira2 aku ke bpjs langsung ngasi paklaring aja bakal bisa ga ya,tanyarlfes,2026-01-15 15:40:06+00:00,2026-01,saldo tk aku diatas juta aku tidak lanjut johtrak abis dec kata hrd os aku akan dinonaktifkan dalam bln padahal aku butuh cairin aku kira aku langsung ngasi paklaring saja bakal bisa tidak,Negatif,5
Mon Mar 23 10:06:27 +0000 2026,iya igd pake bpjs skrng banyak aturan barunya dan banyak dicabut juga yg bisa dicovernya kalo pasiennya masih keadaan sadar kemungkinan besar ditolak,4thdhi,2026-03-23 10:06:27+00:00,2026-03,iya igd pakai skrng banyak aturan barunya banyak dicabut juga bisa dicovernya kalau pasiennya masih keadaan sadar kemungkinan besar ditolak,Negatif,5
Tue Mar 24 05:27:47 +0000 2026,kalo bpjsnya libur emng gbisa daftar online mas hari ini masih terhitung libur kan ya untuk pegawai bpjs nah bridgingnya juga somehow mati kaya waktu tgl 18 kmaren itu cuti bersama mskpn klinikku ttp buka pasien gabisa daftar online karna itungannya libur,betageminorum_,2026-03-24 05:27:47+00:00,2026-03,kalau bpjsnya libur emng gbisa daftar online mas hari masih terhitung libur untuk pegawai nah bridgingnya juga somehow mati kaya waktu tanggal kmaren cuti bersama mskpn klinikku ttp buka pasien gabisa daftar online karna itungannya libur,Negatif,4
Thu Mar 19 14:12:59 +0000 2026,disebut karyawan pun masa lemburannya kagak dibayar ga ada bpjs kesehatan jg terus bisa diberhentikan kapan saja aku ga suka kakak ini sendirinya pasti ga mau kan kalo lembur kagak dibayar,aldelard2,2026-03-19 14:12:59+00:00,2026-03,disebut karyawan pun masa lemburannya kagak dibayar tidak ada juga terus bisa diberhentikan kapan saja aku tidak suka kakak sendirinya pasti tidak mau kalau lembur kagak dibayar,Negatif,2
Fri Mar 13 10:47:49 +0000 2026,euy bulan feb aku periksa ke faskes tingkat lanjut pake bpjs trs dijadwalin kontrol lg bulan ini sesudah lebaran tapi ternyata aku ga bisa eung itu bisa direschedule ga ya caranya gmna soalnya di jkn udah terdaftar di jadwal dr dokter ga ada pilihan buat ngubah nuhunnn,BaseBDG,2026-03-13 10:47:49+00:00,2026-03,euy bulan feb aku periksa faskes tingkat lanjut pakai terus dijadwalin kontrol lagi bulan sesudah lebaran tapi ternyata aku tidak bisa eung bisa direschedule tidak caranya gmna soalnya jkn sudah terdaftar jadwal dokter tidak ada pilihan buat ngubah nuhun,Negatif,2
Wed Mar 25 10:27:16 +0000 2026,intinya pemerintah serba salah jg klo ngk ada yg beli bbm nanti bumn plat merah nya rontokdan yg bodohnya mbg di gass terus,kikitaroreh,2026-03-25 10:27:16+00:00,2026-03,intinya pemerintah serba salah juga kalau ngk ada beli bbm nanti bumn plat merah rontokdan bodohnya gass terus,Negatif,4
Tue Mar 24 02:49:09 +0000 2026,kok ada yg bpjsnya non aktif sementara bpjsku tiba2 aktif padahal gak pernah daftar itu gimana ceritanya sih dikasih kelas 1 pula,edowilfridus,2026-03-24 02:49:09+00:00,2026-03,ada bpjsnya non aktif sementara bpjsku tiba aktif padahal tidak pernah daftar gimana ceritanya dikasih kelas pula,Negatif,3
Tue Feb 03 23:59:40 +0000 2026,dari kemarin rame bgt soal kartu bpjs pbi yang tiba2 non aktif ada yg karena jarang dipakai ada yg keanggotaan dibatalkan kalau bpjs kamu non aktif segera aktifkan kalau memang nggak masuk lagi pbi upgrade aj ke umum insya allah gk rugi ini bukan promosi ini soal melindungi keluarga kita dari jurang kemiskinan apa hubungannya coba luangin waktu 3 menit buat baca thread ini,ibalbabay,2026-02-03 23:59:40+00:00,2026-02,kemarin rame banget soal kartu pbi tiba non aktif ada karena jarang dipakai ada keanggotaan dibatalkan kalau kamu non aktif segera aktifkan kalau memang tidak masuk lagi pbi upgrade aj umum insya allah tidak rugi bukan promosi soal melindungi keluarga kita jurang kemiskinan apa hubungannya coba luangin waktu menit buat baca thread,Negatif,3
Tue Feb 03 06:54:31 +0000 2026,tiba tiba bgt bpjs sekeluarga ga aktif padahal masih dipake buat berobat bulan lalu,Rskyksljn,2026-02-03 06:54:31+00:00,2026-02,tiba tiba banget sekeluarga tidak aktif padahal masih dipake buat berobat bulan lalu,Negatif,3
Tue Feb 10 15:49:22 +0000 2026,hrusnya psikiater ukt nya 100rb aj per bulan sufaya kita bisa konsul dengan murah ada bpjs se cman tkut tbtb smpe faskes 1 ternyata bpjs nya ga aktif,__apaloe,2026-02-10 15:49:22+00:00,2026-02,hrusnya psikiater ukt ribu aj per bulan sufaya kita bisa konsul dengan murah ada se cman tkut tbtb smpe faskes ternyata tidak aktif,Negatif,5
Mon Feb 09 03:52:29 +0000 2026,eh asli barusan kenalanku juga ada yang kambuh saraf kejepitnya mau berobat bingung bpjs ga aktif ga pake bpjs bingung dananya gimana mau aktifin ribet banget ya allah dzolimnya kebangetan pemerintah ini,egualsiqn,2026-02-09 03:52:29+00:00,2026-02,eh asli barusan kenalanku juga ada kambuh saraf kejepitnya mau berobat bingung tidak aktif tidak pakai bingung dananya gimana mau aktifin ribet banget allah dzolimnya kebangetan pemerintah,Negatif,5
Mon Dec 15 02:50:05 +0000 2025,skrg buat skck harus aktif bpjs ya aku blm ada bpjs brrti ga bisa,tanyakanrl,2025-12-15 02:50:05+00:00,2025-12,sekarang buat skck harus aktif aku belum ada brrti tidak bisa,Negatif,6
Sun Feb 08 05:55:42 +0000 2026,gue bpjs aktif dr dulu tp ga tinggal di indo ga tau balik kapan ini mending diterusin bayr atau bisa ditutup yahh soalnya no hp ku jg dah ga aktif dah gt ktp ku di indo yg kubawa kesini malah sim,hqnim95,2026-02-08 05:55:42+00:00,2026-02,saya aktif dulu tapi tidak tinggal indo tidak tahu balik kapan mending diterusin bayr atau bisa ditutup yahh soalnya no hp ku juga sudah tidak aktif sudah begitu ktp ku indo kubawa kesini malah sim,Negatif,3
Mon Feb 02 16:20:09 +0000 2026,udah pada cek bpjs nya belum ini kenapa tiba2 di nonaktifkan yaa mana mau buat persiapan lahiran hikss,tanyakanrl,2026-02-02 16:20:09+00:00,2026-02,sudah pada cek belum kenapa tiba nonaktifkan yaa mana mau buat persiapan lahiran hikss,Negatif,4
Tue Jan 13 10:01:05 +0000 2026,baru tau bpjs udh ga aktif lagi kalau udah lulus kuliah ya allah udah harus bayar mandiri perlahan mulai kerasa kehidupan jadi orang dewasa ini,Lala_ranz,2026-01-13 10:01:05+00:00,2026-01,baru tahu sudah tidak aktif lagi kalau sudah lulus kuliah allah sudah harus bayar mandiri perlahan mulai kerasa kehidupan jadi orang dewasa,Negatif,5
Tue Mar 10 07:36:10 +0000 2026,papaku mau operasi saat itu juga karna patah tulang bpjs belum dibayar gajelas lah pokoknya soalnya yg ngurus istri barunya aku ga pegang cash alhasil telfon adiknya papa dan di transfer saat itu juga,onyourmarcha,2026-03-10 07:36:10+00:00,2026-03,papaku mau operasi saat juga karna patah tulang belum dibayar gajelas lah pokoknya soalnya ngurus istri barunya aku tidak pegang cash alhasil telfon adiknya papa transfer saat juga,Negatif,4
Wed Mar 25 10:08:04 +0000 2026,ah gajelas bgt gw nangis gajelas gara abis mens,nandaputrinsa,2026-03-25 10:08:04+00:00,2026-03,ah gajelas banget saya nangis gajelas gara abis mens,Negatif,1
Sat Feb 14 15:38:00 +0000 2026,malem ini badmood nya pol bgt udh mah bpjs mak gw gajelas lg gabisa vc sm pacar gw karna semua org numpang di rumah gw td pulang di catcall pula dan gw ributin pengen gw tonjokin satu satu monyet,whistrealm,2026-02-14 15:38:00+00:00,2026-02,malem badmood pol banget sudah mah mak saya gajelas lagi gabisa vc sama pacar saya karna semua orang numpang rumah saya td pulang catcall pula saya ributin pengen saya tonjokin satu satu monyet,Negatif,6
Thu Mar 19 22:10:19 +0000 2026,gapapa bgt nangis dipojokkan guling2,jaenorens,2026-03-19 22:10:19+00:00,2026-03,gapapa banget nangis dipojokkan guling,Negatif,7
Thu Jan 29 18:48:37 +0000 2026,nah makanya sepenting itu menjaga kesehatan gigi sebenarnya ga mahal kalau rutin periksa gigi dan scaling min 6 bulan sekali kalau gigi dah bolong sampai pulpa harus psa pake bpjs lama banget bisa setahun kontrol baru kelar,uwoncutie,2026-01-29 18:48:37+00:00,2026-01,nah makanya sepenting menjaga gigi sebenarnya tidak mahal kalau rutin periksa gigi scaling bulan sekali kalau gigi sudah bolong sampai pulpa harus psa pakai lama banget bisa setahun kontrol baru kelar,Negatif,6
Wed Feb 11 04:53:07 +0000 2026,liat berita ttg bpjs kesehatan akhir2 ini jd keinget cerita lama muak pake banget dih sama sistemnya bpjs gak jelas lukhh,myfluttershy_,2026-02-11 04:53:07+00:00,2026-02,liat berita ttg akhir jadi keinget cerita lama muak pakai banget dih sama sistemnya tidak jelas lukhh,Negatif,5
Sun Nov 02 21:29:18 +0000 2025,my take as pasien insyaallah calon tenaga medis adalah pasien manapun kalau disuruh ngantri sistem pasien bpjs yang udahmah mesinnya suka rusak ngantrinya lama banget harus nyediain jam kosong minimal 3 jam dan dokternya sering telat juga ilang sopan santun,dlnnana,2025-11-02 21:29:18+00:00,2025-11,my take as pasien insyaallah calon tenaga medis adalah pasien manapun kalau disuruh ngantri sistem pasien udahmah mesinnya suka rusak ngantrinya lama banget harus nyediain jam kosong minimal jam dokternya sering telat juga ilang sopan santun,Negatif,5
Wed Mar 25 02:35:01 +0000 2026,wktu ini nenek sy malam2 mau ke igd ketahan krn jkn atau bpjs sistem error akhirnya disuruh ke dokter umum tanpa bpjs pdhl lg darurat,thursdayrubies,2026-03-25 02:35:01+00:00,2026-03,wktu nenek sy malam mau igd ketahan karena jkn atau sistem error akhirnya disuruh dokter umum tanpa padahal lagi darurat,Negatif,5
Wed Mar 25 03:53:20 +0000 2026,ini bener sih awal puasa gw sama emak kontrol ke rs ada beberapa obat yang kosong katanya ke pasien sih lagi habis belum datang nanti kalo udah masuk dikabari tapi dari ngobrol2 dari pegawai rs katanya karena bpjs macet jadi distributor ga mau masukin obat lagi,OcDmn,2026-03-25 03:53:20+00:00,2026-03,bener awal puasa saya sama emak kontrol rumah sakit ada beberapa obat kosong katanya pasien lagi habis belum datang nanti kalau sudah masuk dikabari tapi ngobrol pegawai rumah sakit katanya karena macet jadi distributor tidak mau masukin obat lagi,Negatif,5
Thu Nov 27 04:01:25 +0000 2025,ribet banget ngurus bpjs juga hikssss x x,Dynevor_phoebe,2025-11-27 04:01:25+00:00,2025-11,ribet banget ngurus juga hiks x x,Negatif,4
Tue Feb 10 09:06:04 +0000 2026,aku sering sakit dan tidak pakai bpjs kenapa diklinik bpjs bisa bisanya kalau belum sembuh kesini lagi kan belum bosan ketemu saya kan kata dokter di klinik tersebut dan benar aku tidak sembuh saat obat habis langsung igd aku no bpjs mau pake bpjs ribet banget,anindrastiwii,2026-02-10 09:06:04+00:00,2026-02,aku sering sakit tidak pakai kenapa diklinik bisa bisanya kalau belum sembuh kesini lagi belum bosan ketemu saya kata dokter klinik tersebut benar aku tidak sembuh saat obat habis langsung igd aku no mau pakai ribet banget,Negatif,5
Wed Mar 25 10:19:18 +0000 2026,gue yg dulu klo ditanya begini pasti langsung angkat tangan setinggi mungkin alias gw lah org tsb tp skrg setelah menjalani hari hari begini mulu ya bosen juga yg tdnya fine skrg jg gak fine gw pengen keluar rmh tp bingung mau ngapain,grismetallise,2026-03-25 10:19:18+00:00,2026-03,saya dulu kalau ditanya begini pasti langsung angkat tangan setinggi mungkin alias saya lah orang tsb tapi sekarang setelah menjalani hari hari begini mulu bosen juga tdnya fine sekarang juga tidak fine saya pengen keluar rmh tapi bingung mau ngapain,Negatif,5
Tue Jan 13 01:19:02 +0000 2026,orang2 cairin bpjs bisa gampang kok gw susah banget ya,faishadlana,2026-01-13 01:19:02+00:00,2026-01,orang cairin bisa gampang saya susah banget,Negatif,6
Wed Jan 28 09:43:58 +0000 2026,nangis bangett sumpah gue susah banget daftar poli gigi di klinik deket rumah kebetulan faskes pertama bpjs gue di klinik itu ngambil antrian kuota nya harus lewat apk tapi selalu 0 untuk kuota nya,0rgpulupulu,2026-01-28 09:43:58+00:00,2026-01,nangis bangett sumpah saya susah banget daftar poli gigi klinik deket rumah kebetulan faskes pertama saya klinik ngambil antrian kuota harus lewat apk tapi selalu untuk kuota,Negatif,5
Sun Nov 30 10:18:45 +0000 2025,orang niat mau bikin skck buat lamar kerja eehhh disuruh ngurus bpjs dan rutin bayar tiap bulan padahal buat makan aja kadang masih susah giliran anggota hewan yang kerjanya korupsi gak perlu skck buat menjabat emang negara bobrok gini banget ya meras rakyat,romiemocka,2025-11-30 10:18:45+00:00,2025-11,orang niat mau membuat skck buat lamar kerja eeh disuruh ngurus rutin bayar tiap bulan padahal buat makan saja kadang masih susah giliran anggota hewan kerjanya korupsi tidak perlu skck buat menjabat emang negara bobrok gini banget meras rakyat,Negatif,1
Sat Dec 27 05:24:07 +0000 2025,dips kalo mau ke psikiater undip berapaan yaa sama apa bisa pake bpjs sama gimana caranya asli ini dah capek banget,undipfess,2025-12-27 05:24:07+00:00,2025-12,dips kalau mau psikiater undip berapaan yaa sama apa bisa pakai sama gimana caranya asli sudah capek banget,Negatif,6
Tue Mar 24 13:55:41 +0000 2026,yaa ngapain anjir malem2 ke rumah pdhl masih ada bsk mana emak gue ngeiyain aja lagi jam segini mah waktu nya istirahat teu eling emang yg ke rumah nya ge,PipitSoebarjo,2026-03-24 13:55:41+00:00,2026-03,yaa ngapain anjir malem rumah padahal masih ada bsk mana emak saya ngeiyain saja lagi jam segini mah waktu istirahat teu eling emang rumah ge,Negatif,4
Mon Mar 23 12:54:21 +0000 2026,tau ga apa yg bikin capek dan sakit mental karena apa yg lu lakuin gak ada hasilnya jadi ngerasa sia kenapa gada hasil karena gak kompak gk byk yg join jdi ngerasa capek sendirian jadi balik lagi ke masing,Personawhothell,2026-03-23 12:54:21+00:00,2026-03,tahu tidak apa membuat capek sakit mental karena apa kamu lakuin tidak ada hasilnya jadi ngerasa sia kenapa gada hasil karena tidak kompak tidak byk join jdi ngerasa capek sendirian jadi balik lagi masing,Negatif,5
Mon Mar 23 04:35:03 +0000 2026,kadang fase lelah banar krna keuangan kurang harus lebih ekstra lagi becari kadang fase ah cape cape ngejar duit ntar juga mati lg hilang arah bengong wal,banjarbase,2026-03-23 04:35:03+00:00,2026-03,kadang fase lelah banar krna keuangan kurang harus lebih ekstra lagi becari kadang fase ah cape cape ngejar duit ntar juga mati lagi hilang arah bengong wal,Negatif,5
Tue Mar 24 04:30:46 +0000 2026,geus lila teu tetebakan euy atuh wkwkwk bahasa muak jijik english fed up disgusted sunda,BaseBDG,2026-03-24 04:30:46+00:00,2026-03,geus lila teu tetebakan euy atuh tertawa bahasa muak jijik english fed up disgusted sunda,Negatif,7
Thu Mar 19 06:05:43 +0000 2026,jadi pov si bibi km ngeluh capek pdhl dia juga capek seharian kerja mungkiinnn pov kamu si bibi nggak bisa ngertiin kamu yg emang lagi capek mana bentak juga pdhl dia bibi bkn mksd merendahkan kayaknya kalian emang lagi sama2 capek aja sih nder bentar,nifaha08,2026-03-19 06:05:43+00:00,2026-03,jadi pov si bibi kamu ngeluh capek padahal dia juga capek seharian kerja mungkiin pov kamu si bibi tidak bisa ngertiin kamu emang lagi capek mana bentak juga padahal dia bibi bkn mksd merendahkan kayaknya kalian emang lagi sama capek saja nder bentar,Negatif,4
Mon Dec 22 03:29:45 +0000 2025,gw bener2 capek banget sama sistem bpjs kesehatan buat pribadi bobrok buat perusahaan juga bobrok sadar gak sih lo kann dibutuhin bgt anjir ya allah capek anj,kapten1956,2025-12-22 03:29:45+00:00,2025-12,saya bener capek banget sama sistem buat pribadi bobrok buat perusahaan juga bobrok sadar tidak kamu kann dibutuhin banget anjir allah capek anj,Negatif,4
Thu Nov 20 04:00:29 +0000 2025,capek banget pake bpjs dilempar2,niyelicious,2025-11-20 04:00:29+00:00,2025-11,capek banget pakai dilempar,Negatif,5
Wed Mar 25 10:25:31 +0000 2026,ada ka aku dr kmren karna lagi kecewa aja sama org org jadi aku milih buat isi ulang energiku diem dikamar sehrian keluar cuman ke toilet sama ambil minum bener bener gamau ketemu bokap makanpun online itu juga malem pas bokap tidur ampe skrng msih tergeletak bagai bangke,alfyantiii_,2026-03-25 10:25:31+00:00,2026-03,ada ka aku kmren karna lagi kecewa saja sama orang orang jadi aku milih buat isi ulang energiku diem dikamar sehrian keluar cuman toilet sama ambil minum bener bener gamau ketemu bokap makanpun online juga malem pas bokap tidur ampe skrng msih tergeletak bagai bangke,Negatif,3
Thu Dec 04 09:06:17 +0000 2025,yang sebenarnya bikin kamu capek menahan diri mengatur ekspresi menjaga nada bicara berusaha tidak meledak semua demi orang yang tidak pernah menjaga perasaanmu,otakkeduaa,2025-12-04 09:06:17+00:00,2025-12,sebenarnya membuat kamu capek menahan diri mengatur ekspresi menjaga nada bicara berusaha tidak meledak semua demi orang tidak pernah menjaga perasaanmu,Negatif,2
Fri Nov 21 14:39:16 +0000 2025,yg ngeselin bpjs bikin alur sistem serempong itu tapi gapernah mau edukasi ke para pesertanya mereka gamau terang2an faskes yang kerepotan harus jelasin pelan2 ke pasien alhasil nakes sama pasien selalu bentrok paling bener jaga kesehatan dah di negara sakit begini,flyhongseok11,2025-11-21 14:39:16+00:00,2025-11,ngeselin membuat alur sistem serempong tapi gapernah mau edukasi para pesertanya mereka gamau terangan faskes kerepotan harus jelasin pelan pasien alhasil nakes sama pasien selalu bentrok paling bener jaga sudah negara sakit begini,Negatif,5
Sun Mar 22 12:57:25 +0000 2026,nonton pro bono udah kesel mantanku ngechat trs bikin kesel anjjjjjjj,beilancee,2026-03-22 12:57:25+00:00,2026-03,nonton pro bono sudah kesel mantanku ngechat terus membuat kesel anj,Negatif,2
Mon Mar 23 02:46:50 +0000 2026,kesel bgt kue kaastengel gue diabisin,sundakentel,2026-03-23 02:46:50+00:00,2026-03,kesel banget kue kaastengel saya diabisin,Negatif,3
Sat Mar 21 13:47:45 +0000 2026,truee banget ini lhoo yg bikin aku kesel brasa berjuang sendiri padahal yaa kita yg bukan biasnya dia aja jg berusahaa,sunnguins,2026-03-21 13:47:45+00:00,2026-03,truee banget lhoo membuat aku kesel brasa berjuang sendiri padahal yaa kita bukan biasnya dia saja juga berusahaa,Negatif,3
Sun Mar 22 06:33:27 +0000 2026,kalo gue bikin tulisan dilarang merokok di dalam rumah gapapa kan benci banget sama orang yang ngerokok dalem rumah kaya minimal keluar gitu mana disitu banyak makanan sebel banget kesel,nanatttcy,2026-03-22 06:33:27+00:00,2026-03,kalau saya membuat tulisan dilarang merokok dalam rumah gapapa benci banget sama orang ngerokok dalem rumah kaya minimal keluar begitu mana disitu banyak makanan sebel banget kesel,Negatif,5
Mon Mar 23 21:19:25 +0000 2026,waktu awal baca postingan itu gw kesel banget kok ada bocah se kurang ajar itu ya tapi setelah beberapa kali malah curiga kalo postingan itu cuman karangan aja soalnya warga thread kan suka banget bikin cerita palsu biar akun nya rame,nenoonel,2026-03-23 21:19:25+00:00,2026-03,waktu awal baca postingan saya kesel banget ada bocah se kurang ajar tapi setelah beberapa kali malah curiga kalau postingan cuman karangan saja soalnya warga thread suka banget membuat cerita palsu biar akun rame,Negatif,5
Sat Mar 21 10:56:04 +0000 2026,seharian kumpul keluarga bener bener nguras tenaga banyak banget yg bikin kesel bete asli,dkselfk,2026-03-21 10:56:04+00:00,2026-03,seharian kumpul keluarga bener bener nguras tenaga banyak banget membuat kesel bete asli,Negatif,1
Mon Mar 23 15:36:05 +0000 2026,yang bikin kesel tuh tiap lihat twt terus bukan rep nya gak ada satupun yang ngoreksi banyaknya yang play victim bilang udah kak mau dijelasin juga mereka gak akan ngerti kenapa gak ada yang kak ketikan kamu gak oke banget mending dihapus dan di perbaiki atau apa kek,Lii_angl,2026-03-23 15:36:05+00:00,2026-03,membuat kesel tiap lihat twt terus bukan rep tidak ada satupun ngoreksi banyaknya play victim bilang sudah mau dijelasin juga mereka tidak akan ngerti kenapa tidak ada ketikan kamu tidak oke banget mending dihapus perbaiki atau apa seperti,Negatif,4
Wed Mar 25 05:38:11 +0000 2026,wkwkwkwkwk memang bikin kesel banget,Niaalfe,2026-03-25 05:38:11+00:00,2026-03,wkwkwkwkwk memang membuat kesel banget,Negatif,3
Sat Mar 21 20:11:16 +0000 2026,emang bikin kesel bgt jujur mana ga ada photoshoot majalah bareng bahkan poster drama aja ga ada yg proper di studio berdua jejeran gitu kayaknya ya promosi kurang banget sekali hampir tamat malah eps bocor lagi,sweetandhappyy,2026-03-21 20:11:16+00:00,2026-03,emang membuat kesel banget jujur mana tidak ada photoshoot majalah bareng bahkan poster drama saja tidak ada proper studio berdua jejeran begitu kayaknya promosi kurang banget sekali hampir tamat malah eps bocor lagi,Negatif,3
Thu Oct 23 01:33:43 +0000 2025,kenapa yak semua dokter klinik bpjs itu nyebelin semua wkwkw,kamusEYD,2025-10-23 01:33:43+00:00,2025-10,kenapa yak semua dokter klinik nyebelin semua wkwkw,Negatif,5
Mon Jan 26 11:09:04 +0000 2026,hubungan skck sama bpjs apa yaa kok nyebelin bgtttt gue mau bikin skck harus punya bpjs akal akalan pemerintah jir lah,firstfruitgirl,2026-01-26 11:09:04+00:00,2026-01,hubungan skck sama apa yaa nyebelin banget saya mau membuat skck harus punya akal akalan pemerintah jir lah,Negatif,4
Tue Mar 24 15:47:37 +0000 2026,ya allahh nyebelin bgt pls younjungprotect,writer_younjung,2026-03-24 15:47:37+00:00,2026-03,allahh nyebelin banget pls younjungprotect,Negatif,4
Tue Mar 24 10:30:06 +0000 2026,orang indonesia baru ya bang adanya bpjs aja udah aneh,NdaraKaji,2026-03-24 10:30:06+00:00,2026-03,orang indonesia baru bang adanya saja sudah aneh,Negatif,7
Wed Feb 04 13:12:29 +0000 2026,ngaco nih aku denger dr orang kelurahan langsung krn lg di verifikasi data kemiskinan jadi yg mendadak bpjsnya non aktif datang ke kelurahan nanti buat di cek lagi ini keluarga mampu atau ngga mampu soalnya banyak orang kaya tp pake bpjs pbi,namaste890,2026-02-04 13:12:29+00:00,2026-02,ngaco nih aku denger orang kelurahan langsung karena lagi verifikasi data kemiskinan jadi mendadak bpjsnya non aktif datang kelurahan nanti buat cek lagi keluarga mampu atau ngga mampu soalnya banyak orang kaya tapi pakai pbi,Negatif,3
Mon Mar 23 23:04:22 +0000 2026,mau pake bpjs gak tembus terus war ngantri nya sehari dibatasi 7 pasien doang mau swasta gak kuat biayanya,Riyo_Satr,2026-03-23 23:04:22+00:00,2026-03,mau pakai tidak tembus terus war ngantri sehari dibatasi pasien doang mau swasta tidak kuat biayanya,Negatif,5
Fri Mar 20 17:45:02 +0000 2026,pdhl bisa loh kak mereka berobat pakai bpjs juga ibuku juga kanker pd 3 thn lalu full bpjs knp ya orang tua suka ga mikirin gitu anak udh bela belain kerja keras buat kesembuhan tp malah ortu masih mikirin gengsi ke tetangga,soogyuishe,2026-03-20 17:45:02+00:00,2026-03,padahal bisa loh mereka berobat pakai juga ibuku juga kanker pd tahun lalu full kenapa orang tua suka tidak mikirin begitu anak sudah bela belain kerja keras buat kesembuhan tapi malah ortu masih mikirin gengsi tetangga,Negatif,4
Mon Feb 16 12:17:57 +0000 2026,pendapat ngawur brother nggak ada kaitannya mbg sama cuci darah peserta penerima bantuan iuran pbi bpjs pos anggaran mbg dan pos anggaran pbi bpjs itu sendiri sendiri nggak ada hubungan yg menyetop iuran 11 juta peserta pbi bpjs kemaren itu adalah sistem otomatis terjadi saat program satu sistem terintegrasi mulai diterapkan kagak ada urusan apapun sama mbg anggaran beasiswa proyek beasiswa lpdp dll masih runing tuh hanya saja mulai fokus ke ranah stem anggaran daerah yg dipotong ah itu sih sudah sejak jaman jokowi dimana anggaran yg tidak prioritas perjalanan dinas rapat pns asn di hotel mewah studi banding dll dipangkas habis ratusan triliun dihemat uangnya dipakai utk dukung mbg beda prabowo sekarang sama jokowi era prabowo ini uang negara lebih banyak diarahkan untuk bantuan bantuan sosial dan subsidi,nalar_logis,2026-02-16 12:17:57+00:00,2026-02,pendapat ngawur brother tidak ada kaitannya sama cuci darah peserta penerima bantuan iuran pbi pos anggaran pos anggaran pbi sendiri sendiri tidak ada hubungan menyetop iuran juta peserta pbi kemaren adalah sistem otomatis terjadi saat program satu sistem terintegrasi mulai diterapkan kagak ada urusan apapun sama anggaran beasiswa proyek beasiswa lpdp dll masih runing hanya saja mulai fokus ranah stem anggaran daerah dipotong ah sudah sejak jaman jokowi dimana anggaran tidak prioritas perjalanan dinas rapat pns asn hotel mewah studi banding dll dipangkas habis ratusan triliun dihemat uangnya dipakai untuk dukung beda prabowo sekarang sama jokowi era prabowo uang negara lebih banyak diarahkan untuk bantuan bantuan sosial subsidi,Negatif,2
Mon Mar 23 07:21:51 +0000 2026,bpjs is g o a t perawatan yg habis ratusan juta bisa free krna program ini paling minusnya antri berkas ribet sama perawat judes aja,rrzave,2026-03-23 07:21:51+00:00,2026-03,is g o a t perawatan habis ratusan juta bisa free krna program paling minusnya antri berkas ribet sama perawat judes saja,Negatif,5
Sun Oct 05 21:12:33 +0000 2025,kerjo outlet buka 24 jam ga dicover bpjs gaole mangan ijin dipersulit peraturan e ngawur sistem kerjo e suwe ga jelas wong e koyok taek kabeh top wes,sadpvnks,2025-10-05 21:12:33+00:00,2025-10,kerjo outlet buka jam tidak dicover gaole mangan ijin dipersulit peraturan e ngawur sistem kerjo e suwe tidak jelas wong e koyok taek kabeh top wes,Negatif,4
Sun Mar 22 04:25:28 +0000 2026,kalo dia golongan 3 hidup bakal standar nder nabung kayaknya mentok 1 2 jt kalo hidup berdua dan satunya ga kerja kalo dia bertahan sampe golongan 4 dan menjabat sebuah jabatan udah mulai bisa kaya soalnya korupsi huahaha becanda geees,penggunaBPJS,2026-03-22 04:25:28+00:00,2026-03,kalau dia golongan hidup bakal standar nder nabung kayaknya mentok juta kalau hidup berdua satunya tidak kerja kalau dia bertahan sampe golongan menjabat sebuah jabatan sudah mulai bisa kaya soalnya korupsi huahaha becanda ges,Negatif,5
Sat Mar 21 13:43:18 +0000 2026,bsbs bya ngejelekin gw yg engga engga pdhl gw bantinh tulang kuliah klo streessss cape ya main biar ttp waras anjg,Gausah_kep0o,2026-03-21 13:43:18+00:00,2026-03,bsbs bya ngejelekin saya engga engga padahal saya bantinh tulang kuliah kalau strees cape main biar ttp waras anjg,Negatif,7
Wed Mar 04 08:52:48 +0000 2026,woi jangan viral gweh takut bpjs belum cair nih karna nunggak nunggak mulu padahal duitnya banyak bener2 selama 8 taun kerja baru kali ini dapet kantor dzolim gada obat,saphelune_,2026-03-04 08:52:48+00:00,2026-03,woi jangan viral gweh takut belum cair nih karna nunggak nunggak mulu padahal duitnya banyak bener selama taun kerja baru kali dapet kantor dzolim gada obat,Negatif,1
Sat Mar 21 10:34:15 +0000 2026,tadi dari jam 4 pagi hypoglikemi pasien anak demam under 40c tanpa kejang mau pake bpjs maju mundur mau brobat apa ga pasien dewasa kejang dewasa riw tumor otak partus normal dah lah nikmat hektiknya,kentutmengigil,2026-03-21 10:34:15+00:00,2026-03,tadi jam pagi hypoglikemi pasien anak demam under c tanpa kejang mau pakai maju mundur mau brobat apa tidak pasien dewasa kejang dewasa riw tumor otak partus normal sudah lah nikmat hektiknya,Negatif,5
Mon Feb 09 06:45:02 +0000 2026,menteri purbaya jengkel dengan terkait penonaktifan 11 juta pbi di jkn image di mata rakyat jadi jelek purbaya menyebut bpjs kesehatan melakukan kebijakan konyol sampai menimbulkan keributan di masyarakat padahal uang yang negara keluarkan sama,Heraloebss,2026-02-09 06:45:02+00:00,2026-02,menteri purbaya jengkel dengan terkait penonaktifan juta pbi jkn image mata rakyat jadi jelek purbaya menyebut melakukan kebijakan konyol sampai menimbulkan keributan masyarakat padahal uang negara keluarkan sama,Negatif,5
Sun Feb 08 04:47:22 +0000 2026,anaknya keracunan bokap nyokap bpjsnya dicabut duh lengkap sudah,TheCurut007,2026-02-08 04:47:22+00:00,2026-02,anaknya keracunan bokap nyokap bpjsnya dicabut duh lengkap sudah,Negatif,3
Fri Feb 27 01:36:09 +0000 2026,bnr gw jg udh prediksi market dokter2 spesialis akan kacau kedepannya krn bpjs oversupply dari pts yg akan numpuk di kota besar jg ujungnya bnr2 gak worth it dari sisi ekonomi kecuali yg dicari adalah gengsi tpi yaa well see semoga ga terjadi kemungkinan kecil,nabilnismara,2026-02-27 01:36:09+00:00,2026-02,bnr saya juga sudah prediksi market dokter spesialis akan kacau kedepannya karena oversupply pts akan numpuk kota besar juga ujungnya bnr tidak worth it sisi ekonomi kecuali dicari adalah gengsi tpi yaa well see semoga tidak terjadi kemungkinan kecil,Negatif,4
Wed Mar 25 10:09:25 +0000 2026,titik terendah adalah di roasting bocil gubernur pingsan,Xbacottetangga,2026-03-25 10:09:25+00:00,2026-03,titik terendah adalah roasting bocil gubernur pingsan,Negatif,7
Mon Feb 23 14:44:02 +0000 2026,aduh gak deh gak jadi saya pakai bpjs banyak dramanya di berhentikan lah naik lah kacau,imischristian,2026-02-23 14:44:02+00:00,2026-02,aduh tidak tidak jadi saya pakai banyak dramanya berhentikan lah naik lah kacau,Negatif,3
Tue Nov 04 02:34:50 +0000 2025,kebayang gak sih aff dj stent lewat penis disuruh dilakukan di poli bpjs based medicine kacau,sunbeamkisu,2025-11-04 02:34:50+00:00,2025-11,kebayang tidak aff dj stent lewat penis disuruh dilakukan poli based medicine kacau,Negatif,5
Wed Mar 25 10:23:28 +0000 2026,jujur aku jarang ngomentarin hal kayak gini tapi ini ternyata kok anjir juga yahhh liat rekapan ini jadi makin meyakinkan kalo si cewek nya emg capermmf yaa aku skrg sbl bgt sm si cewek stop bertingkah plsss,bblueara,2026-03-25 10:23:28+00:00,2026-03,jujur aku jarang ngomentarin hal kayak gini tapi ternyata anjir juga yah liat rekapan jadi makin meyakinkan kalau si cewek emg capermmf yaa aku sekarang sbl banget sama si cewek stop bertingkah pls,Negatif,3
Wed Mar 25 10:02:00 +0000 2026,bntr lagi 4 hari 3 hari 2 hari 1 hari alias udahan napa si kl mau menghentikan program boros tidak tepat sasaran tidak bergizi dan mubazir ini gausah gengsi gt loh,aminamow,2026-03-25 10:02:00+00:00,2026-03,bntr lagi hari hari hari hari alias udahan napa si kalau mau menghentikan program boros tidak tepat sasaran tidak bergizi mubazir gausah gengsi begitu loh,Negatif,3
Tue Mar 24 16:23:04 +0000 2026,edabu baik sisi peserta dan admin ampas semua nyari duit rajin pegawe gaji gede pake asuransi non bpjs tapi pelayanan gitu2 aja,samahin_,2026-03-24 16:23:04+00:00,2026-03,edabu baik sisi peserta admin ampas semua nyari duit rajin pegawe gaji gede pakai asuransi non tapi pelayanan begitu saja,Negatif,3
Thu Mar 12 03:58:32 +0000 2026,jalan tol bpjs dan mbg zonk bpjs pelayanan kesehatan nya kayak banyak keluhan,Taslim90739830,2026-03-12 03:58:32+00:00,2026-03,jalan tol zonk pelayanan kayak banyak keluhan,Negatif,3
Tue Oct 28 12:26:43 +0000 2025,penutup tahun yg membuat istigfar l di keluarin tanpa aba2 malem bosnya dateng amp besoknya udh d suruh ga kerja pngen spill kelakuan bosnya pas ngomong pas di keluarin tapi sayang banget ga di rekam 5 tahun kerja disini zonk ga dapet apa apa bpjs ketenagakerjaan g dapet,RiniMu16,2025-10-28 12:26:43+00:00,2025-10,penutup tahun membuat istigfar l keluarin tanpa aba malem bosnya dateng  besoknya sudah d suruh tidak kerja pngen spill kelakuan bosnya pas ngomong pas keluarin tapi sayang banget tidak rekam tahun kerja disini zonk tidak dapet apa apa ketenagakerjaan g dapet,Negatif,3
Sun Feb 08 10:08:53 +0000 2026,kenapa keukeuh yg bpjs pbi disuruh proaktif ngecek status bpjs gampang ngomong suruh ngecek via mobile jkn tlp wa hp aja byk yg punya makanya masuk pbi,titiktinta,2026-02-08 10:08:53+00:00,2026-02,kenapa keukeuh pbi disuruh proaktif ngecek status gampang ngomong suruh ngecek via mobile jkn tlp wa hp saja byk punya makanya masuk pbi,Negatif,3
Fri Feb 27 10:40:54 +0000 2026,bpjs kenapa dibanggain,lukskywalker27,2026-02-27 10:40:54+00:00,2026-02,kenapa dibanggain,Negatif,2
Wed Mar 11 06:52:31 +0000 2026,kenapa bpjs harus tutup dijam 13 30 sih,bluvmomma,2026-03-11 06:52:31+00:00,2026-03,kenapa harus tutup dijam,Negatif,2
Sun Feb 22 18:10:32 +0000 2026,kenapa kucing gapunya bpjs,manusiaajuni,2026-02-22 18:10:32+00:00,2026-02,kenapa kucing gapunya,Negatif,6
Mon Mar 02 13:21:32 +0000 2026,eh kenapa bpjs kesehatan malah dipotong jir kan emg kewajiban kantor atau gue yg gapaham,gyuhanapping,2026-03-02 13:21:32+00:00,2026-03,eh kenapa malah dipotong jir emg kewajiban kantor atau saya gapaham,Negatif,1
Mon Feb 09 08:51:02 +0000 2026,lah ya emang karena mahal jadilah pemerintah saat itu pak sby bikin solusi subsidi silang subsidi dari negara dengan skema asuransi bpjs kenapa pejabat pejabat ini pada mengalami kemunduran berpikir massal ya hmm,sortofbrown,2026-02-09 08:51:02+00:00,2026-02,lah emang karena mahal jadilah pemerintah saat pak sby membuat solusi subsidi silang subsidi negara dengan skema asuransi kenapa pejabat pejabat pada mengalami kemunduran berpikir massal hmm,Negatif,2
Thu Feb 12 03:24:00 +0000 2026,trump support israhell abis2an venezuela skrg kirim minyak ke israhell stlh presidennya ditangkap prabowo join zionist nyumbang 16 7t tni dikirim buat jd zionist jg mbg kek tai korupsi mbg makin besar bpjs pbi status non aktif massal ya allah kenapa gue wni,ochanissa,2026-02-12 03:24:00+00:00,2026-02,trump support israhell abisan venezuela sekarang kirim minyak israhell stlh presidennya ditangkap prabowo join zionist nyumbang t tni dikirim buat jadi zionist juga seperti tai korupsi makin besar pbi status non aktif massal allah kenapa saya wni,Negatif,7
Tue Mar 24 11:52:02 +0000 2026,tapi kliniknya juga salah karena kenapa gak masukin jadwal dokter di tgl merah cuti bersama padahal bisa masukin jadwal dokter di tgl tersebut semua bpjs dokter tgl merah cuti kosong tapi balik lagi ke klinik mau nggak masukin dokter pengganti ke bpjs,Naraatd,2026-03-24 11:52:02+00:00,2026-03,tapi kliniknya juga salah karena kenapa tidak masukin jadwal dokter tanggal merah cuti bersama padahal bisa masukin jadwal dokter tanggal tersebut semua dokter tanggal merah cuti kosong tapi balik lagi klinik mau tidak masukin dokter pengganti,Negatif,5
Sat Feb 28 14:30:09 +0000 2026,guys pph21 sender kok gede bgt yaa 400an pph21 doang ini blm bpjs padahal masih prorate jg masih blm full karena blm sebulan kerja ga ngerti ih kenapa segede itu,tanyarlfes,2026-02-28 14:30:09+00:00,2026-02,guys pph sender gede banget yaa an pph doang belum padahal masih prorate juga masih belum full karena belum sebulan kerja tidak ngerti ih kenapa segede,Negatif,4
Thu Mar 19 16:46:57 +0000 2026,ditengah jam kerja yg bahkan beberapa rumah sakit mengharuskan menjaga klinik rekanan bpjs nya ownership pribadi dari fasilitas rs untuk klinik bpjs apa ga jomplang banget ya kehidupan nakes ini baru berbicara dokter umum belum nakes nakes lainnya,AttaMufid,2026-03-19 16:46:57+00:00,2026-03,ditengah jam kerja bahkan beberapa rumah sakit mengharuskan menjaga klinik rekanan ownership pribadi fasilitas rumah sakit untuk klinik apa tidak jomplang banget kehidupan nakes baru berbicara dokter umum belum nakes nakes lainnya,Negatif,5
Thu Mar 19 20:55:13 +0000 2026,ngakak rumah sakit korup dana bpjs yg ada rs nombok karena bpjs gak mau nalangin tong tong,ragdollkittiess,2026-03-19 20:55:13+00:00,2026-03,ngakak rumah sakit korup dana ada rumah sakit nombok karena tidak mau nalangin tong tong,Negatif,5
Sun Dec 28 07:17:12 +0000 2025,ketemu temennya tante pas lg berkunjung ke rumahnya pas tau aku kerja apa bisa2nya tanya kenapa bpjs tuh gabisa cepat harus nunggu orang mati ya tau itu asuransi rakyat masa kudu sekarat dl baru dilayani monmaap nih saya yg uda ga kerja di faskes 1 kan jd mangkel ya,rhepiggy,2025-12-28 07:17:12+00:00,2025-12,ketemu temennya tante pas lagi berkunjung rumahnya pas tahu aku kerja apa bisanya tanya kenapa gabisa cepat harus nunggu orang mati tahu asuransi rakyat masa kudu sekarat dl baru dilayani monmaap nih saya uda tidak kerja faskes jadi mangkel,Negatif,2
Thu Feb 05 02:44:17 +0000 2026,sudah bayar bpjs tapi saldo di rekening tetap kepotong bpjs itu kenapa ya,zaa_zaee_,2026-02-05 02:44:17+00:00,2026-02,sudah bayar tapi saldo rekening tetap kepotong kenapa,Negatif,5
Fri Nov 21 07:28:16 +0000 2025,sedih liat sendernya tapi kenapa gak coba daftar bpjs gratis ya padahal bpjs ada yang gratis loh alias aku pakai bpjs gratis karena ortu udah gak kerja dua duanya,resierve,2025-11-21 07:28:16+00:00,2025-11,sedih liat sendernya tapi kenapa tidak coba daftar gratis padahal ada gratis loh alias aku pakai gratis karena ortu sudah tidak kerja dua duanya,Negatif,5
Sun Nov 02 14:05:08 +0000 2025,lagi lagi huru hara dibidang pelayanan masyarakat semua ini salah siapa si ya tentu aja yg buat kebijakan terutama bpjs gue aj kadang suka bingung kenapa pasiennya udh krs pdhl kondisinya msih blm stabil ternyata ya kebijakannya bpjs balik lagi ke yg buat kebijakan,gem4th,2025-11-02 14:05:08+00:00,2025-11,lagi lagi huru hara dibidang pelayanan masyarakat semua salah siapa si tentu saja buat kebijakan terutama saya aj kadang suka bingung kenapa pasiennya sudah krs padahal kondisinya msih belum stabil ternyata kebijakannya balik lagi buat kebijakan,Negatif,2
Thu Mar 05 08:51:11 +0000 2026,baru kali ini gue ke dokter pake bpjs dan dokternya judgmental kek ya kenapa emng gue bulan lalu baru berobat terus bulan ini berobat lagi perkara minta surat dokter seakan akan kek gue sakitnya bohong kalo bukan karena dimintain surat dokter sama hr gue juga gak bakal minta,ilovinRED,2026-03-05 08:51:11+00:00,2026-03,baru kali saya dokter pakai dokternya judgmental seperti kenapa emng saya bulan lalu baru berobat terus bulan berobat lagi perkara minta surat dokter seakan akan seperti saya sakitnya bohong kalau bukan karena dimintain surat dokter sama hr saya juga tidak bakal minta,Negatif,1
Thu Dec 25 23:57:17 +0000 2025,kenapa ya suka bawa bawa nenek sakit ini sakit anak sakit emang gak pake bpjs ah pasti judol wkwkwk yakin banget,salbrutamol,2025-12-25 23:57:17+00:00,2025-12,kenapa suka bawa bawa nenek sakit sakit anak sakit emang tidak pakai ah pasti judol tertawa yakin banget,Negatif,5
Sat Nov 15 00:24:58 +0000 2025,membayangkan adegan d suatu igd rs pak ini gak ditanggung bpjs ya biaya perawatannya loh kenapa bpjs saya aktif bayar teratur kok gak sdikit sy kluar org loh soalnya bapak kaya apa gak kena gebuk itu nakesnya yg kie,sefixime10969,2025-11-15 00:24:58+00:00,2025-11,membayangkan adegan d suatu igd rumah sakit pak tidak ditanggung biaya perawatannya loh kenapa saya aktif bayar teratur tidak sdikit sy kluar orang loh soalnya bapak kaya apa tidak kena gebuk nakesnya kie,Negatif,5
Thu Jan 22 15:14:44 +0000 2026,gue nda ngomong kesiapa siapa pengen pasang behel di ortho trus buka ig muncul akun behel btw kenapa ya behel nda ditanggung bpjs kan biar warga indonesia pada cakepan harusnya mahal bgt bjiir 15 juta menuju 2045 indonesia tjakepppp,novialiasari_,2026-01-22 15:14:44+00:00,2026-01,saya nda ngomong kesiapa siapa pengen pasang behel ortho trus buka ig muncul akun behel btw kenapa behel nda ditanggung biar warga indonesia pada cakepan harusnya mahal banget bjiir juta menuju indonesia tjakep,Negatif,6
Mon Feb 09 07:30:00 +0000 2026,faktor utama penyebab dibutuhkannya bpjs itu adalah sakit pak jadi kalau bpjs tidak digunakan setahun tandanya ya nggak sakit bukannya nggak miskin asal pernah sekolah sebentaaaaaar aja kayaknya bisa ngerti masalah beginian mah pak,malakmalakmal,2026-02-09 07:30:00+00:00,2026-02,faktor utama penyebab dibutuhkannya adalah sakit pak jadi kalau tidak digunakan setahun tandanya tidak sakit bukannya tidak miskin asal pernah sekolah sebentar saja kayaknya bisa ngerti masalah beginian mah pak,Negatif,2
Thu Feb 26 13:19:06 +0000 2026,kenapa ada bpjs nya deh bingung,adikyeosang,2026-02-26 13:19:06+00:00,2026-02,kenapa ada bingung,Negatif,5
Thu Feb 19 23:09:07 +0000 2026,kenapa sih pelayanan bpjs tuh lama banget oke kekurangan tenaga medis dan lain lain ya gimana gitu solusinya penduduk indonesia banyak penanggulangannya gimana bahkan yg berbayar pun masih nunggu lamaaaaaa banget,panonpoe07,2026-02-19 23:09:07+00:00,2026-02,kenapa pelayanan lama banget oke kekurangan tenaga medis lain lain gimana begitu solusinya penduduk indonesia banyak penanggulangannya gimana bahkan berbayar pun masih nunggu lama banget,Negatif,5
Sun Mar 15 13:22:07 +0000 2026,kadang suka heran kenapa bpjs gak bisa dipakai di semua daerah sementara banyak dari kita yg merantau ke kota krn kerjaan amp kuliah,itswinterbae_,2026-03-15 13:22:07+00:00,2026-03,kadang suka heran kenapa tidak bisa dipakai semua daerah sementara banyak kita merantau kota karena kerjaan  kuliah,Negatif,3
Wed Feb 25 08:58:59 +0000 2026,kenapa gak cukai rokok aja all in ke bpjs pak,direktoridosen,2026-02-25 08:58:59+00:00,2026-02,kenapa tidak cukai rokok saja all in pak,Negatif,3
Fri Mar 20 03:36:50 +0000 2026,loh kenapa statementmu tiba2 jd begitu logika saja klo kota besar belum tentu pendapatan bpjs besar apalagi daerah kecil lalu kamu beradu argumen disini utk apa klo kamu sendiri menyadari itu lol gak nyambung kamu ini pembahasannya,bosgyu,2026-03-20 03:36:50+00:00,2026-03,loh kenapa statementmu tiba jadi begitu logika saja kalau kota besar belum tentu pendapatan besar apalagi daerah kecil lalu kamu beradu argumen disini untuk apa kalau kamu sendiri menyadari lol tidak nyambung kamu pembahasannya,Negatif,7
Wed Feb 25 08:08:41 +0000 2026,terus yang enggak merokok gimana apa argumentasinya soal kritik kenaikan iuran bpjs ini mending jujur saja itu kenapa iuran bpjs dinaikkan bukan malah senggol senggol apa yang dibeli masyarakat,dayatpiliang,2026-02-25 08:08:41+00:00,2026-02,terus enggak merokok gimana apa argumentasinya soal kritik kenaikan iuran mending jujur saja kenapa iuran dinaikkan bukan malah senggol senggol apa dibeli masyarakat,Negatif,1
Tue Mar 24 22:14:43 +0000 2026,loh kalau klinik bpjs mereka diminta untuk isi borang kak di borang itu tiap faskes dimintain tanggal masuk tanggal libur dan faskes pengganti aku tau soalnya aku kerja di 2 faskes aku yang ngisi kapan faskes 1 ku libur dan masuknya dan faskes yang buka ga ngisi borang,jyanidif,2026-03-24 22:14:43+00:00,2026-03,loh kalau klinik mereka diminta untuk isi borang borang tiap faskes dimintain tanggal masuk tanggal libur faskes pengganti aku tahu soalnya aku kerja faskes aku ngisi kapan faskes ku libur masuknya faskes buka tidak ngisi borang,Negatif,4
Fri Jan 02 01:56:04 +0000 2026,di ella nih emang biasa gini ya belum buka tapi dah pada nunggu di luar kek antri bpjs,ddungdin93_,2026-01-02 01:56:04+00:00,2026-01,ella nih emang biasa gini belum buka tapi sudah pada nunggu luar seperti antri,Negatif,5
Mon Nov 10 10:57:22 +0000 2025,dipanggil dokter tiba tiba ada bapak bapak nyeletuk jangan lama lama bu lah tolol lu kalau gamau antri jgn pake bpjs kocak nyuruh orang buat gak lama lama dipikir yg urgent lu doang tolol,94hsthetic,2025-11-10 10:57:22+00:00,2025-11,dipanggil dokter tiba tiba ada bapak bapak nyeletuk jangan lama lama bu lah tolol kamu kalau gamau antri jangan pakai kocak nyuruh orang buat tidak lama lama dipikir urgent kamu doang tolol,Negatif,5
Fri Feb 06 11:02:04 +0000 2026,yaampun nih orang udah dong aku males antri bpjs,Jayswifuu,2026-02-06 11:02:04+00:00,2026-02,yaampun nih orang sudah aku males antri,Negatif,6
Sat Jan 10 05:09:43 +0000 2026,psa makek bpjs antri lama bayar mandiri mahal puol yaallah,iidyllic11,2026-01-10 05:09:43+00:00,2026-01,psa makek antri lama bayar mandiri mahal puol yaallah,Negatif,1
Tue Nov 04 09:17:48 +0000 2025,hidup itu kadang antri ngonser kadang antri bpjs,kdy_lessgo,2025-11-04 09:17:48+00:00,2025-11,hidup kadang antri ngonser kadang antri,Negatif,1
Sun Nov 30 04:09:59 +0000 2025,setahun laluuu antri panjang bgt karena make bpjs dan bolak balik rs mulu,trouvaille_xz,2025-11-30 04:09:59+00:00,2025-11,setahun lalu antri panjang banget karena make bolak balik rumah sakit mulu,Negatif,5
Sat Mar 21 13:17:18 +0000 2026,anjer setahun naik hampir 5rb dr 2024 15rb sekarang 22rb,its_me_prak,2026-03-21 13:17:18+00:00,2026-03,anjer setahun naik hampir ribu ribu sekarang ribu,Negatif,1
Fri Nov 14 12:36:24 +0000 2025,kemarin mas barber curhat istrinya cabut gigi antri 10 bln pke bpjs mandiri hbs 5 jt,0xmmmj,2025-11-14 12:36:24+00:00,2025-11,kemarin mas barber curhat istrinya cabut gigi antri bln pke mandiri hbs juta,Negatif,5
Mon Feb 09 08:48:43 +0000 2026,ditengah nguapku selama antri bpjs malah diajak ngobrol pak satpamnya bukannya gimana wey tapi ini komukku belom juga mingkemm wkwk,khaleeshitt,2026-02-09 08:48:43+00:00,2026-02,ditengah nguapku selama antri malah diajak ngobrol pak satpamnya bukannya gimana wey tapi komukku belom juga mingkemm tertawa,Negatif,4
Tue Jan 20 08:52:23 +0000 2026,mual bgt antri bpjs pelayanan nya lama bgt udah lemes bgt gue,sellyzrd,2026-01-20 08:52:23+00:00,2026-01,mual banget antri pelayanan lama banget sudah lemes banget saya,Negatif,1
Thu Jan 15 02:52:16 +0000 2026,antrian bpjs yg didapat sama yg dipanggil itu kenapa jaraknya gede banget ya sampe 50an kasian pasien2 sepuh,Meychanting,2026-01-15 02:52:16+00:00,2026-01,antrian didapat sama dipanggil kenapa jaraknya gede banget sampe an kasian pasien sepuh,Negatif,6
Mon Nov 24 09:11:49 +0000 2025,bosen bgt nunggu antrian bpjs yaallah gini amat,tackutbanget,2025-11-24 09:11:49+00:00,2025-11,bosen banget nunggu antrian yaallah gini amat,Negatif,5
Tue Mar 24 14:00:19 +0000 2026,woi pantes kemarin mau kontrol tanggal 17 bahkan udah gabisa sampe akhir maret mgkin udah ada antrian masuk ya berarti baru dapet awal april karna gabisa nunda kontrol akhirnya biaya pribadi trs pas kemaren kontrol katanya emg ga ada antrian bpjs tuh hari itu,salsaidbila,2026-03-24 14:00:19+00:00,2026-03,woi pantes kemarin mau kontrol tanggal bahkan sudah gabisa sampe akhir maret mgkin sudah ada antrian masuk berarti baru dapet awal april karna gabisa nunda kontrol akhirnya biaya pribadi terus pas kemaren kontrol katanya emg tidak ada antrian hari,Negatif,5
Sun Mar 22 16:30:48 +0000 2026,gw ga pernah takut sama rasa sakitnya cuman biaya nya itu mahal banget untung pakai bpjs tapi lama banget jir antrian nya,pian_ian16,2026-03-22 16:30:48+00:00,2026-03,saya tidak pernah takut sama rasa sakitnya cuman biaya mahal banget untung pakai tapi lama banget jir antrian,Negatif,5
Mon Dec 01 13:57:21 +0000 2025,keinget lagi daftar buat ambil antrian dimintain bpjs malah ngasih kartu pelajar sma yang udah burik itu,candiepawsta,2025-12-01 13:57:21+00:00,2025-12,keinget lagi daftar buat ambil antrian dimintain malah kasih kartu pelajar sma sudah burik,Negatif,5
Sun Dec 14 12:15:04 +0000 2025,gua pernah mau berobat mandiri tht di rsud kab bks gua ga ngerti nanya satpam malah disatuin sama antrian bpjs ramenya bukan maen dan setelah dapet wa csnya fast respon disuruh ke ruangan beda buat daftar dan disuruh langsung ke ruangan dokter skip antrian lanjut,galaxchin,2025-12-14 12:15:04+00:00,2025-12,saya pernah mau berobat mandiri tht rsud kab bks saya tidak ngerti nanya satpam malah disatuin sama antrian ramenya bukan maen setelah dapet wa csnya fast respon disuruh ruangan beda buat daftar disuruh langsung ruangan dokter skip antrian lanjut,Negatif,5
Tue Oct 21 04:28:48 +0000 2025,nunggu antrian bpjs dan nggak bawa bacaan,artsthically,2025-10-21 04:28:48+00:00,2025-10,nunggu antrian tidak bawa bacaan,Negatif,6
Fri Feb 27 00:25:39 +0000 2026,antrian memgurus bpjs sdh datang pagi sesuai arahan pagi sdh sampai ditempat no antrian tidak segera di bagikan di suruh berdiri dulu spt nunggu antrian aembako,Afdal123jamaan,2026-02-27 00:25:39+00:00,2026-02,antrian memgurus sdh datang pagi sesuai arahan pagi sdh sampai ditempat no antrian tidak segera bagikan suruh berdiri dulu spt nunggu antrian aembako,Negatif,5
Tue Nov 25 09:13:18 +0000 2025,ini yg katanya ada harga ada barang ya pingin lahiran dekat rumah normal pakai bpjs ambil antrian dr pagi jam 6 dapat jadwal dokter jam 3 yang ternyata sampai jam 4 lewat belum dipanggil mau sedih tapi udah pilihan demi save money buat uang sekolahnya,akanberlaluu,2025-11-25 09:13:18+00:00,2025-11,katanya ada harga ada barang pingin lahiran dekat rumah normal pakai ambil antrian pagi jam dapat jadwal dokter jam ternyata sampai jam lewat belum dipanggil mau sedih tapi sudah pilihan demi save money buat uang sekolahnya,Negatif,5
Sat Nov 01 08:15:05 +0000 2025,eh pasien bpjs itu banyakan orang tua emang orang tua pada main x buka kacamata lu makanya gue tanya lu udah pernah belom liat antrian bpjs dan duduk disana ngobrol sama orang tua,Txt_Human,2025-11-01 08:15:05+00:00,2025-11,eh pasien banyakan orang tua emang orang tua pada main x buka kacamata kamu makanya saya tanya kamu sudah pernah belom liat antrian duduk disana ngobrol sama orang tua,Negatif,2
Thu Feb 12 04:34:57 +0000 2026,sumpah gua gedek banget pemerintah gara2 pemutihan bpjs ini meskipun gua gak terdampak sama keadaan itu tapi sebagai orang yang sebelumnya sering bolak balik rs gua paham betul rasanya antrian panjang bpjs dan urusan birokrasi rumah sakit dan bpjs,tojoursplusfort,2026-02-12 04:34:57+00:00,2026-02,sumpah saya gedek banget pemerintah gara pemutihan meskipun saya tidak terdampak sama keadaan tapi sebagai orang sebelumnya sering bolak balik rumah sakit saya paham betul rasanya antrian panjang urusan birokrasi rumah sakit,Negatif,5
Fri Nov 07 11:25:40 +0000 2025,udah kek antrian bpjs anyinggg,livimiese,2025-11-07 11:25:40+00:00,2025-11,sudah seperti antrian anying,Negatif,7
Thu Mar 12 06:26:02 +0000 2026,betul jangan karena uang malah kesehatan diabaikan ujung ujung nya uang yang didapat buat berobat cari uang penting tapi kalau mengorbankan kesehatan itu tidak sebanding berobat itu mahal bpjs tidak mencover semua penyakit berobat menggunakan bpjs pun butuh antrian yang panjang selama kita sehat uang akan tetap datang,CitizensdcVAL,2026-03-12 06:26:02+00:00,2026-03,betul jangan karena uang malah diabaikan ujung ujung uang didapat buat berobat cari uang penting tapi kalau mengorbankan tidak sebanding berobat mahal tidak mencover semua penyakit berobat menggunakan pun butuh antrian panjang selama kita sehat uang akan tetap datang,Negatif,5
Thu Nov 06 02:01:54 +0000 2025,padahal yg ngurus antrian pengguna bpjs ya faskes nya,wisnutheo,2025-11-06 02:01:54+00:00,2025-11,padahal ngurus antrian pengguna faskes,Negatif,6
Sun Jan 11 10:46:24 +0000 2026,waduh emng sih bbrapa kali nunggu antrian bpjs nih bner di uji,soaltburn,2026-01-11 10:46:24+00:00,2026-01,waduh emng bbrapa kali nunggu antrian nih bner uji,Negatif,2
Mon Mar 23 12:02:56 +0000 2026,bisa kak aku operasi gigi bungsu cabut atas bawah bagian kanan ranap 3 hari full pake bpjs minus nya harus sabar nunggu antrian berbulan bulan,thismanisyours,2026-03-23 12:02:56+00:00,2026-03,bisa aku operasi gigi bungsu cabut atas bawah bagian kanan ranap hari full pakai minus harus sabar nunggu antrian berbulan bulan,Negatif,2
Thu Nov 06 09:42:55 +0000 2025,tiap hari ada aja gebrakan pasien pasien special ini ga bisa bayangin kalo dia berobat ke bpjs yg antrian nya banyak antri obat nya lama bakalan ngamuk kek nyaaa,xoyaaa8_,2025-11-06 09:42:55+00:00,2025-11,tiap hari ada saja gebrakan pasien pasien special tidak bisa bayangin kalau dia berobat antrian banyak antri obat lama bakalan ngamuk seperti,Negatif,5
Fri Nov 21 16:18:50 +0000 2025,anj lah nunggu ss login aja kek nunggu antrian bpjs anjjjj lamaa banget monyetttt gue butuh duittttr babik,bluvnynlgf,2025-11-21 16:18:50+00:00,2025-11,anj lah nunggu ss login saja seperti nunggu antrian anj lamaa banget monyet saya butuh duitr babik,Negatif,6
Mon Mar 09 02:02:17 +0000 2026,harusnya mimpiin prabowo tadi jadi pertanda kalo pagi ini something bad will happened dokter gigiku cuti adanya baru minggu depan aku user bpjs nunggu antrian ini aja sebulan lebih,phuwinktang,2026-03-09 02:02:17+00:00,2026-03,harusnya mimpiin prabowo tadi jadi pertanda kalau pagi something bad will happened dokter gigiku cuti adanya baru minggu depan aku user nunggu antrian saja sebulan lebih,Negatif,6
Sat Feb 21 15:07:37 +0000 2026,kenapa hrs nunggu psi menang toh yg berkuasa skrg jg saudaranya ketum dan pemerintah skrg jg didukung penuh psi jd knp ga skrg aja dibisikkan caranya ke pemerintah yg sdg berkuasa gmn caranya gratiskan bpjs dan buka 50jt lapangan kerja kalo berhasil nanti psi pasti dpt nama jg toh,Dyani_zs,2026-02-21 15:07:37+00:00,2026-02,kenapa harus nunggu psi menang toh berkuasa sekarang juga saudaranya ketum pemerintah sekarang juga didukung penuh psi jadi kenapa tidak sekarang saja dibisikkan caranya pemerintah sdg berkuasa bagaimana caranya gratiskan buka juta lapangan kerja kalau berhasil nanti psi pasti dapat nama juga toh,Negatif,7
Tue Mar 03 11:48:13 +0000 2026,bpjs nunggu setaun mandiri ky beli motor second,arrybhakti,2026-03-03 11:48:13+00:00,2026-03,nunggu setaun mandiri ky beli motor second,Negatif,4
Sun Dec 28 07:20:44 +0000 2025,suda kujawab sebijak mungkin masi aja diserang kuakhiri dengan aku ga kerja di bpjs pak ya tanya langsung ke bpjsnya aja saya nakes tp ortu saya jg pake bpjs dan antri lama jg jgn nakes trs yg diserang monggo ke kantor bpjs langsung auto semua kicep kzl,rhepiggy,2025-12-28 07:20:44+00:00,2025-12,suda kujawab sebijak mungkin masi saja diserang kuakhiri dengan aku tidak kerja pak tanya langsung bpjsnya saja saya nakes tapi ortu saya juga pakai antri lama juga jangan nakes terus diserang monggo kantor langsung auto semua kicep kzl,Negatif,5
Mon Dec 15 04:55:25 +0000 2025,gni ya rasanya nunggu lama bgt layanan bpjs di rs,risnandar_12,2025-12-15 04:55:25+00:00,2025-12,gni rasanya nunggu lama banget layanan rumah sakit,Negatif,6
Wed Mar 25 06:04:31 +0000 2026,saya memang telat bayar selama 2 tahun tapi saya sdh byr keseluruhan nya telat karna saya perlu berobat hari ini kenapa ya di bantu saja untuk aktifkan biar saya bisa berobat saya butuh hari ini,namu_chim,2026-03-25 06:04:31+00:00,2026-03,saya memang telat bayar selama tahun tapi saya sdh byr keseluruhan telat karna saya perlu berobat hari kenapa bantu saja untuk aktifkan biar saya bisa berobat saya butuh hari,Negatif,5
Wed Mar 25 03:32:29 +0000 2026,baru kali ini bpnt tahap 4 tahun 2025 ga ada kabar coba dana bpnt dr seluruh indonesia belum keluar kmn dana ini,deni_yp,2026-03-25 03:32:29+00:00,2026-03,baru kali bpnt tahap tahun tidak ada kabar coba dana bpnt seluruh indonesia belum keluar kmn dana,Negatif,5
Thu Feb 26 00:40:22 +0000 2026,sistem bpjs rs siloam sepanjang jaya bekasi error antrian uda makin panjang tapi g bisa cekin uda ada janji temu jam 10 chaos banget,dhylaXD,2026-02-26 00:40:22+00:00,2026-02,sistem rumah sakit siloam sepanjang jaya bekasi error antrian uda makin panjang tapi g bisa cekin uda ada janji temu jam chaos banget,Negatif,7
Wed Mar 04 22:45:25 +0000 2026,jujur ada masa gue ngerasa jenuh banget sama kerjaan capek stres sampai mikir apa sih yang dikejar jir sampe ada satu momen diajak ngobrol sama nenek2 di lorong rs swasta jakarta tepatnya bagian antrian bpjs yg masih keinget bgt sampe sekarang cont,cangkir_nemu,2026-03-04 22:45:25+00:00,2026-03,jujur ada masa saya ngerasa jenuh banget sama kerjaan capek stres sampai mikir apa dikejar jir sampe ada satu momen diajak ngobrol sama nenek lorong rumah sakit swasta jakarta tepatnya bagian antrian masih keinget banget sampe sekarang cont,Negatif,5
Sun Oct 12 01:20:10 +0000 2025,anjay langsung di skakmat bpjs doesn t cover that burn rawr,tanyakanrl,2025-10-12 01:20:10+00:00,2025-10,anjay langsung skakmat doesn t cover that burn rawr,Negatif,3
Tue Mar 24 10:14:25 +0000 2026,bingung gw jujur make bpjs gamau nganter amp nungguin katanya lama ke rs swasta gamau jg katanya mahal trs maunya gw mati perlahan apa gmn,iingyah,2026-03-24 10:14:25+00:00,2026-03,bingung saya jujur make gamau nganter  nungguin katanya lama rumah sakit swasta gamau juga katanya mahal terus maunya saya mati perlahan apa bagaimana,Negatif,5
Mon Mar 23 09:14:51 +0000 2026,euy mau curhat ajaa aku lg hamil tm3 lebaran skrg di rumah mertua tapi rasanya ga nyaman bgt karena wc nya jongkok jujur skrg tuh klo jongkok lama perut kerasa sakit banget keteken apa krna kebiasaan di rumah pake wc duduk ya bilang ke mertua di bilang lebay soalnya,BaseBDG,2026-03-23 09:14:51+00:00,2026-03,euy mau curhat ajaa aku lagi hamil tm lebaran sekarang rumah mertua tapi rasanya tidak nyaman banget karena wc jongkok jujur sekarang kalau jongkok lama perut kerasa sakit banget keteken apa krna kebiasaan rumah pakai wc duduk bilang mertua bilang lebay soalnya,Negatif,5
Wed Mar 25 02:47:55 +0000 2026,oknum2 kpk harus di buang si koruptor haji dijadikan tahanan di rumah alasan sakit ini perbuatan gila dan se mena2 kalau sakit yaa bawa kerumah sakit bukan ke rumah pribadinya kpk harus di ganti orang2nya,mas__gentong,2026-03-25 02:47:55+00:00,2026-03,oknum kpk harus buang si koruptor haji dijadikan tahanan rumah alasan sakit perbuatan gila se mena kalau sakit yaa bawa kerumah sakit bukan rumah pribadinya kpk harus ganti orangnya,Negatif,1
Wed Mar 25 02:40:40 +0000 2026,demiii sakit bgt kakii abis leg day terpaksa lewat tangga kl naik lift sendirian di rumah sakit gua ga beraniii sama sekali,deaaprrilia,2026-03-25 02:40:40+00:00,2026-03,demi sakit banget kakii abis leg day terpaksa lewat tangga kalau naik lift sendirian rumah sakit saya tidak berani sama sekali,Negatif,6
Wed Mar 25 02:54:16 +0000 2026,kpk harus di ganti orang2nya dan perlu di periksa jangan2 mereka dapat upeti menjadikan si koruptor haji jadi tahanan rumah alasan sakit yaa bawa kerumah sakit atau panggil dokter bukan kerumah pribadi kpk sudah tidak benar kpk memalukan,mas__gentong,2026-03-25 02:54:16+00:00,2026-03,kpk harus ganti orangnya perlu periksa jangan mereka dapat upeti menjadikan si koruptor haji jadi tahanan rumah alasan sakit yaa bawa kerumah sakit atau panggil dokter bukan kerumah pribadi kpk sudah tidak benar kpk memalukan,Negatif,1
Tue Mar 24 15:30:01 +0000 2026,mau cerita nih guys aku tadi ke rumah sakit nemeni abang ku berobat karna gerd waktu diperiksa perutnya sama dokter dan disuruh tarik nafas disitu aku sadar kalo ternyata cara pernapasannya kurang tepat enaknya di yoga itu diajarin cara pernafasan yang benar,Roseuerq,2026-03-24 15:30:01+00:00,2026-03,mau cerita nih guys aku tadi rumah sakit nemeni abang ku berobat karna gerd waktu diperiksa perutnya sama dokter disuruh tarik nafas disitu aku sadar kalau ternyata cara pernapasannya kurang tepat enaknya yoga diajarin cara pernafasan benar,Negatif,2
Sun Mar 22 12:09:22 +0000 2026,beneran di rumah aja nyoba bertamu ke 4 rumah tetangga besoknya telapak kaki malah sakit,zsaszhxx,2026-03-22 12:09:22+00:00,2026-03,beneran rumah saja nyoba bertamu rumah tetangga besoknya telapak kaki malah sakit,Negatif,5
Fri Mar 20 15:20:04 +0000 2026,ada sedikit cerita lucu jadi aku sakit perut ada panggilan alam posisi aku di rumah nenek di kampung pas aku slsai pup di situ ada botol sabun aku ambil dan aku usap ke dbr ku lalu aku merasa ada yang aneh aku mencium bau cucian baju hah ternyata sabunnya itu detergen donk,matchalatt22216,2026-03-20 15:20:04+00:00,2026-03,ada sedikit cerita lucu jadi aku sakit perut ada panggilan alam posisi aku rumah nenek kampung pas aku slsai pup situ ada botol sabun aku ambil aku usap dbr ku lalu aku merasa ada aneh aku mencium bau cucian baju hah ternyata sabunnya detergen donk,Negatif,4
Sat Mar 21 05:23:21 +0000 2026,dan terjadi lagiii jumat 20 3 2026 sore mercon meledak saat dirakit di rumah warga di pituruh purworejo seorang pemuda mengalami luka bakar serius sementara empat lainnya luka ringan seluruh korban langsung dilarikan ke rumah sakit,Jateng_Twit,2026-03-21 05:23:21+00:00,2026-03,terjadi lagi jumat sore mercon meledak saat dirakit rumah warga pituruh purworejo seorang pemuda mengalami luka bakar serius sementara empat lainnya luka ringan seluruh korban langsung dilarikan rumah sakit,Negatif,5
Wed Mar 25 09:26:54 +0000 2026,eh tp emg iya dia termasuk lama dlu pernah jajan kalo lg co event selalu sakit trs cetak resinya di rumah kakak nya jd ngehambat pack bgt dan jadi lama,mitoulogi,2026-03-25 09:26:54+00:00,2026-03,eh tapi emg iya dia termasuk lama dulu pernah jajan kalau lagi co event selalu sakit terus cetak resinya rumah kakak jadi ngehambat pack banget jadi lama,Negatif,3
Wed Mar 25 06:24:59 +0000 2026,susah cari rumah cari yg murah tapi lokasinya di antah berantah jauh dari kantor gk ada sekolah bagus blm ada rumah sakit akses sulit dll,randomnumber_00,2026-03-25 06:24:59+00:00,2026-03,susah cari rumah cari murah tapi lokasinya antah berantah jauh kantor tidak ada sekolah bagus belum ada rumah sakit akses sulit dll,Negatif,2
Wed Mar 25 03:07:57 +0000 2026,kpk sudah jadi bobrok jadi tolol bin goblok jangan2 dan duga duga kpk dapat upeti dari si yaqult lalu kpk berbohong soal sakit terbukti si yaqult si koruptor haji sehat2 saja seandainya sakit yaa panggil dokter atau periksa di rumah sakit,mas__gentong,2026-03-25 03:07:57+00:00,2026-03,kpk sudah jadi bobrok jadi tolol bin goblok jangan duga duga kpk dapat upeti si yaqult lalu kpk berbohong soal sakit terbukti si yaqult si koruptor haji sehat saja seandainya sakit yaa panggil dokter atau periksa rumah sakit,Negatif,4
Sun Mar 01 09:13:28 +0000 2026,oyi enek sing due info ga ya ke spesialis mata di rs malang pake umum bayar berapa rs mana aja bebas pokoo malang plis bagi info ya rek urgent soale dana minim ojo omong bpjs soale aku bar di sentak dokter wingi dadi ga puas ser umum ae,ngalamfess,2026-03-01 09:13:28+00:00,2026-03,oyi enek sing due info tidak spesialis mata rumah sakit malang pakai umum bayar berapa rumah sakit mana saja bebas pokoo malang plis bagi info rek urgent soale dana minim ojo omong soale aku bar sentak dokter wingi dadi tidak puas ser umum ae,Negatif,3
Tue Mar 24 03:43:58 +0000 2026,knp org2 kyk kurang aware sm kesehatan hal2 prioritas tapi jajan bisa ada bpjs sy nambal 5 gigi 1 cabut geraham bungsu di dokter ahli bedah mulut nol rupiah di rs hermina sy tanya dokter kalo nda pake bpjs brp 3jt cabutnya krn dibedah,Fengshuiwarna,2026-03-24 03:43:58+00:00,2026-03,kenapa orang kyk kurang aware sama hal prioritas tapi jajan bisa ada sy nambal gigi cabut geraham bungsu dokter ahli bedah mulut nol rupiah rumah sakit hermina sy tanya dokter kalau nda pakai berapa juta cabutnya karena dibedah,Negatif,6
Wed Feb 25 02:48:17 +0000 2026,jends ada yg pernah demam trs diinfus di rs ga rs mana yg bisa pake bpjs ya,unsoedmfs,2026-02-25 02:48:17+00:00,2026-02,jends ada pernah demam terus diinfus rumah sakit tidak rumah sakit mana bisa pakai,Negatif,5
Wed Mar 25 10:12:33 +0000 2026,yup dr bhs sanskerta yg artinya berlian tp mostly oleh orang sana dipakai untuk nama pria dan mereka kaget loh koq cewek nama ratna,Petejengkolno1,2026-03-25 10:12:33+00:00,2026-03,yup bhs sanskerta artinya berlian tapi mostly oleh orang sana dipakai untuk nama pria mereka kaget loh koq cewek nama ratna,Negatif,6
Fri Mar 20 04:02:23 +0000 2026,aku dulu pegawai kontrak di rs kemenkes tiap 1th perpanjang kontrak selama 4 tahun pas tahun ke4 dan kontrak habis ngga dpt pesangon bpjs ketenagakerjaan juga nggak dpt ngga bisa nyairin,mangga_manggaaa,2026-03-20 04:02:23+00:00,2026-03,aku dulu pegawai kontrak rumah sakit kemenkes tiap tahun perpanjang kontrak selama tahun pas tahun kontrak habis ngga dapat pesangon ketenagakerjaan juga tidak dapat ngga bisa nyairin,Negatif,4
Sat Feb 21 14:28:42 +0000 2026,19 juta aja kaga ada hilalnya ini malah adenya di dongo janjiin 50juta segala bpjs gratis mulut lo sini taruh di setiap sudut rs buat jelasin regulasi bpjs sampe berbusa,pembacaA_,2026-02-21 14:28:42+00:00,2026-02,juta saja kaga ada hilalnya malah adenya dongo janjiin juta segala gratis mulut kamu sini taruh setiap sudut rumah sakit buat jelasin regulasi sampe berbusa,Negatif,5
Thu Feb 05 09:15:06 +0000 2026,guys aku mau cek lab di puskes terdekat rumah baru pindah kk juga tp bpjs ku masih nyangkut di faskes pertama puskesmas rumah ku di bekasi ga bisa di pindahin karena hrs nunggu 3 bulan kira2 kl aku tetep ke puskes domisili sekarang bisa ga ya,tanyarlfes,2026-02-05 09:15:06+00:00,2026-02,guys aku mau cek lab puskes terdekat rumah baru pindah kk juga tapi ku masih nyangkut faskes pertama puskesmas rumah ku bekasi tidak bisa pindahin karena harus nunggu bulan kira kalau aku tetep puskes domisili sekarang bisa tidak,Negatif,5
Thu Dec 18 12:20:09 +0000 2025,aku mau cabut akar gigi tanpa bpjs aku ga mau pake bpjs ga tahan nunggu lamanya butuh siapin dana berapa ya gigi bolong aku tinggal akar nya aja dan kalian cabut giginya di klinik atau puskesmas mohon di jawab ya teman teman terima kasih,tanyarlfes,2025-12-18 12:20:09+00:00,2025-12,aku mau cabut akar gigi tanpa aku tidak mau pakai tidak tahan nunggu lamanya butuh siapin dana berapa gigi bolong aku tinggal akar saja kalian cabut giginya klinik atau puskesmas mohon jawab teman teman terima kasih,Negatif,6
Sat Jan 17 04:25:03 +0000 2026,ada bgwi di rs daerah lah hdk btkun tambal gigi yg dicover bpjs tu kwa lah lngsng tanpa rujukan faskes 1 puskes klinik wal,banjarbase,2026-01-17 04:25:03+00:00,2026-01,ada bgwi rumah sakit daerah lah hdk btkun tambal gigi dicover tu kwa lah lngsng tanpa rujukan faskes puskes klinik wal,Negatif,4
Wed Feb 18 02:09:55 +0000 2026,um dr dimas psikiatri udah gk tugas di klinik ya ada yg punya infokah sekarang ada atau gk psikiatri di klinik sender mau ke psikolog tapi uangnya mepet mau ke rs pake bpjs faskes 1nya masih di rumah klo minta rujukan orang rumah takut bikin khawatir,um_menfess,2026-02-18 02:09:55+00:00,2026-02,um dimas psikiatri sudah tidak tugas klinik ada punya infokah sekarang ada atau tidak psikiatri klinik sender mau psikolog tapi uangnya mepet mau rumah sakit pakai faskes masih rumah kalau minta rujukan orang rumah takut membuat khawatir,Negatif,5
Wed Dec 03 22:40:04 +0000 2025,guys kalo mau ke igd itu perlu daftar online di jkn kah atau langsung datang ke rs oiya dan ini case beda lagi kan aku tiap gosok gigi selalu berdarah ya dan ternyata penyebabnya dari akar gigi yg nongkrong di gusi atas bisa dicabut pake bpjs gasi itu ty for info,tanyarlfes,2025-12-03 22:40:04+00:00,2025-12,guys kalau mau igd perlu daftar online jkn kah atau langsung datang rumah sakit oiya case beda lagi aku tiap gosok gigi selalu berdarah ternyata penyebabnya akar gigi nongkrong gusi atas bisa dicabut pakai gasi ty for info,Negatif,5
Wed Mar 18 19:10:08 +0000 2026,itu konteksnya sumeng baru 2 jam trs dtg ke igd marah2 minta pake bpjs ke faskes 1 gamau antri ditawarin ke poli jg gamau pokokny minta di igd tapi gamau bayar,Shamdtwt,2026-03-18 19:10:08+00:00,2026-03,konteksnya sumeng baru jam terus dtg igd marah minta pakai faskes gamau antri ditawarin poli juga gamau pokokny minta igd tapi gamau bayar,Negatif,5
Fri Mar 20 09:44:36 +0000 2026,aku lebih memilih igd full bed pasien bpjs semua daripada satu pasien atensi diperiksa ga koperatif maunya langsung spesialis maunya langsung pindah ruangan maunya langsung hilang nyerinya dukun aja sana,Rekabaya_,2026-03-20 09:44:36+00:00,2026-03,aku lebih memilih igd full bed pasien semua daripada satu pasien atensi diperiksa tidak koperatif maunya langsung spesialis maunya langsung pindah ruangan maunya langsung hilang nyerinya dukun saja sana,Negatif,7
Sat Mar 21 00:08:55 +0000 2026,subuh bukan orang rumah yang emosi tapi gue wkwkw gara gabisa tidur karena tangan kiri gue sakittt bgt kaya rasanya sendinya tiap di tekuk ngilu n nyeri bgt ya allah mandi aja pake tangan kanan pake baju trus dikatain lama ya ngana pikir aja sendiri deh kalo ga sakit,nazabieella,2026-03-21 00:08:55+00:00,2026-03,subuh bukan orang rumah emosi tapi saya wkwkw gara gabisa tidur karena tangan kiri saya sakit banget kaya rasanya sendinya tiap tekuk ngilu n nyeri banget allah mandi saja pakai tangan kanan pakai baju trus dikatain lama ngana pikir saja sendiri kalau tidak sakit,Negatif,5
Mon Mar 23 19:43:54 +0000 2026,tolong psa butuh di cover bpjs mahal cok,rifaldisiregar1,2026-03-23 19:43:54+00:00,2026-03,tolong psa butuh cover mahal cok,Negatif,5
Thu Oct 23 10:54:50 +0000 2025,udah ditolak doi pakai bpjs ditolak sana sinii,QuerentJeongyon,2025-10-23 10:54:50+00:00,2025-10,sudah ditolak doi pakai ditolak sana sinii,Negatif,7
Sun Nov 02 13:25:31 +0000 2025,horor di rs ketika ada pasien gawat darurat ditolak karena alasan pakai bpjs,razgrizero,2025-11-02 13:25:31+00:00,2025-11,horor rumah sakit ketika ada pasien gawat darurat ditolak karena alasan pakai,Negatif,5
Wed Mar 25 06:29:06 +0000 2026,kayaknya maksudnya udh ga bisa lagi ce pakai jasa denger denger katanya udh dijual moonton ke arab gatau bener apa kga smenjak itu smuanya gabisa mulai pancingan ce no kgm dll moonton jd sensitif bgt,Nnaelsy,2026-03-25 06:29:06+00:00,2026-03,kayaknya maksudnya sudah tidak bisa lagi ce pakai jasa denger denger katanya sudah dijual moonton arab gatau bener apa kga smenjak smuanya gabisa mulai pancingan ce no kgm dll moonton jadi sensitif banget,Negatif,2
Tue Mar 24 02:18:13 +0000 2026,gais kalian ada yang bisa hack atau pernah pakai jasa hack instagram ga ya aduh aku lupa pw trs emailnya udh hilang,hmdsahiyaaa,2026-03-24 02:18:13+00:00,2026-03,gais kalian ada bisa hack atau pernah pakai jasa hack instagram tidak aduh aku lupa pw terus emailnya sudah hilang,Negatif,5
Mon Mar 23 10:17:37 +0000 2026,kyknya kenal keluarganya lebih dalam dulu baru bisa ngejudge kalau emang keluarga nya sedekat itu berarti normal tapi kalo mereka berdua aja yg nempel berarti patut dilihat lbh jauh sejarahnya ga bisa pakai kaki kita buat ngukur sepatu org pas atau ga tapi marah mu valid sih,mini_reirei,2026-03-23 10:17:37+00:00,2026-03,kyknya kenal keluarganya lebih dalam dulu baru bisa ngejudge kalau emang keluarga sedekat berarti normal tapi kalau mereka berdua saja nempel berarti patut dilihat lbh jauh sejarahnya tidak bisa pakai kaki kita buat ngukur sepatu orang pas atau tidak tapi marah mu valid,Negatif,6
Sat Nov 15 00:08:03 +0000 2025,berdasarkan pengalaman kalo ke igd dan diputuskan rawat inap berarti masuk kategori darurat bisa pakai bpjs kalo masuk ugd kemudian rawat jalan ga ranap ga bisa pakai bpjs jadi bayar sendiri,plengens,2025-11-15 00:08:03+00:00,2025-11,berdasarkan pengalaman kalau igd diputuskan rawat inap berarti masuk kategori darurat bisa pakai kalau masuk ugd kemudian rawat jalan tidak ranap tidak bisa pakai jadi bayar sendiri,Negatif,5
Thu Dec 04 02:22:30 +0000 2025,kenapa bikin skck harus bpjs dahulu kalo pakai swasta ga bisa ya,delzzygg,2025-12-04 02:22:30+00:00,2025-12,kenapa membuat skck harus dahulu kalau pakai swasta tidak bisa,Negatif,3
Sat Mar 21 12:35:57 +0000 2026,masih bisa kak dilap dulu bagian atasnya dikukus sebentar pakai panci besar sekitar 5 menit jangan kelamaan apinya sedang aja ya kak jangan besar besar kalau sudah angkat pas masih panas terus ga usah dimakan kak biar aman,dennyarifrr,2026-03-21 12:35:57+00:00,2026-03,masih bisa dilap dulu bagian atasnya dikukus sebentar pakai panci besar sekitar menit jangan kelamaan apinya sedang saja jangan besar besar kalau sudah angkat pas masih panas terus tidak usah dimakan biar aman,Negatif,5
Wed Mar 25 03:57:33 +0000 2026,jawab aja kamu udab vaksin mencegah ims blm ntr kalo kena ims ga bisa dicover bpjs lo tar paling juga dijawab ims itu apa,urdermato,2026-03-25 03:57:33+00:00,2026-03,jawab saja kamu udab vaksin mencegah ims belum ntr kalau kena ims tidak bisa dicover kamu tar paling juga dijawab ims apa,Negatif,7
Tue Mar 24 00:42:53 +0000 2026,drama memang aneh likas enembe sampai meninggal di penjara e ini sakit kagak pakai diperiksa di rs,99Dahlan,2026-03-24 00:42:53+00:00,2026-03,drama memang aneh likas enembe sampai meninggal penjara e sakit kagak pakai diperiksa rumah sakit,Negatif,5
Thu Dec 11 04:52:02 +0000 2025,aku dulu tiap bulan kontrol pakai mandiri dan bpjs jadi 2x kontrolnya pas lahiran pakai bpjs di rs karena faskes blm ada layanan lahiran waktu itu ke igd tanpa bawa rujukan soalnya emg tbtb udh kontraksi jauh sblm hpl nyaa lgsg pasang infus dll dehh,petitegurI,2025-12-11 04:52:02+00:00,2025-12,aku dulu tiap bulan kontrol pakai mandiri jadi x kontrolnya pas lahiran pakai rumah sakit karena faskes belum ada layanan lahiran waktu igd tanpa bawa rujukan soalnya emg tbtb sudah kontraksi jauh sblm hpl nyaa lgsg pasang infus dll dehh,Negatif,5
Wed Oct 29 00:20:06 +0000 2025,duhh nderr sampe 16w sama sekali blm pernah priksa priksa nder biar dapet buku kia biar dijadwalin tes lab dari puskesmas pakai bpjs ndes gk bayar priksa di puskesmas ndes itu masa pertumbuhan janin lho nder usahakan cek ke puskesmas nder biar dapet vitamin kabur dlu sana,DiiSucining,2025-10-29 00:20:06+00:00,2025-10,duhh nderr sampe w sama sekali belum pernah priksa priksa nder biar dapet buku kia biar dijadwalin tes lab puskesmas pakai ndes tidak bayar priksa puskesmas ndes masa pertumbuhan janin lho nder usahakan cek puskesmas nder biar dapet vitamin kabur dulu sana,Negatif,5
Mon Nov 24 15:46:46 +0000 2025,ehh mending berangkat ke puskesmas aja terus bilang lagi pilek pusing sakit perut gitu ntar di kasih deh bayar 10k aja udah kalo punya bpjs,cyalilia,2025-11-24 15:46:46+00:00,2025-11,ehh mending berangkat puskesmas saja terus bilang lagi pilek pusing sakit perut begitu ntar kasih bayar k saja sudah kalau punya,Negatif,5
Tue Mar 24 03:10:45 +0000 2026,bon fosfor itu legal kalau dipakai untuk lawan sniper tujuannya bikin sniper palestina tidak bisa narget karena ketutup kabut putih sementara bom cluster iran menarget perumahan warga sipil tanpa target militer target militer terdekat 20 km,dragonbad290,2026-03-24 03:10:45+00:00,2026-03,bon fosfor legal kalau dipakai untuk lawan sniper tujuannya membuat sniper palestina tidak bisa narget karena ketutup kabut putih sementara bom cluster iran menarget perumahan warga sipil tanpa target militer target militer terdekat kamu,Negatif,4
Wed Mar 25 10:40:27 +0000 2026,kemarin daya tampung snbp amp snbt telat eh sekarang dibuat kaget lagi karena ga bisa milih tempat ujian amp ga bisa cetak kartu after payment besok kebijakan tolol apalagi ya,thiearchive,2026-03-25 10:40:27+00:00,2026-03,kemarin daya tampung snbp  snbt telat eh sekarang dibuat kaget lagi karena tidak bisa milih tempat ujian  tidak bisa cetak kartu after payment besok kebijakan tolol apalagi,Negatif,2
Sat Mar 21 04:41:45 +0000 2026,dan sekarang amerika minta tambahan dana 200 miliar dolar untuk perang kenapa rakyatnya tidak demo besar besaran saja agar perang bisa berhenti kalau tidak kasihan uang rakyatnya dipakai untuk perang bukannya untuk kesejahteraan rakyatnya,AHHA_sabea,2026-03-21 04:41:45+00:00,2026-03,sekarang amerika minta tambahan dana miliar dolar untuk perang kenapa rakyatnya tidak demo besar besaran saja agar perang bisa berhenti kalau tidak kasihan uang rakyatnya dipakai untuk perang bukannya untuk kesejahteraan rakyatnya,Negatif,1
Wed Mar 25 08:23:10 +0000 2026,iya sih om tetapi ram ga bisa dinilai sendirian tanpa custom chipset keseluruhan yang balik lagi berujung ke harga sgt mahal untuk stabil itu dimana saya juga tidak yakin dipakai penuh fiturnya sama user iphone yang mostly pokoknya pegang apple,doraemo1v,2026-03-25 08:23:10+00:00,2026-03,iya om tetapi ram tidak bisa dinilai sendirian tanpa custom chipset keseluruhan balik lagi berujung harga sgt mahal untuk stabil dimana saya juga tidak yakin dipakai penuh fiturnya sama user iphone mostly pokoknya pegang apple,Negatif,6
Tue Mar 24 11:54:12 +0000 2026,dana sy tiba2x sdh tdk premium dengan alasan ktp sudah dipakai di akun dana sebelum padahal saya dahulu sudah urus akun dana saya yang tidak bisa pakai no hp baru karena hp saya dicuri bersamaan dengan nonornya sampai sudah foto dengan ktp mengapa skrg masalah lg,YosuaGiovanni,2026-03-24 11:54:12+00:00,2026-03,dana sy tibax sdh tidak premium dengan alasan ktp sudah dipakai akun dana sebelum padahal saya dahulu sudah urus akun dana saya tidak bisa pakai no hp baru karena hp saya dicuri bersamaan dengan nonornya sampai sudah foto dengan ktp mengapa sekarang masalah lagi,Negatif,5
Sun Mar 22 02:54:07 +0000 2026,karena keterbatasan kondisi brader jaman dulu alat komunikasi saja belum real time makannya di madinah pernah puasa 1 karena mendung bukannya tidak relevan dengan zaman sekarang namun dalil itu bisa dipakai bentar lagi kalau perang nuklir internet semua off,dalgonaeskopi,2026-03-22 02:54:07+00:00,2026-03,karena keterbatasan kondisi brader jaman dulu alat komunikasi saja belum real time makannya madinah pernah puasa karena mendung bukannya tidak relevan dengan zaman sekarang namun dalil bisa dipakai bentar lagi kalau perang nuklir internet semua off,Negatif,4
Sat Mar 21 01:11:19 +0000 2026,permohonan maaf sampeyan akan saya terima jika jika ada reshuffle besar besaran di kementerian saat ini saya bayar pajak untuk negara kalau dipakai membayar menteri yang tidak bisa kerja jelas marahlah hampir semua menterimu hanya makan gaji tunjangan amp fasilitas negara,mbahsular7,2026-03-21 01:11:19+00:00,2026-03,permohonan maaf sampeyan akan saya terima jika jika ada reshuffle besar besaran kementerian saat saya bayar pajak untuk negara kalau dipakai membayar menteri tidak bisa kerja jelas marahlah hampir semua menterimu hanya makan gaji tunjangan  fasilitas negara,Negatif,3
Sun Mar 22 23:00:30 +0000 2026,joget gemoynya benar benar menyakiti hati rakyat miskin dan para pembayar pajak boro dapat jt dlm sehari bisa 1 th baru dapat cuan segitu bagi banyak pembayar pajak yang tidak rela uang pajaknya dipakai bbg karena krg tpt sasaran pemborosan smbr kkn kesenjangan sosial,sayyid_sukardi,2026-03-22 23:00:30+00:00,2026-03,joget gemoynya benar benar menyakiti hati rakyat miskin para pembayar pajak boro dapat juta dlm sehari bisa tahun baru dapat cuan segitu bagi banyak pembayar pajak tidak rela uang pajaknya dipakai bbg karena krg tpt sasaran pemborosan smbr kkn kesenjangan sosial,Negatif,2
Sun Mar 22 11:51:24 +0000 2026,halo min saya pelanggan first media dengan nopel 11757451 kenapa internet saya gabisa dipakai ya sudah dr pagi tidak bisa dipakai sama sekali saya chat dan call cs juga ttp aja gada balasan gimana ini,artzamers,2026-03-22 11:51:24+00:00,2026-03,saya pelanggan first media dengan nopel kenapa internet saya gabisa dipakai sudah pagi tidak bisa dipakai sama sekali saya chat call cs juga ttp saja gada balasan gimana,Negatif,3
Fri Mar 20 06:04:32 +0000 2026,karena hilalnya gak ikut kepersertaan bpjs makanya ditolak hadir,kerakBe5i,2026-03-20 06:04:32+00:00,2026-03,karena hilalnya tidak ikut kepersertaan makanya ditolak hadir,Negatif,1
Sat Mar 21 07:32:12 +0000 2026,banyak yg ga bisa cek pembukaan efek domino kalo di rs skrg bidan ga boleh nolobg persalinan hrs nunggu instruksi dokter sedangkan di rsia dsog jarang standby 24 jam sama efek domino bpjs sih krn biaya klaim partus normal murah mrk lbh suka nerima kasus sc,nananarini,2026-03-21 07:32:12+00:00,2026-03,banyak tidak bisa cek pembukaan efek domino kalau rumah sakit sekarang bidan tidak boleh nolobg persalinan harus nunggu instruksi dokter sedangkan rsia dsog jarang standby jam sama efek domino karena biaya klaim partus normal murah mrk lbh suka nerima kasus sc,Negatif,4
Tue Mar 24 07:47:57 +0000 2026,untuk jadwal kadang ngeselin sih memang dari rs udah input tp dari sistem bpjs ga tersedia karena masih cuti bersama,randymandala_,2026-03-24 07:47:57+00:00,2026-03,untuk jadwal kadang ngeselin memang rumah sakit sudah input tapi sistem tidak tersedia karena masih cuti bersama,Negatif,5
Wed Mar 25 10:28:38 +0000 2026,sanggup kayanya tapi minimal sebulan sekali masuk rs karena darah tinggi,nvigaaa,2026-03-25 10:28:38+00:00,2026-03,sanggup kayanya tapi minimal sebulan sekali masuk rumah sakit karena darah tinggi,Negatif,5
Wed Mar 25 10:09:37 +0000 2026,i mean like i dont give a fuck sih tp ni dosen rese bgt gakuaatttttt kayak gw yakin gw ga masuk akan di bring up terus dan dia akan blg gw ngulang i mean like gw gak akan lanjut ke smt 3 jg kok di fakultas enih,stbmedstud,2026-03-25 10:09:37+00:00,2026-03,i mean like i dont give a fuck tapi ni dosen rese banget gakuaat kayak saya yakin saya tidak masuk akan bring up terus dia akan blg saya ngulang i mean like saya tidak akan lanjut smt juga fakultas enih,Negatif,6
Sat Feb 07 03:56:03 +0000 2026,psn pbi kok dihapus ditolak bpjs gt salah kemensos kemensos gt salah moralitas rs selamatkan nyawa pasien rs gt mohon maaf jasmed thp honor pekerja terpaksa ditunda pekerja rs gt anakku laptop amp sekolahmu kami tunda dulu juga jajanmu beritau gurumu anak,kurniadji97,2026-02-07 03:56:03+00:00,2026-02,psn pbi dihapus ditolak begitu salah kemensos kemensos begitu salah moralitas rumah sakit selamatkan nyawa pasien rumah sakit begitu mohon maaf jasmed thp honor pekerja terpaksa ditunda pekerja rumah sakit begitu anakku laptop  sekolahmu kami tunda dulu juga jajanmu beritau gurumu anak,Negatif,2
Sat Feb 07 00:38:48 +0000 2026,bpjs dan pemerenta selalu sok gagah menghadapi rs swasta dan akhrnya bbrp waktu ini tidak sedikit rs swasta yg juga keluar dr bpjs akibatnya apa pasien pindah ke rsud dan sesuai prediksi pasti jawabannya bukan mitigasi gimana malah blaming culture,pudingsoklad,2026-02-07 00:38:48+00:00,2026-02,pemerenta selalu sok gagah menghadapi rumah sakit swasta akhrnya bbrp waktu tidak sedikit rumah sakit swasta juga keluar akibatnya apa pasien pindah rsud sesuai prediksi pasti jawabannya bukan mitigasi gimana malah blaming culture,Negatif,5
Sun Mar 01 03:46:29 +0000 2026,baru tau kalau bpjs nunggak berbulan bulan tagihannya bisa dicicil tapi cicilannya kayak pinjol ada bunganya wkwkwkwkwkwkwkw,Anggarief,2026-03-01 03:46:29+00:00,2026-03,baru tahu kalau nunggak berbulan bulan tagihannya bisa dicicil tapi cicilannya kayak pinjol ada bunganya wkwkwkwkwkwkwkw,Negatif,1
Fri Oct 24 05:10:46 +0000 2025,kalo kelurga gue nunggak bpjs soalnya buat nutup kebutuhan pokok dulu,njmnlomll,2025-10-24 05:10:46+00:00,2025-10,kalau kelurga saya nunggak soalnya buat nutup kebutuhan pokok dulu,Negatif,5
Thu Feb 05 17:46:05 +0000 2026,hamil gini ada aja cobaannya banyak yang dipikirin banyak pengeluaran mana hpl dah deket belum ada persiapan apa apa bpjs nunggak tagihan pinjaman telat gaji suami telat katanya tahun ini insentif guru keluar tapi gak tau kapan tbtb laptop suami rusak hp suami ilang,semestanyaembun,2026-02-05 17:46:05+00:00,2026-02,hamil gini ada saja cobaannya banyak dipikirin banyak pengeluaran mana hpl sudah deket belum ada persiapan apa apa nunggak tagihan pinjaman telat gaji suami telat katanya tahun insentif guru keluar tapi tidak tahu kapan tbtb laptop suami rusak hp suami ilang,Negatif,2
Thu Oct 02 03:28:32 +0000 2025,keluhan pertama seperti biasa awal bulan uang yang hanya lewat saja wkwk habis setengah juta pagi pagi karena nunggak bpjs wkwk,wsisaja,2025-10-02 03:28:32+00:00,2025-10,keluhan pertama seperti biasa awal bulan uang hanya lewat saja tertawa habis setengah juta pagi pagi karena nunggak tertawa,Negatif,5
Fri Nov 21 20:14:01 +0000 2025,sol mau nanya klo bpjs udah nunggak 2th bisa ga ya minta keringanan klo bisa hrs kemana suwun,SoloMenfess,2025-11-21 20:14:01+00:00,2025-11,sol mau nanya kalau sudah nunggak tahun bisa tidak minta keringanan kalau bisa harus kemana suwun,Negatif,1
Sun Dec 07 15:16:51 +0000 2025,biro jasa pt vika nett indonesia bantu urus bpjs yg nunggak jadi nol selanjutnya iurannya tiap bln gratis sim kilat dan byk lagi wa 0882 9303 7220,KurniawanR40424,2025-12-07 15:16:51+00:00,2025-12,biro jasa pt vika nett indonesia bantu urus nunggak jadi nol selanjutnya iurannya tiap bln gratis sim kilat byk lagi wa,Negatif,2
Fri Mar 13 00:39:42 +0000 2026,seberapa ngaruh gym ke hidup lo pov me aktif gym terlama 8 bulan tanpa putus dan ga pernah sakit receh be like batuk amp flu nunggak bpjs ga mau bayar karena merasa sangat yakin tidak akan sakit padahal posisi orang serumah pada flu semua sekuat itu antibodi gua,Geri64493398,2026-03-13 00:39:42+00:00,2026-03,seberapa ngaruh gym hidup kamu pov me aktif gym terlama bulan tanpa putus tidak pernah sakit receh be like batuk  flu nunggak tidak mau bayar karena merasa sangat yakin tidak akan sakit padahal posisi orang serumah pada flu semua sekuat antibodi saya,Negatif,5
Tue Mar 24 15:12:03 +0000 2026,masalah dimana mana pake bpjs obat yg notabene senjata dokter di press habis2an sampe sebisa mungkin obatnya dikit aja dan yg murah aja fakta apalagi di rs tipe rendah mungkin di tipe a atau b masih lumayan enak bisa kasih terapi ini itu,gazebosenja,2026-03-24 15:12:03+00:00,2026-03,masalah dimana mana pakai obat notabene senjata dokter press habisan sampe sebisa mungkin obatnya dikit saja murah saja fakta apalagi rumah sakit tipe rendah mungkin tipe a atau b masih lumayan enak bisa kasih terapi,Negatif,5
Wed Mar 25 10:49:41 +0000 2026,knp gue ga ganti nama panggilan aja ya nyesel bgt orng orng udh taunya nama panggilan yg biasa,bekasyih,2026-03-25 10:49:41+00:00,2026-03,kenapa saya tidak ganti nama panggilan saja nyesel banget orng orng sudah taunya nama panggilan biasa,Negatif,6
Thu Nov 20 13:15:08 +0000 2025,temenku kecelakaan kerja pas dicek tuh bpjs tk nya ga aktif ditanya ke call center ternyata emang belum dibayar taunya kata hrd nya lupa bayar ini fatal ga sih kok bisa ya lupa bayar udah di akhir bulan loh bisa dilaporin ga sih,tanyarlfes,2025-11-20 13:15:08+00:00,2025-11,temenku kecelakaan kerja pas dicek tk tidak aktif ditanya call center ternyata emang belum dibayar taunya kata hrd lupa bayar fatal tidak bisa lupa bayar sudah akhir bulan loh bisa dilaporin tidak,Negatif,5
Thu Mar 19 09:02:31 +0000 2026,banyak yg kena phk karna efisiensi harga2 di pasar jadi naik nyawa2 yg menghilang karna penonaktivan bpjs kemarin demi mbg jga kan itu laknatullah orang2 dzalim ke rakyat miskin,Daraclaryta,2026-03-19 09:02:31+00:00,2026-03,banyak kena phk karna efisiensi harga pasar jadi naik nyawa menghilang karna penonaktivan kemarin demi jga laknatullah orang dzalim rakyat miskin,Negatif,2
Wed Nov 05 03:57:05 +0000 2025,admin mau tanya kenapa ya bpjs saya tidak aktif keterangannya non aktif karena premi status kepesertaan saya pekerja penerima upah bagaimana agar aktif kembali,xoxoboona,2025-11-05 03:57:05+00:00,2025-11,admin mau tanya kenapa saya tidak aktif keterangannya non aktif karena premi status kepesertaan saya pekerja penerima upah bagaimana agar aktif kembali,Negatif,3
Tue Mar 24 04:44:22 +0000 2026,sbt ini kira sender gedor dmnya gapapa atau gausah huhu sebenarnya kenapa ya ga aktif lg padahal go nya kalo ada yg nyari rekomen selalu sender arahin disini malah ga aktif,sbtmfs,2026-03-24 04:44:22+00:00,2026-03,sbt kira sender gedor dmnya gapapa atau gausah huhu sebenarnya kenapa tidak aktif lagi padahal go kalau ada nyari rekomen selalu sender arahin disini malah tidak aktif,Negatif,4
Mon Mar 02 04:49:51 +0000 2026,sekitar 1 2jt an buat sekali pertemuan dan harus kontrol gaboleh cuma sekali pertemuan lalu ga datang lagi disitu aku ngelirik ibuku aku sadar kalo dia keberatan sama biayanya buat yang tanya kenapa ga pake bpjs bpjs nya udah ga aktif dari lama karena gabisa bayar,pancakeroull,2026-03-02 04:49:51+00:00,2026-03,sekitar juta an buat sekali pertemuan harus kontrol gaboleh cuma sekali pertemuan lalu tidak datang lagi disitu aku ngelirik ibuku aku sadar kalau dia keberatan sama biayanya buat tanya kenapa tidak pakai sudah tidak aktif lama karena gabisa bayar,Negatif,5
Wed Mar 25 06:59:24 +0000 2026,baru tau lokprem std gabisa tv gw biasa beli yg std selalu bisa udh bayar seller baru blg klo stdnya cuma bisa hp wkwk gabisa refund alesannya gw ga konfirm dr awal buat tv gw ga blg krn emg setau gw std itu bisa buat tv njir,choicolateee,2026-03-25 06:59:24+00:00,2026-03,baru tahu lokprem std gabisa tv saya biasa beli std selalu bisa sudah bayar seller baru blg kalau stdnya cuma bisa hp tertawa gabisa refund alesannya saya tidak konfirm awal buat tv saya tidak blg karena emg setau saya std bisa buat tv njir,Negatif,4
Mon Mar 23 01:15:01 +0000 2026,aduh warga tiktok ini parah ya nyari akun zayyan sampe begitunya please kalo sampe ada yang reveal gw takut dia ga bayar utangnya ke gw soalnya dugem dan cari tobrut bisa tapi bayar utang paylaternya ke gw bulan 1 2jt gabisaa kaburan terus,wholovesiren,2026-03-23 01:15:01+00:00,2026-03,aduh warga tiktok parah nyari akun zayyan sampe begitunya please kalau sampe ada reveal saya takut dia tidak bayar utangnya saya soalnya dugem cari tobrut bisa tapi bayar utang paylaternya saya bulan juta gabisaa kaburan terus,Negatif,4
Tue Mar 24 10:09:46 +0000 2026,tergantung nder buat gue ga masalah kadang kadang gue yg bayarin karena ya emg bisa juga cuma bukan berarti tiap bulan ga punya duit terus pas makan enak gue yg bayar in cuma karena mau pindah cafe biar bisa ngobrol ngomongnha aku gabisa ikutin gaya hidup kamu alah puki,cielpium,2026-03-24 10:09:46+00:00,2026-03,tergantung nder buat saya tidak masalah kadang kadang saya bayarin karena emg bisa juga cuma bukan berarti tiap bulan tidak punya duit terus pas makan enak saya bayar in cuma karena mau pindah cafe biar bisa ngobrol ngomongnha aku gabisa ikutin gaya hidup kamu alah puki,Negatif,1
Fri Dec 12 03:46:59 +0000 2025,ndes ada info pinjaman yg bisa cair hari ini ga ya saya bukan org smrg asli ibu ku masuk rs dan kemarin adek yg urus malah masuk jalur umum jd mau pindah bpjs harus bayar umumnya dulu aku udh kartap butuh kurang 2jt ada info ngga ya makasi,SmgMenfess,2025-12-12 03:46:59+00:00,2025-12,ndes ada info pinjaman bisa cair hari tidak saya bukan orang smrg asli ibu ku masuk rumah sakit kemarin adek urus malah masuk jalur umum jadi mau pindah harus bayar umumnya dulu aku sudah kartap butuh kurang juta ada info ngga makasi,Negatif,5
Sun Mar 22 22:06:07 +0000 2026,yaitu maksudnya 2 digit ga bisa masuk kantong cm buat bayar tagihan cc uang harian kecil tp bawa oleh2 lebih mahal dr uh,lambank03,2026-03-22 22:06:07+00:00,2026-03,yaitu maksudnya digit tidak bisa masuk kantong cuma buat bayar tagihan cc uang harian kecil tapi bawa oleh lebih mahal uh,Negatif,5
Thu Mar 19 05:38:09 +0000 2026,dua hari lalu ngerjain bypass hp orang ngerjainnya kurang lebih 3 jam dengan untung cuma 25k seperti biasa bayar setelah selesai tapi setiap dienakin bisa bayar belakangan ada aja orang ga bayar padahal cuma 75k udah ngerjainnya lama dan untung dikit eh malah ga dibayar,480utyou,2026-03-19 05:38:09+00:00,2026-03,dua hari lalu ngerjain bypass hp orang ngerjainnya kurang lebih jam dengan untung cuma k seperti biasa bayar setelah selesai tapi setiap dienakin bisa bayar belakangan ada saja orang tidak bayar padahal cuma k sudah ngerjainnya lama untung dikit eh malah tidak dibayar,Negatif,5
Thu Mar 19 16:57:01 +0000 2026,bom waktunya dimana secara finansial kita mampu bayar ko mbg aja pertahun 330t bisa masa bayar hutang whoosh 1 2t pertahun ga mampu,gilangdwjt,2026-03-19 16:57:01+00:00,2026-03,bom waktunya dimana secara finansial kita mampu bayar ko saja pertahun t bisa masa bayar hutang whoosh t pertahun tidak mampu,Negatif,4
Thu Mar 19 16:27:34 +0000 2026,yeeuuuu si bapak kaga ngaca anaknya nih suruh bayar royalti designernya dia enak bgt dia jualan pake jasa orang malah ga bayar ayo viralin biar dia bisa ngaca dan si mbak designer mendapatkan hak nya,Piyoungpiyak,2026-03-19 16:27:34+00:00,2026-03,yeeu si bapak kaga ngaca anaknya nih suruh bayar royalti designernya dia enak banget dia jualan pakai jasa orang malah tidak bayar ayo viralin biar dia bisa ngaca si mbak designer mendapatkan hak,Negatif,3
Tue Mar 24 04:20:56 +0000 2026,kamu cari undang undang yang membahas soal internship kamu print kamu tandai bsok waktu ketemu kemungkinan kamu mungkin mau diserang wkwk kalo mentalmu lebah kamu cuma bisa iya iya doang apalagi kalo harus bayar penalti yang seharusnya ga ada penalti,NonStopProject9,2026-03-24 04:20:56+00:00,2026-03,kamu cari undang undang membahas soal internship kamu print kamu tandai bsok waktu ketemu kemungkinan kamu mungkin mau diserang tertawa kalau mentalmu lebah kamu cuma bisa iya iya doang apalagi kalau harus bayar penalti seharusnya tidak ada penalti,Negatif,3
Mon Nov 03 05:45:55 +0000 2025,mas jangan gitu dong bpjs juga bayar loh ya ga gratis saya bayar tiap bulan dan ga make samsek mana ini bukan asuransi yang uangnya bisa balik lagi hadeh klw mw tuntut ya ke yang buat sistem dong kasian loh pasien bpjs yang memang butuh pertolongan,lil_kangaroo12_,2025-11-03 05:45:55+00:00,2025-11,mas jangan begitu juga bayar loh tidak gratis saya bayar tiap bulan tidak make samsek mana bukan asuransi uangnya bisa balik lagi hadeh klw mw tuntut buat sistem kasian loh pasien memang butuh pertolongan,Negatif,5
Wed Mar 25 06:25:20 +0000 2026,mau minta kejelasan dan rincian pembayaran apa aja itu masa saya disuruh nunggu 14 hari bayar 35 000 sedangkan kalo mau aktif hari ini bisa pembayaran dengan nominal yang jauh dari 35 000 tersebut dengan nominal 875 000,namu_chim,2026-03-25 06:25:20+00:00,2026-03,mau minta kejelasan rincian pembayaran apa saja masa saya disuruh nunggu hari bayar sedangkan kalau mau aktif hari bisa pembayaran dengan nominal jauh tersebut dengan nominal,Negatif,1
Mon Mar 23 01:17:15 +0000 2026,gw cape nalangin utangnya terus tiap bulan udah ga kuat lagi udah bukan siapa siapa lo kok bisa dia masih gapunya muka buat ga bayar utangnya tapi depo trading bisa emang dia bener manusia sialan semoga sial terus disetiap hembusan nafasmu ya ud,wholovesiren,2026-03-23 01:17:15+00:00,2026-03,saya cape nalangin utangnya terus tiap bulan sudah tidak kuat lagi sudah bukan siapa siapa kamu bisa dia masih gapunya muka buat tidak bayar utangnya tapi depo trading bisa emang dia bener manusia sialan semoga sial terus disetiap hembusan nafasmu ud,Negatif,4
Mon Mar 23 03:35:59 +0000 2026,dc kapan bisa pembayaran aku saya belum ada uang saat kondisi memungkinkan saya pasti akan bayar saya ga kabur kok silakan penagihan dilakukan ke nomor ini gapapa spam aja sampai skrg ga dibalas2nya sekian,macdiyuk,2026-03-23 03:35:59+00:00,2026-03,dc kapan bisa pembayaran aku saya belum ada uang saat kondisi memungkinkan saya pasti akan bayar saya tidak kabur silakan penagihan dilakukan nomor gapapa spam saja sampai sekarang tidak dibalasnya sekian,Negatif,4
Wed Mar 25 00:44:55 +0000 2026,terus beberapa kali ngobrol sama driver mobil online yg curhat kalo uang dari ngojol ga nutup buat bayar sewa mobil kadang cuma bawa pulang 100k setelah seharian narik tapi kalo buat rokok mah ada hmmm kok bisa emang jaman sekarang rokok tu diatas segala galanya kah,4f642609f243496,2026-03-25 00:44:55+00:00,2026-03,terus beberapa kali ngobrol sama driver mobil online curhat kalau uang ngojol tidak nutup buat bayar sewa mobil kadang cuma bawa pulang k setelah seharian narik tapi kalau buat rokok mah ada hm bisa emang jaman sekarang rokok tu diatas segala galanya kah,Negatif,5
Sat Mar 21 11:20:59 +0000 2026,beli rokok bisa bayar utang ga bisa anjr wkwk,lilramble_,2026-03-21 11:20:59+00:00,2026-03,beli rokok bisa bayar utang tidak bisa anjr tertawa,Negatif,3
Sun Feb 08 05:06:19 +0000 2026,dr informasi yg bojoku dpt yg peserta bpjs mandiri tp desilnya 1 5 otomatis jadi pbi sedangkan yg peserta pbi tp desilnya 6 10 jadinya nonaktif jadi kaya dilukir gitu,greyffindrr,2026-02-08 05:06:19+00:00,2026-02,informasi bojoku dapat peserta mandiri tapi desilnya otomatis jadi pbi sedangkan peserta pbi tapi desilnya jadinya nonaktif jadi kaya dilukir begitu,Negatif,3
Wed Feb 18 03:25:45 +0000 2026,dikit dikit lapor bpjs padahal kalo bukan karena lu yg lemot gue ga akan kesel jelasin berulang kali muter ke poin yg sama terus lu yg lemot kok gue yg jadi kena batunya pake segala ngomong harusnya tetep ramah walaupun sedang kesal ngehe,aethraz,2026-02-18 03:25:45+00:00,2026-02,dikit dikit lapor padahal kalau bukan karena kamu lemot saya tidak akan kesel jelasin berulang kali muter poin sama terus kamu lemot saya jadi kena batunya pakai segala ngomong harusnya tetep ramah walaupun sedang kesal ngehe,Negatif,5
Fri Mar 20 12:14:02 +0000 2026,benci bgt lemot mampus mau banting hp dah rasanya,perempatanmedan,2026-03-20 12:14:02+00:00,2026-03,benci banget lemot mampus mau banting hp sudah rasanya,Negatif,7
Sat Mar 21 06:55:51 +0000 2026,lemes bgt baru 3 hari disini pengeluaran byk bgt,imadripig,2026-03-21 06:55:51+00:00,2026-03,lemes banget baru hari disini pengeluaran byk banget,Negatif,2
Thu Nov 06 09:47:50 +0000 2025,bpjs tai ribet bgt,septemberrich_,2025-11-06 09:47:50+00:00,2025-11,tai ribet banget,Negatif,6
Wed Dec 03 04:02:06 +0000 2025,emg ini negara bedebah bgt pertama x pengen kontrol dan berobat pake bpjs tapi ribet bgt yaa harus darurat kek hampir meregang nyawa dulu baru bisa minta surat rujukan ke rs lanjutan bjir gila x ya,idylliccri,2025-12-03 04:02:06+00:00,2025-12,emg negara bedebah banget pertama x pengen kontrol berobat pakai tapi ribet banget yaa harus darurat seperti hampir meregang nyawa dulu baru bisa minta surat rujukan rumah sakit lanjutan bjir gila x,Negatif,5
Mon Mar 23 02:39:43 +0000 2026,thank you tahun lalu memang masih defisit rp 10 triliun hanya 3 anggaran mbg makin kesini layanan bpjs makin bagus dan cepat bpjs jg perlu kampanye preventive medicine fokus ke pencegahan bisa hemat banyak bpjs kesehatan ini memang memaksa rs agar super efisien sebab bpjs sdh punya plafon biaya untuk tiap jenis penyakit jadi rs dipaksa efektif obati pasien dg biaya paling murah pendekatan bagus jadi bukan kayak rs swasta non bpjs yg fokus pada profit dan akhirnya bikin over treatment maybe yg jg amat penting alokasilan dana cukup besar buat kampanye gaya hidup sehat kolab dg kemenkes pengeluaran bpjs paling mahal adalah pasien cuci darah dan pasang ring jantung dua penyakit yg amat bisa dihindari dg gaya hidup sehat kenenkes dan bpjs kesehatan harus punya kpi agar jumlah pasien cuci darah dan pasang ring turun tiap tahunnya atau maksimal hanya naik 1,Strategi_Bisnis,2026-03-23 02:39:43+00:00,2026-03,thank you tahun lalu memang masih defisit rupiah triliun hanya anggaran makin kesini layanan makin bagus cepat juga perlu kampanye preventive medicine fokus pencegahan bisa hemat banyak memang memaksa rumah sakit agar super efisien sebab sdh punya plafon biaya untuk tiap jenis penyakit jadi rumah sakit dipaksa efektif obati pasien dg biaya paling murah pendekatan bagus jadi bukan kayak rumah sakit swasta non fokus pada profit akhirnya membuat over treatment maybe juga amat penting alokasilan dana cukup besar buat kampanye gaya hidup sehat kolab dg kemenkes pengeluaran paling mahal adalah pasien cuci darah pasang ring jantung dua penyakit amat bisa dihindari dg gaya hidup sehat kenenkes harus punya kpi agar jumlah pasien cuci darah pasang ring turun tiap tahunnya atau maksimal hanya naik,Negatif,5
Thu Oct 23 16:35:39 +0000 2025,knpa pelayanan rs pke bpjs itu lama bgt ya nunggunya,fadhli_f28552,2025-10-23 16:35:39+00:00,2025-10,knpa pelayanan rumah sakit pke lama banget nunggunya,Negatif,5
Fri Oct 17 14:15:56 +0000 2025,kerja di asuransi enak ga ya otak gw ud mumet bgt kerja di rs ngurus bpjs yg makin lama bikin kepala gw pusing,ra_wita_fk,2025-10-17 14:15:56+00:00,2025-10,kerja asuransi enak tidak otak saya ud mumet banget kerja rumah sakit ngurus makin lama membuat kepala saya pusing,Negatif,5
Tue Jan 20 06:15:43 +0000 2026,pendftran bpjs lama bgt dh,thesimmmm,2026-01-20 06:15:43+00:00,2026-01,pendftran lama banget dh,Negatif,6
Sun Oct 26 07:38:05 +0000 2025,ternyata kabar burung itu benar kalau bpjs lama bgt,hanjisungsmile,2025-10-26 07:38:05+00:00,2025-10,ternyata kabar burung benar kalau lama banget,Negatif,5
Tue Oct 07 13:24:46 +0000 2025,lama bgt kalo pake bpjs tuh padahal gue ya bayar anjir potong gaji,coffeebear86,2025-10-07 13:24:46+00:00,2025-10,lama banget kalau pakai padahal saya bayar anjir potong gaji,Negatif,4
Tue Mar 17 03:45:02 +0000 2026,gue tau ini gak masuk akal orang sakit disuruh ke puskesmas dulu antre diperiksa baru boleh ke rs ribet tapi emang gitu sistemnya dan satu satunya cara biar bpjs lo gak sia sia ya ikutin prosedurnya pengecualiannya cuma satu gawat darurat kecelakaan serangan jantung kondisi yang langsung mengancam nyawa lo bisa langsung ke igd rumah sakit manapun tanpa rujukan tapi gawat darurat versi bpjs itu ketat demam 38 derajat belum masuk tetep harus lewat faskes 1,hanifproduktif,2026-03-17 03:45:02+00:00,2026-03,saya tahu tidak masuk akal orang sakit disuruh puskesmas dulu antre diperiksa baru boleh rumah sakit ribet tapi emang begitu sistemnya satu satunya cara biar kamu tidak sia sia ikutin prosedurnya pengecualiannya cuma satu gawat darurat kecelakaan serangan jantung kondisi langsung mengancam nyawa kamu bisa langsung igd rumah sakit manapun tanpa rujukan tapi gawat darurat versi ketat demam derajat belum masuk tetep harus lewat faskes,Negatif,5
Wed Mar 25 02:47:49 +0000 2026,aku nemu kalimat nampar bgt kita psti prnah marah ato trsnggung dgn prkataan org mngaggap kita jelek kita ga bisa apa2 kita ga kompeten kita ga pantas buat siapa pun kita ga layak dicintai tp tanpa kita sadari kata2 itu seringnya kita lontarkan sndiri pd diri sndiri,luluk_tralalaa,2026-03-25 02:47:49+00:00,2026-03,aku nemu kalimat nampar banget kita psti prnah marah ato trsnggung dengan prkataan orang mngaggap kita jelek kita tidak bisa apa kita tidak kompeten kita tidak pantas buat siapa pun kita tidak layak dicintai tapi tanpa kita sadari kata seringnya kita lontarkan sndiri pd diri sndiri,Negatif,2
Tue Mar 24 16:07:29 +0000 2026,kalo lo ga mampu bersuara atau bahkan bersikap lgsg irl ya minimal bgt tunjukkin lewat sosmed napa sih buat bela siri sendiri aja ga bisa heran gua mah,conanominoo,2026-03-24 16:07:29+00:00,2026-03,kalau kamu tidak mampu bersuara atau bahkan bersikap lgsg irl minimal banget tunjukkin lewat sosmed napa buat bela siri sendiri saja tidak bisa heran saya mah,Negatif,3
Mon Mar 23 08:22:16 +0000 2026,harqeel tetap cp endgame cuma ini dialog buat orang2 berpikir kalo mereka bisa balikan ya kembali lagi ke masing2 cp sih tapi dialog aagz ini busuk bgt gua pure harqeel ya rasanya ga enak bgt,kikiiiajaaa_,2026-03-23 08:22:16+00:00,2026-03,harqeel tetap cp endgame cuma dialog buat orang berpikir kalau mereka bisa balikan kembali lagi masing cp tapi dialog aagz busuk banget saya pure harqeel rasanya tidak enak banget,Negatif,4
Wed Mar 25 06:50:34 +0000 2026,bener padahal sebelumnya rumor ini tuh udh mulai reda tapi naik lagi sejak postingan nyc sm whoop sebenarnya ga gmn gmn sih cmn timing nya kayak pas bgt at least kalo udh tau ada rumor2 kayak gini kan bisa lebih hati hati soalnya yang kena bkn cmn dia doang,laufeley,2026-03-25 06:50:34+00:00,2026-03,bener padahal sebelumnya rumor sudah mulai reda tapi naik lagi sejak postingan nyc sama whoop sebenarnya tidak bagaimana bagaimana cmn timing kayak pas banget at least kalau sudah tahu ada rumor kayak gini bisa lebih hati hati soalnya kena bkn cmn dia doang,Negatif,5
Tue Mar 24 02:29:04 +0000 2026,pacarku susah bgt wkwk aku dari 5 hari yang lalu udah sabar hari ini ga bisa ditahan tak gas aja sekalian coba aja kali ini dia tersinggung atau merasa gak dihargai atau gimana aku yang lagi kesel kalo dia yang ikut marah ya lucu,sourstobelly,2026-03-24 02:29:04+00:00,2026-03,pacarku susah banget tertawa aku hari lalu sudah sabar hari tidak bisa ditahan tak gas saja sekalian coba saja kali dia tersinggung atau merasa tidak dihargai atau gimana aku lagi kesel kalau dia ikut marah lucu,Negatif,3
Tue Mar 24 00:52:44 +0000 2026,beneer gw pernah tinggal di jogja dan jakarta bisa dibilang biaya hidupnya bukan gaya hidup ga beda bgt tp gaji yg gw dapet beda bgt,_kimsewon81,2026-03-24 00:52:44+00:00,2026-03,beneer saya pernah tinggal jogja jakarta bisa dibilang biaya hidupnya bukan gaya hidup tidak beda banget tapi gaji saya dapet beda banget,Negatif,1
Tue Mar 24 07:30:04 +0000 2026,sumpah tadi malem karena males bgt liat scene ara akhirnya ku kecilin volume tv trs tk tinggal scroll malah jadinya ketiduran tv ga bisa di skipp apa yaaa,anotherrizz_,2026-03-24 07:30:04+00:00,2026-03,sumpah tadi malem karena males banget liat scene ara akhirnya ku kecilin volume tv terus tk tinggal scroll malah jadinya ketiduran tv tidak bisa skipp apa,Negatif,4
Mon Mar 23 11:42:14 +0000 2026,tetep ga realistis imo mau kane udah free transfer pun gajinya akan berat bgt kayaknya extend lewy bisa jadi opsi tapi beliau udah super washed gabisa dijadiin opsi utama striker lg sebenernya bawa julian opsi yg gak bagus gak jelek jg kayak apple to apple sm ferran aja,inyiesta,2026-03-23 11:42:14+00:00,2026-03,tetep tidak realistis imo mau kane sudah free transfer pun gajinya akan berat banget kayaknya extend lewy bisa jadi opsi tapi beliau sudah super washed gabisa dijadiin opsi utama striker lagi sebenernya bawa julian opsi tidak bagus tidak jelek juga kayak apple to apple sama ferran saja,Negatif,2
Mon Mar 23 12:28:21 +0000 2026,mana sy bilangnya tuh yj boboan di lengan dia wkwkwk sedeket apa ajg itu tiap bangun pagi kata aku mah udh bukan cuma natap muka tp bisa ngerasain hembusan napas satu sama lain damn kalo ga baper kayak boong bgt,jaemories,2026-03-23 12:28:21+00:00,2026-03,mana sy bilangnya yj boboan lengan dia tertawa sedeket apa ajg tiap bangun pagi kata aku mah sudah bukan cuma natap muka tapi bisa ngerasain hembusan napas satu sama lain damn kalau tidak baper kayak boong banget,Negatif,4
Mon Mar 23 06:03:06 +0000 2026,well suroboyo bus dan all transum in sby ga bisa kubilang lumayan sih jujur masih minus bgt armada kurang rute kurang menjangkau halte ala kadarnya bbrp bus stop cuma tiang dan yes informasi juga minim,GiovanoRoyce,2026-03-23 06:03:06+00:00,2026-03,well suroboyo bus all transum in sby tidak bisa kubilang lumayan jujur masih minus banget armada kurang rute kurang menjangkau halte ala kadarnya bbrp bus stop cuma tiang yes informasi juga minim,Negatif,3
Tue Mar 24 10:30:09 +0000 2026,tw suicidal h 3 lebaran malah suicidal lagi wkwk apes bgt punya keluarga berantakan belum kerja ga punya pasangan cuma punya pegangan iman doang semoga anak serba kekurangan ini bisa suksesaamiin,tanyarlfes,2026-03-24 10:30:09+00:00,2026-03,tw suicidal h lebaran malah suicidal lagi tertawa apes banget punya keluarga berantakan belum kerja tidak punya pasangan cuma punya pegangan iman doang semoga anak serba kekurangan bisa suksesaamiin,Negatif,5
Wed Mar 25 01:50:08 +0000 2026,kakak kakak yg dom sby plisssss kasih info work yg kerjanya senin jumat bisa kartap dan minim umr donggg sender jurusan gizi susahhh bgt cari kerja di sby yg umr dan 5 hari kerja trs kebanyakan kontrak semua ga ada yg bisa jadi kartap,worksfess,2026-03-25 01:50:08+00:00,2026-03,kakak kakak dom sby plis kasih info work kerjanya senin jumat bisa kartap minim umr sender jurusan gizi susah banget cari kerja sby umr hari kerja terus kebanyakan kontrak semua tidak ada bisa jadi kartap,Negatif,4
Fri Oct 10 10:40:08 +0000 2025,rek aku kn habis kehilangan dompet isinya uang 300k an ktp krtu bpjs dan krtu atm udh di non aktfkn ktp itu kalo ga pegang sementara gmn ya aku ada fotonya dan ftcpy nya sih ngurus e ribet di dom ku,sbyfess,2025-10-10 10:40:08+00:00,2025-10,rek aku kn habis kehilangan dompet isinya uang k an ktp krtu krtu atm sudah non aktfkn ktp kalau tidak pegang sementara bagaimana aku ada fotonya ftcpy ngurus e ribet dom ku,Negatif,6
Wed Mar 25 10:40:37 +0000 2026,rombongan pejabat plat bk bukannya mengurai kemacetan spy lancar amp rakyatnya seneng malah bikin tambah ruwet jalanan di simalungun,ImamBesar212,2026-03-25 10:40:37+00:00,2026-03,rombongan pejabat plat bk bukannya mengurai kemacetan spy lancar  rakyatnya seneng malah membuat tambah ruwet jalanan simalungun,Negatif,6
Wed Mar 25 10:50:55 +0000 2026,mbg harusnya ada audit ga sih klaim bpjs tahun 5th lalu aja masih bisa diaudit dan bisa balikin uangnya,heninurh,2026-03-25 10:50:55+00:00,2026-03,harusnya ada audit tidak klaim tahun tahun lalu saja masih bisa diaudit bisa balikin uangnya,Negatif,5
Wed Mar 25 10:48:14 +0000 2026,ini rill si pernah dalam 1 hari harus meriksa saksi jadi koordinator lomba meriksa dokumen sambil mbatin ko harus aku yg ngerjain semuanya sampe bingung gimana baginya kerja harus kesana kemari andaikan bisa membelah diri wkwk,maticdiesel,2026-03-25 10:48:14+00:00,2026-03,rill si pernah dalam hari harus meriksa saksi jadi koordinator lomba meriksa dokumen sambil mbatin ko harus aku ngerjain semuanya sampe bingung gimana baginya kerja harus kesana kemari andaikan bisa membelah diri tertawa,Negatif,5
Sat Dec 20 00:49:32 +0000 2025,bisa ga sih berhenti ikut bpjs sebelum lulus kuliah ngurusnya apakah ribet ga mau punya utang tunggakan bpjs karena blom punya pemasukan sendiri plis,nalaa_v,2025-12-20 00:49:32+00:00,2025-12,bisa tidak berhenti ikut sebelum lulus kuliah ngurusnya apakah ribet tidak mau punya utang tunggakan karena blom punya pemasukan sendiri plis,Negatif,6
Wed Mar 25 10:16:46 +0000 2026,ga kebayang temen temen misalnya se sumsel yg dari kabupaten jauh bgt mau ke pusat utbk kaya unsri itu bisa makan waktu 6 jam bayangin aja pdhl satu provinsi gimana kabar temen temen bagian indo timur nyesek bgt rasanya,niarajs,2026-03-25 10:16:46+00:00,2026-03,tidak kebayang temen temen misalnya se sumsel kabupaten jauh banget mau pusat utbk kaya unsri bisa makan waktu jam bayangin saja padahal satu provinsi gimana kabar temen temen bagian indo timur nyesek banget rasanya,Negatif,1
Sat Nov 08 09:14:54 +0000 2025,majuuu siniii jongu majuuu gue punya bpjss anj hebshsushsh diemm gaaa diemmm haaa dksbhsh fakk,Didamkece,2025-11-08 09:14:54+00:00,2025-11,maju sini jongu maju saya punya bpjss anj hebshsushsh diemm tidak diem ha dksbhsh fakk,Negatif,4
Wed Nov 19 03:21:29 +0000 2025,emg bpjs kes ini sistemnya nunggu org hampir mati dulu baru diobatin wkwkwk ngerasa kesel bayar rutin tapi utk pake fasilitasnya tuh susah bgt tp ya semoga dana yg gua bayarkan tiap bulan itu bisa digunakan oleh org2 yg lebih membutuhkan,djoanas4,2025-11-19 03:21:29+00:00,2025-11,emg kes sistemnya nunggu orang hampir mati dulu baru diobatin tertawa ngerasa kesel bayar rutin tapi untuk pakai fasilitasnya susah banget tapi semoga dana saya bayarkan tiap bulan bisa digunakan oleh orang lebih membutuhkan,Negatif,5
Mon Mar 23 04:09:01 +0000 2026,bpjs kes tidak perlu untung itu program pemerintah buat kesejahteraan warga walau masuknya badan publik kyk bumn tpi tujuannya beda soalnya sbanyak itu warga miskin kita yg bergantung sma pbi jdi sudah seharusnya untung rugi ga perlu kita sbg warga negara pentingin lagi,Zackk_04,2026-03-23 04:09:01+00:00,2026-03,kes tidak perlu untung program pemerintah buat kesejahteraan warga walau masuknya badan publik kyk bumn tpi tujuannya beda soalnya sbanyak warga miskin kita bergantung sma pbi jdi sudah seharusnya untung rugi tidak perlu kita sbg warga negara pentingin lagi,Negatif,5
Wed Jan 07 08:04:59 +0000 2026,bayar indihome halo bpjs kes ktngkrj token listrik hampir 3jt tiap bulan duwid yang lewat perasaan makin ke sini makin mahal biaya hidup,_ewink,2026-01-07 08:04:59+00:00,2026-01,bayar indihome kes ktngkrj token listrik hampir juta tiap bulan duwid lewat perasaan makin sini makin mahal biaya hidup,Negatif,5
Thu Mar 12 04:29:39 +0000 2026,mereka memang tidak saling lebih baik tapi kalo aku pribadi sih bermanfaat yg bpjs jalan tol ya meskipun ada minusnya dari program presiden terdahulu alasannya bpjs cocok buat ortu aku yg udah pensiun karena udah gak pake jamsostek dari kantornya minusnya pelayanan bpjs beda sama umum ytta jalan tol menguntungkan bagi aku yg kerja suka dinas luar kota karena cepat memotong waktu singkat daripada lewat jalur umum fleksibel misal mau antar kota bisa kapan aja sampai dengan cepat minusnya kalo nyetir di tol bikin ngantuk lajurnya yg panjang bikin bosan daripada mbg bener2 program gak tepat sasaran why karena pemerataan yg tidak rata mayoritas kao diliat hanya banyak tersebar di kota2 di pedalaman pun sulit terus porsi makanan yg disediakan tidak sesuai dengan budget yg telah diterapkan bayangin aja semua anggaran yg udah ada tiap slot masih dikurang2in buat bisa backup program mbg miris,ske96_,2026-03-12 04:29:39+00:00,2026-03,mereka memang tidak saling lebih baik tapi kalau aku pribadi bermanfaat jalan tol meskipun ada minusnya program presiden terdahulu alasannya cocok buat ortu aku sudah pensiun karena sudah tidak pakai jamsostek kantornya minusnya pelayanan beda sama umum ytta jalan tol menguntungkan bagi aku kerja suka dinas luar kota karena cepat memotong waktu singkat daripada lewat jalur umum fleksibel misal mau antar kota bisa kapan saja sampai dengan cepat minusnya kalau nyetir tol membuat ngantuk lajurnya panjang membuat bosan daripada bener program tidak tepat sasaran why karena pemerataan tidak rata mayoritas kao diliat hanya banyak tersebar kota pedalaman pun sulit terus porsi makanan disediakan tidak sesuai dengan budget telah diterapkan bayangin saja semua anggaran sudah ada tiap slot masih dikurangin buat bisa backup program miris,Negatif,3
Tue Mar 24 04:47:15 +0000 2026,setelah admin indosat admin bpjs adalah admin admin sosmed yang nggak membantu,alinithia,2026-03-24 04:47:15+00:00,2026-03,setelah admin indosat admin adalah admin admin sosmed tidak membantu,Negatif,3
Tue Feb 24 11:13:06 +0000 2026,ada aja godaan setan dibulan puasa benerin dulu noh sistem bpjs lu pelayanan gak seberapa minta bayaran luar biasa,taekooxvk,2026-02-24 11:13:06+00:00,2026-02,ada saja godaan setan dibulan puasa benerin dulu noh sistem kamu pelayanan tidak seberapa minta bayaran luar biasa,Negatif,1
Thu Mar 19 22:50:37 +0000 2026,harga obat alat medis bahan habis pakai upah minimum makin mahal sedangkan pembayaran bpjs kesehatan cuma 1x naik kapitasi 2014 2023 rp10 000 kapitasi 2023 sekarang rp12 000 klinik butuh uang yang cukup untuk bisa tetap beroperasi bayar dokter murah untuk berhemat,drnewstwit,2026-03-19 22:50:37+00:00,2026-03,harga obat alat medis bahan habis pakai upah minimum makin mahal sedangkan pembayaran cuma x naik kapitasi rupiah kapitasi sekarang rupiah klinik butuh uang cukup untuk bisa tetap beroperasi bayar dokter murah untuk berhemat,Negatif,5
Fri Mar 20 03:09:47 +0000 2026,hidup dan makan dari pajak rakyat tapi merasa paling berjasa dan berkorban bpjs mereka saja dibayar pakai duit rakyat,Anggi_sapiens,2026-03-20 03:09:47+00:00,2026-03,hidup makan pajak rakyat tapi merasa paling berjasa berkorban mereka saja dibayar pakai duit rakyat,Negatif,2
Tue Mar 24 14:35:08 +0000 2026,tertundanya pencairan klaim bpjs kesehatan akibatnya arus kas cash flow rumah sakit terganggu sehingga pembayaran ke vendor obat terhambat beberapa vendor bahkan memblokir akses pasokan karena ada utang obat dan bahan medis habis pakai yang mencapai sekitar rp 36 miliar,fsaidhamzah,2026-03-24 14:35:08+00:00,2026-03,tertundanya pencairan klaim akibatnya arus kas cash flow rumah sakit terganggu sehingga pembayaran vendor obat terhambat beberapa vendor bahkan memblokir akses pasokan karena ada utang obat bahan medis habis pakai mencapai sekitar rupiah miliar,Negatif,4
Thu Mar 19 06:38:39 +0000 2026,nakes pns sempaknya di beli pakai duit rakyat rumah sakit yang nerima bpjs juga bayar gaji nakesnya pakai duit rakyat untungnya apa sih ngebandingin dan ngerendahin,bobizhar64,2026-03-19 06:38:39+00:00,2026-03,nakes pns sempaknya beli pakai duit rakyat rumah sakit nerima juga bayar gaji nakesnya pakai duit rakyat untungnya apa ngebandingin ngerendahin,Negatif,2
Tue Mar 03 13:19:47 +0000 2026,gabisa kalo di puskesmas ilmu setinggi apapun pasti stuck bertubrukan dengan bpjs salam sehat,vorticosaa,2026-03-03 13:19:47+00:00,2026-03,gabisa kalau puskesmas ilmu setinggi apapun pasti stuck bertubrukan dengan salam sehat,Negatif,1
Fri Mar 13 09:48:58 +0000 2026,joki koas semalem 500 ribu buset jaga klinik bpjs aja bisa thpnya ga nyampe 1 3nya wkwkwkwkwkwkwkwkwkwk,helmihelmi,2026-03-13 09:48:58+00:00,2026-03,joki koas semalem ribu buset jaga klinik saja bisa thpnya tidak nyampe wkwkwkwkwkwkwkwkwkwk,Negatif,6
Sun Mar 22 02:58:06 +0000 2026,ga coba pake bpjs kak aku 2 gigi psa pake bpjs emg lama dan capek nunggunya 3 gigi bayar mandiri ke klinik tp req yg sekai visit emg butuh 1 1 5 jam per gigi dikerjainnya dan rahang pegal abis tapi habis itu beres bayar 1 1 5 juta per gigi u psa,etvousmevoyez,2026-03-22 02:58:06+00:00,2026-03,tidak coba pakai aku gigi psa pakai emg lama capek nunggunya gigi bayar mandiri klinik tapi req sekai visit emg butuh jam per gigi dikerjainnya rahang pegal abis tapi habis beres bayar juta per gigi u psa,Negatif,6
Fri Feb 20 22:28:46 +0000 2026,gue hafal nik nomer rekening nomer bpjs kesehatan tdnya hafal nomer npwp tp udh lama ga kepake jd lupa,brunettestarz,2026-02-20 22:28:46+00:00,2026-02,saya hafal nik nomer rekening nomer tdnya hafal nomer npwp tapi sudah lama tidak kepake jadi lupa,Negatif,7
Mon Mar 23 11:55:22 +0000 2026,tapi gak tau ya gimana bpjs ke nakes dan rumah sakit karena gue beberapa kali baca pembayaran bpjs ke rumah sakit tuh lama banget dan suka ngadet,igaabaakar,2026-03-23 11:55:22+00:00,2026-03,tapi tidak tahu gimana nakes rumah sakit karena saya beberapa kali baca pembayaran rumah sakit lama banget suka ngadet,Negatif,5
Tue Mar 03 06:30:29 +0000 2026,ribet bgt ngurus bpjs org pd tahan ya jd hr,chaurrr,2026-03-03 06:30:29+00:00,2026-03,ribet banget ngurus orang pd tahan jadi hr,Negatif,4
Thu Feb 05 09:56:09 +0000 2026,udah bpjs ribet diribetin lagi,gayuhkinanthi,2026-02-05 09:56:09+00:00,2026-02,sudah ribet diribetin lagi,Negatif,6
Sat Nov 08 06:05:26 +0000 2025,wah wah wah ini apk bpjs kenapa makin ribet mau cut off pegawai,r_aaaaaaa_,2025-11-08 06:05:26+00:00,2025-11,wah wah wah apk kenapa makin ribet mau cut off pegawai,Negatif,6
Tue Jan 06 02:00:15 +0000 2026,bpjs ni ribet banget ya memek,ragasanggama,2026-01-06 02:00:15+00:00,2026-01,ni ribet banget memek,Negatif,4
Sat Mar 21 07:42:56 +0000 2026,iya sih kemarin aku cek pembukaan hitungannya bayar normal 120k setelah pembukaan 4 baru bisa masuk rsia dan bpjsnya udh bisa digunakan cuma emng agak gimana gitu ya ibu kontraksi malah dibilang aslam kan kontraksi palsu sama yg asli intensitasnya aja udh beda,briellayyy,2026-03-21 07:42:56+00:00,2026-03,iya kemarin aku cek pembukaan hitungannya bayar normal k setelah pembukaan baru bisa masuk rsia bpjsnya sudah bisa digunakan cuma emng agak gimana begitu ibu kontraksi malah dibilang aslam kontraksi palsu sama asli intensitasnya saja sudah beda,Negatif,4
Thu Feb 05 14:46:44 +0000 2026,30th dan baru thn lalu sampe skrg msh berjibaku dg bpjs emg kasian melihat kakek2 yg dateng sendirian ke rs dan ribet birokrasinya digital kasian emg bajingan menkes omon2 doang katanya cut birokrasi tai,joesvult,2026-02-05 14:46:44+00:00,2026-02,tahun baru tahun lalu sampe sekarang msh berjibaku dg emg kasian melihat kakek dateng sendirian rumah sakit ribet birokrasinya digital kasian emg bajingan menkes omon doang katanya cut birokrasi tai,Negatif,2
Fri Feb 06 06:30:24 +0000 2026,karena sibuk bener 3 hari ini jadi cenblu pemula sampe kaget buka tiktok penuh huruhara tentang awkarin lagi di goreng nia ramadhani gugat cerai dan parah nya bpjs di nonaktifkan,urfavoritemusee,2026-02-06 06:30:24+00:00,2026-02,karena sibuk bener hari jadi cenblu pemula sampe kaget buka tiktok penuh huruhara tentang awkarin lagi goreng nia ramadhani gugat cerai parah nonaktifkan,Negatif,7
Sun Feb 08 10:19:35 +0000 2026,ini fakir miskin pbi yg ga sakit parah yg msh mampu beli kuota ngoceh di sosmed bpjs ga gratis lg sebagai bpjs mandiri ngerasa rugi selama ini duit gw disubsidiin ke org2 yg ga tepat,johanesfayakun,2026-02-08 10:19:35+00:00,2026-02,fakir miskin pbi tidak sakit parah msh mampu beli kuota ngoceh sosmed tidak gratis lagi sebagai mandiri ngerasa rugi selama duit saya disubsidiin orang tidak tepat,Negatif,3
Tue Dec 30 14:34:42 +0000 2025,skrang dah buat bpjs yg berbayar pun tetep susah dan bisa di pake setelah 14 hari emak gua dah sakit kocak kalo nunggu sampe 14 ya makin parah sakitnya kocakk ya allah capek jadi wni,kalsmeee,2025-12-30 14:34:42+00:00,2025-12,skrang sudah buat berbayar pun tetep susah bisa pakai setelah hari emak saya sudah sakit kocak kalau nunggu sampe makin parah sakitnya kocakk allah capek jadi wni,Negatif,6
Tue Mar 24 19:26:23 +0000 2026,eh bajingan gue bsk mo bimbingan malah error,apiangdjinggo,2026-03-24 19:26:23+00:00,2026-03,eh bajingan saya bsk mo bimbingan malah error,Negatif,4
Fri Nov 21 18:01:41 +0000 2025,bangke bpjs error,wowher_,2025-11-21 18:01:41+00:00,2025-11,bangke error,Negatif,2
Sun Mar 22 00:35:25 +0000 2026,banajs bea error at the end omg calm down bea,agnessodeliaa,2026-03-22 00:35:25+00:00,2026-03,banajs bea error at the end omg calm down bea,Negatif,4
Sun Nov 30 11:56:31 +0000 2025,wta pembayaran bpjs sekarang lagi gabisa yah udah coba di 2 e wallet gak work error gitu,bbungbangs,2025-11-30 11:56:31+00:00,2025-11,wta pembayaran sekarang lagi gabisa yah sudah coba e wallet tidak work error begitu,Negatif,4
Mon Jan 05 04:16:09 +0000 2026,260 lebih antrian pasien belum terdaftar akibat sistem bpjs error,oiflatnose,2026-01-05 04:16:09+00:00,2026-01,lebih antrian pasien belum terdaftar akibat sistem error,Negatif,2
Mon Mar 16 09:57:12 +0000 2026,jam 7 gue ke bpjs mau update beasiswa trus ada file yg ditolak jadi ke kampus abistu balik lagi ke bpjs abistu balik jam 11 30 jam set2 gue pergi lagi ke kampus abistu ke ramayana keliling mana banyak banget orang macet allahuakbar,louisvocl,2026-03-16 09:57:12+00:00,2026-03,jam saya mau update beasiswa trus ada file ditolak jadi kampus abistu balik lagi abistu balik jam jam set saya pergi lagi kampus abistu ramayana keliling mana banyak banget orang macet allahuakbar,Negatif,4
Mon Feb 09 09:54:25 +0000 2026,mampu pala lu kotak gue mau opname pake bpjs gara2 gerd gue kambuh aja ditolak karena katanya bukan penyakit berat padahal ga pernah kepake itu bpjs,_strawberrynuna,2026-02-09 09:54:25+00:00,2026-02,mampu pala kamu kotak saya mau opname pakai gara gerd saya kambuh saja ditolak karena katanya bukan penyakit berat padahal tidak pernah kepake,Negatif,1
Sun Mar 15 13:42:31 +0000 2026,beberapa keluhan pasien bpjs pasien gawat darurat ditolak rs dipulangkan meski masih sakit rawat inap ditunda karena antrian panjang diskriminasi pelayanan lambat kurang bagus dibanding pasien bayar bpjs kadang telat bayar ke rs sehingga rs jadi ragu untuk menerima pasien bpjs sementara bpjs sendiri mengalami defisit 20 30t tiap tahun sementara gaji pejabat bpjs begitu besar ini sungguh membingungkan bagaimana memperbaiki sistem seperti ini,dwisant83,2026-03-15 13:42:31+00:00,2026-03,beberapa keluhan pasien pasien gawat darurat ditolak rumah sakit dipulangkan meski masih sakit rawat inap ditunda karena antrian panjang diskriminasi pelayanan lambat kurang bagus dibanding pasien bayar kadang telat bayar rumah sakit sehingga rumah sakit jadi ragu untuk menerima pasien sementara sendiri mengalami defisit t tiap tahun sementara gaji pejabat begitu besar sungguh membingungkan bagaimana memperbaiki sistem seperti,Negatif,5
Thu Mar 12 04:45:03 +0000 2026,guys kalo mau periksa bagian tubuh ada yang nyeri tuh bisa pake bpjs kan ya sender mau periksa ke dokter takutnya ga bisa pake bpjs maaf sender jarang pake bpjs soalnya karna jarang ke dokter juga makasih yang udah jawab,convobase,2026-03-12 04:45:03+00:00,2026-03,guys kalau mau periksa bagian tubuh ada nyeri bisa pakai sender mau periksa dokter takutnya tidak bisa pakai maaf sender jarang pakai soalnya karna jarang dokter juga makasih sudah jawab,Negatif,1
Fri Feb 20 05:32:50 +0000 2026,fikar 1 0 bpjs gila dikira gue ga ngerti inacbg kali ya mau dibego begoin ga bisa rawat inap padahal icd 10nya udah gue atur,psychedelities,2026-02-20 05:32:50+00:00,2026-02,fikar gila dikira saya tidak ngerti inacbg kali mau dibego begoin tidak bisa rawat inap padahal icd sudah saya atur,Negatif,2
Mon Feb 23 05:39:28 +0000 2026,knp nonton konser ga bisa pake bpjs aja sikk,ppicheolline,2026-02-23 05:39:28+00:00,2026-02,kenapa nonton konser tidak bisa pakai saja sikk,Negatif,1
Mon Mar 23 23:28:04 +0000 2026,kalau scaling emg ga dicover bpjs dong kalau ga pakai bpjs harusnya bisa,yasingepe,2026-03-23 23:28:04+00:00,2026-03,kalau scaling emg tidak dicover kalau tidak pakai harusnya bisa,Negatif,5
Tue Mar 10 04:50:07 +0000 2026,mau tanyaa bpjs yg dinonaktifkan pemerintah tu bener2 udh ga bisa dipake lagi ya bpjs nya ga bisa diaktifkan lagi maaf ga paham,tanyakanrl,2026-03-10 04:50:07+00:00,2026-03,mau tanyaa dinonaktifkan pemerintah tu bener sudah tidak bisa dipake lagi tidak bisa diaktifkan lagi maaf tidak paham,Negatif,7
Wed Feb 11 15:51:32 +0000 2026,bener yaallah aku kasian banget sama pasien pasienku yang tiap hari selalu ketemu bpjsnya non aktif udah jauh jauh dateng lama ngantri tbtb pas di cek bpjs ga aktif dan gajadi berobat terkadang sampe dimarahin px aku tu ini kenapa pemerinta dzalim banget yaallah,sasaloav_,2026-02-11 15:51:32+00:00,2026-02,bener yaallah aku kasian banget sama pasien pasienku tiap hari selalu ketemu bpjsnya non aktif sudah jauh jauh dateng lama ngantri tbtb pas cek tidak aktif gajadi berobat terkadang sampe dimarahin px aku tu kenapa pemerinta dzalim banget yaallah,Negatif,5
Thu Feb 26 10:20:06 +0000 2026,rek bikin skck bpjs harus aktif ya kalo ga aktif apa gabisa lanjut pembayaran dan pengambilan skck soalnya aku udah terlanjur daftar tapi lupa kalo bpjs ku ga aktif,sbyfess,2026-02-26 10:20:06+00:00,2026-02,rek membuat skck harus aktif kalau tidak aktif apa gabisa lanjut pembayaran pengambilan skck soalnya aku sudah terlanjur daftar tapi lupa kalau ku tidak aktif,Negatif,4
Thu Feb 05 16:50:36 +0000 2026,cok yg punya bpjs aja kadang setengah mampus diakalin biar bisa keklaim apalagi bpjs ga aktif,pctseribumg,2026-02-05 16:50:36+00:00,2026-02,cok punya saja kadang setengah mampus diakalin biar bisa keklaim apalagi tidak aktif,Negatif,7
Wed Feb 04 03:25:23 +0000 2026,penonaktifan bpjs pbi sering terjadi di awal bulan tuh aneh gebyah uyah semuanya dinonaktifkan kenapa ga minta data ke bpjs aja mana peserta pbi yg ga aktif berobat selama kurun waktu tertentu cmiiw,heninurh,2026-02-04 03:25:23+00:00,2026-02,penonaktifan pbi sering terjadi awal bulan aneh gebyah uyah semuanya dinonaktifkan kenapa tidak minta data saja mana peserta pbi tidak aktif berobat selama kurun waktu tertentu cmiiw,Negatif,3
Tue Mar 24 14:27:00 +0000 2026,bete bgt bacanya juga,boskecilsyana,2026-03-24 14:27:00+00:00,2026-03,bete banget bacanya juga,Negatif,2
Mon Nov 10 11:13:28 +0000 2025,apasi bpjs gajelas,verruccosa,2025-11-10 11:13:28+00:00,2025-11,apasi gajelas,Negatif,7
Sat Oct 04 13:04:52 +0000 2025,di negara indonesia rakyatnya jangan sampe sakit kalau sakit repot mana bpjs ribet banget,bitcoinersIDN,2025-10-04 13:04:52+00:00,2025-10,negara indonesia rakyatnya jangan sampe sakit kalau sakit repot mana ribet banget,Negatif,5
Thu Nov 06 03:37:10 +0000 2025,ya allah mau berlangganan aja susah banget anjriiiiit repooot webluh ancur csnya ngantre setengah jam cuma buat chat doang amit amit indonesaaa mana banjir macet pulis ga becus bpjs dimaling gaada transum puihhh,us2tea,2025-11-06 03:37:10+00:00,2025-11,allah mau berlangganan saja susah banget anjrit repot webluh ancur csnya ngantre setengah jam cuma buat chat doang amit amit indonesa mana banjir macet pulis tidak becus dimaling gaada transum puih,Negatif,4
Wed Mar 18 14:19:00 +0000 2026,yap aku udah gaada energi buat kerjain semuanya even istirahat berjam jam pun rasanya ga cukup kaya hampa cape gini ya rasanya ngejalanin mimpi orang lain bkn mimpi diri sendiri,yappingfess,2026-03-18 14:19:00+00:00,2026-03,yap aku sudah gaada energi buat kerjain semuanya even istirahat berjam jam pun rasanya tidak cukup kaya hampa cape gini rasanya ngejalanin mimpi orang lain bkn mimpi diri sendiri,Negatif,6
Sat Mar 21 14:16:28 +0000 2026,capek capek bgt istirahat dulu ya,anyeess,2026-03-21 14:16:28+00:00,2026-03,capek capek banget istirahat dulu,Negatif,5
Tue Mar 24 10:19:33 +0000 2026,lebaran ga ada libur samsek bpjs didaftarin after 3 bulan banyak potongan yg harusnya ditanggung perusahaan tp malah dibebanin ke karyawan dengan dalih kebersamaan gapok under umr baru dapet umr setelah ditambah kpi kpi dijadiin standar gaji bukan bonus d,civder,2026-03-24 10:19:33+00:00,2026-03,lebaran tidak ada libur samsek didaftarin after bulan banyak potongan harusnya ditanggung perusahaan tapi malah dibebanin karyawan dengan dalih kebersamaan gapok under umr baru dapet umr setelah ditambah kpi kpi dijadiin standar gaji bukan bonus d,Negatif,2
Fri Feb 20 09:05:57 +0000 2026,duh yang bikin agak kesel tuh urusan yang ini sangat urgent dan bahaya ini menyangkut bpjs menyangkut nyawa orang udah bukan mainan,flourtwenty,2026-02-20 09:05:57+00:00,2026-02,duh membuat agak kesel urusan sangat urgent bahaya menyangkut menyangkut nyawa orang sudah bukan mainan,Negatif,1
Wed Mar 25 10:30:15 +0000 2026,kesel gasih pls stop acak acak angkatan 26,neurolojey,2026-03-25 10:30:15+00:00,2026-03,kesel gasih pls stop acak acak angkatan,Negatif,5
Tue Mar 24 11:23:23 +0000 2026,dan semua nya lokasi di rumah gue gue tuan rumah nya ortu gue full open house dan gue mau nangisss kejer tiap mereka pada balik bcs syitttt gue harus beresin kelacauan ini yaallah badan gue remukk ingin mengamukk,pstchiowoojaey,2026-03-24 11:23:23+00:00,2026-03,semua lokasi rumah saya saya tuan rumah ortu saya full open house saya mau nangis kejer tiap mereka pada balik bcs syit saya harus beresin kelacauan yaallah badan saya remukk ingin mengamukk,Negatif,7
Sun Mar 22 23:25:07 +0000 2026,wdyt guys nyalain mercon di tengah jalan yang padat pengendara udah bikin maret membahayakan pula sender kesel banget sii liatnya lagian itu udah gede nalarnya gak jalankah,tanyakanrl,2026-03-22 23:25:07+00:00,2026-03,wdyt guys nyalain mercon tengah jalan padat pengendara sudah membuat maret membahayakan pula sender kesel banget sii liatnya lagian sudah gede nalarnya tidak jalankah,Negatif,5
Tue Mar 24 05:41:09 +0000 2026,nah ini juga kadang yang bikin kesel dan uring2an kita udah santai banget dan ga pakai dinding tapi dianya masih suka kasih kode ga jelas padahal tinggal bilang aja kita udah siap,haltecikoko,2026-03-24 05:41:09+00:00,2026-03,nah juga kadang membuat kesel uringan kita sudah santai banget tidak pakai dinding tapi dianya masih suka kasih kode tidak jelas padahal tinggal bilang saja kita sudah siap,Negatif,1
Sat Mar 21 04:27:52 +0000 2026,tau yg bikin makin emosi apa dia langsung nyerobot ngambil amplop yg mau gua kasih ke adik gua yg mana itu udah gua pisah isi nominalnya beda karena buat adek bukan sepupu sumpah kesel banget gua disitu langsung gua ambil lagi gua paksa,dkselfk,2026-03-21 04:27:52+00:00,2026-03,tahu membuat makin emosi apa dia langsung nyerobot ngambil amplop mau saya kasih adik saya mana sudah saya pisah isi nominalnya beda karena buat adek bukan sepupu sumpah kesel banget saya disitu langsung saya ambil lagi saya paksa,Negatif,5
Wed Nov 05 10:45:45 +0000 2025,ya allahhh bpjs nyusahin orang aja adikku udh bayar tagihannya sendiri masa saldoku kepotongnya buat tagihan 2 orang anjjjj ga megang duit lagi gw monyettt shiballl,jheonsa,2025-11-05 10:45:45+00:00,2025-11,allah nyusahin orang saja adikku sudah bayar tagihannya sendiri masa saldoku kepotongnya buat tagihan orang anj tidak megang duit lagi saya monyet shibal,Negatif,1
Mon Mar 23 05:58:03 +0000 2026,nyebelin bgt kl ke kantor bpjs di stop satpam gaboleh masuk ish,emilydiparis,2026-03-23 05:58:03+00:00,2026-03,nyebelin banget kalau kantor stop satpam gaboleh masuk ish,Negatif,4
Sat Nov 01 10:39:54 +0000 2025,cape deh di pukul rata terus buat kita pun bpjs udah nyebelin kaliannya jangan dong,inourdreamies,2025-11-01 10:39:54+00:00,2025-11,cape pukul rata terus buat kita pun sudah nyebelin kaliannya jangan,Negatif,4
Sat Nov 01 07:01:44 +0000 2025,terlalu mukul rata lu jadi orang itu yg ngomong 1 orang digeneralisasi jadi semua nakes dan mending minta ke bpjs buat naro 2 3 pic di igd buat jelasin yg mana yg bisa diclaim bpjs yg mana yg engga urusan kayak gitu jangan dibebanin ke nakes lagi pengecut banget bpjs,hqrry__,2025-11-01 07:01:44+00:00,2025-11,terlalu mukul rata kamu jadi orang ngomong orang digeneralisasi jadi semua nakes mending minta buat naro pic igd buat jelasin mana bisa diclaim mana engga urusan kayak begitu jangan dibebanin nakes lagi pengecut banget,Negatif,2
Mon Nov 17 11:52:41 +0000 2025,yg bikin minus tu sistem lu yang jelek ye monyet brp byk orang lahiran bikin bpjs 3 bulan atau malah sebulan sebelum lahiran beresnya ga pernah bayar iuran bpjs lagi hahh brp byk yg pke bpjs buat operasi abis beres iuran ga pernah dibayar trus tindak lanjutnya apa hahhhh,peachlavva,2025-11-17 11:52:41+00:00,2025-11,membuat minus tu sistem kamu jelek ye monyet berapa byk orang lahiran membuat bulan atau malah sebulan sebelum lahiran beresnya tidak pernah bayar iuran lagi hahh berapa byk pke buat operasi abis beres iuran tidak pernah dibayar trus tindak lanjutnya apa hah,Negatif,1
Fri Mar 06 09:35:19 +0000 2026,ka mau pake bpjs juga ga dokter nya ga beres masa iya ngomong nya begitu,puttxyzs,2026-03-06 09:35:19+00:00,2026-03,ka mau pakai juga tidak dokter tidak beres masa iya ngomong begitu,Negatif,1
Fri Dec 19 22:48:29 +0000 2025,gua sampe sekarang gapernah dapet bansos tuh bpjs juga jadi donatur doang karena alhamdulillah dikasi sehat gimana tuh bandara lah ini mah jerih payah semua pajak rakyat kenapa malah diglorifikasi jerih payah pemerintah lawak banget,jeerskie,2025-12-19 22:48:29+00:00,2025-12,saya sampe sekarang gapernah dapet bansos juga jadi donatur doang karena alhamdulillah dikasi sehat gimana bandara lah mah jerih payah semua pajak rakyat kenapa malah diglorifikasi jerih payah pemerintah lawak banget,Negatif,4
Thu Feb 12 01:05:20 +0000 2026,mamam noh makan gratis bpjs di nonaktifkan bisa apa lo mbg kacau bpjs kacau,inineyya,2026-02-12 01:05:20+00:00,2026-02,mamam noh makan gratis nonaktifkan bisa apa kamu kacau kacau,Negatif,6
Tue Mar 24 06:22:38 +0000 2026,mau log in aja susah akhirnya langsung ke kantor bpjs ampas banget,daisytari,2026-03-24 06:22:38+00:00,2026-03,mau log in saja susah akhirnya langsung kantor ampas banget,Negatif,7
Sat Mar 21 13:22:01 +0000 2026,kenapa gue harus kangen bpjs,janangiel,2026-03-21 13:22:01+00:00,2026-03,kenapa saya harus kangen,Negatif,7
Tue Feb 24 08:58:25 +0000 2026,berobat bpjs kenapa hrs ada prb,jungk7kie,2026-02-24 08:58:25+00:00,2026-02,berobat kenapa harus ada prb,Negatif,7
Wed Mar 18 04:39:13 +0000 2026,kenapa si gada bpjs buat kucing,fucekkgirl,2026-03-18 04:39:13+00:00,2026-03,kenapa si gada buat kucing,Negatif,6
Wed Feb 11 03:21:50 +0000 2026,yg ga relate kenapa kemarin bpjs pada ribut2 mungkin gini gambarannya,karirfess,2026-02-11 03:21:50+00:00,2026-02,tidak relate kenapa kemarin pada ribut mungkin gini gambarannya,Negatif,3
Sun Nov 02 00:26:07 +0000 2025,ya lu juga pake bpjs kocak klo lu tau ada orang yg ga ngasi 100 di bpjs kenapa lu juga pake bpjs ya harusnya pake asurasi swasta dong gausah bpjs bpjs itu,rollldepan,2025-11-02 00:26:07+00:00,2025-11,kamu juga pakai kocak kalau kamu tahu ada orang tidak ngasi kenapa kamu juga pakai harusnya pakai asurasi swasta gausah,Negatif,4
Mon Dec 01 07:28:08 +0000 2025,kenapa ya orng bpjs tk gini amat gua dapet ro boomer gini amat ya allah ditanya gk tau atau bukan bagian saya gua nnya cs suruh nnya ro cape bngt yap,yappingfess,2025-12-01 07:28:08+00:00,2025-12,kenapa orng tk gini amat saya dapet ro boomer gini amat allah ditanya tidak tahu atau bukan bagian saya saya nnya cs suruh nnya ro cape bngt yap,Negatif,1
Tue Mar 24 10:58:00 +0000 2026,gue masih bingung sm ortu gue kenapa gue dilarang untuk berobat pake bpjs tp mereka adek gue gapapa bahkan bpjs gue ga diurusin,wheninprague,2026-03-24 10:58:00+00:00,2026-03,saya masih bingung sama ortu saya kenapa saya dilarang untuk berobat pakai tapi mereka adek saya gapapa bahkan saya tidak diurusin,Negatif,5
Sat Dec 06 13:05:12 +0000 2025,guys apakah make sense bpjs keluarga sender yg dari pemerintah dinon aktifkan dengan alasan begini utang kan bukan harta tapi kewajiban kenapa dianggap mampu ya bisa dikeluhkan ke siapa kira,tanyakanrl,2025-12-06 13:05:12+00:00,2025-12,guys apakah make sense keluarga sender pemerintah dinon aktifkan dengan alasan begini utang bukan harta tapi kewajiban kenapa dianggap mampu bisa dikeluhkan siapa kira,Negatif,4
Sat Nov 01 09:03:03 +0000 2025,bwhahahah gw punya temen dirut nggak deh investor rumah sakit swasta kecil jadi gini bre ini dia yg bilang lo ya begini kenapa pasien rumah sakit bpjs itu diperlakukan berbeda dan lama dapat penanganan nya dan obat serta segalanya,LoardKer,2025-11-01 09:03:03+00:00,2025-11,bwhahahah saya punya temen dirut tidak investor rumah sakit swasta kecil jadi gini bre dia bilang kamu begini kenapa pasien rumah sakit diperlakukan berbeda lama dapat penanganan obat serta segalanya,Negatif,5
Mon Oct 13 05:47:24 +0000 2025,oon bgt nungguin obat sampe sejam karena antri umum sama bpjs ga dipisah,hollaitsvi,2025-10-13 05:47:24+00:00,2025-10,oon banget nungguin obat sampe sejam karena antri umum sama tidak dipisah,Negatif,5
Tue Oct 14 12:15:14 +0000 2025,aku udah ga lucu lagi duniaku sedang tidak lucu berat kalik jadi orang dewasa mau ngeluh kerjaan takut dicap pick me ga ngeluh takut gila ke psikolog mager antri bpjs susah,Lovely02112000,2025-10-14 12:15:14+00:00,2025-10,aku sudah tidak lucu lagi duniaku sedang tidak lucu berat kalik jadi orang dewasa mau ngeluh kerjaan takut dicap pick me tidak ngeluh takut gila psikolog mager antri susah,Negatif,5
Mon Dec 22 23:14:43 +0000 2025,nangis aku liatnya beda bgt sama konoha pernah lihat orang udah sekarat tetep suruh antri karna bpjs,Bulanterbenam,2025-12-22 23:14:43+00:00,2025-12,nangis aku liatnya beda banget sama konoha pernah lihat orang sudah sekarat tetep suruh antri karna,Negatif,1
Sat Nov 22 04:05:25 +0000 2025,asli ribet bgt negara ini coook kmrn ngeliat bapak2 tua mau periksa udh kesakitan periksa bpjs aja suruh antri aplikasi tp dia lupa passwordnya trs sm perawatnya malah dibalikin coba kasih tau ke anaknya brgkali tau password mobile jkn nya apa padahal dia kesana sendirian,ddabyeom,2025-11-22 04:05:25+00:00,2025-11,asli ribet banget negara cok kmrn ngeliat bapak tua mau periksa sudah kesakitan periksa saja suruh antri aplikasi tapi dia lupa passwordnya terus sama perawatnya malah dibalikin coba kasih tahu anaknya brgkali tahu password mobile jkn apa padahal dia kesana sendirian,Negatif,5
Sun Mar 22 18:33:59 +0000 2026,wong gendeng antriwn 270 w tinggal lah jam 1 baru masuk antrian dr ja setenga 9 ampe jam 1 pagi bukanya berbenah malah makin ancur,putrikusuma18,2026-03-22 18:33:59+00:00,2026-03,wong gendeng antriwn w tinggal lah jam baru masuk antrian ja setenga ampe jam pagi bukanya berbenah malah makin ancur,Negatif,5
Wed Mar 25 09:23:36 +0000 2026,ih ngeri bgt anjir pada bawa bts di base indo udh tau indo kandangnya antis,kookscrunch,2026-03-25 09:23:36+00:00,2026-03,ih ngeri banget anjir pada bawa bts base indo sudah tahu indo kandangnya antis,Negatif,5
Mon Dec 08 13:13:44 +0000 2025,dokter spesialis mahal bgt anj obatnya kalo ngga di reimburse gue ogah dhhshshd mending antri bpjs,sushiseshi,2025-12-08 13:13:44+00:00,2025-12,dokter spesialis mahal banget anj obatnya kalau ngga reimburse saya ogah dhhshshd mending antri,Negatif,5
Mon Dec 29 13:14:26 +0000 2025,impacted teeth udah ke rs mau pake bpjs tapi antri tindakannya sampe 18 februari ya allahhh akhirnya memutuskan buat cabut di klinik swasta 2 jutaan ya allah untuk ngilangin 1 gigi aja ini,amsiikwindy,2025-12-29 13:14:26+00:00,2025-12,impacted teeth sudah rumah sakit mau pakai tapi antri tindakannya sampe februari allah akhirnya memutuskan buat cabut klinik swasta jutaan allah untuk ngilangin gigi saja,Negatif,4
Wed Nov 19 13:07:11 +0000 2025,lu tau ga bpjs ke faskes 1 semua skrg wajib daftar antrian lewat aplikasi ga dibayangin apa yg gaptek atau lansia gmn gila anjir gue kesana lg sakit mobilejkn akun gue error yg harus diurus ke kantor bpjs disitu gue nangis dpn susternya krn sakit tp ga ketolon negara tai,soestroberi,2025-11-19 13:07:11+00:00,2025-11,kamu tahu tidak faskes semua sekarang wajib daftar antrian lewat aplikasi tidak dibayangin apa gaptek atau lansia bagaimana gila anjir saya kesana lagi sakit mobilejkn akun saya error harus diurus kantor disitu saya nangis dpn susternya karena sakit tapi tidak ketolon negara tai,Negatif,4
Sun Dec 14 12:15:04 +0000 2025,momen anjingnya pas sebelum gua mau masuk ke ruangan buat daftar itu gua nanya satpam di pintunya yg sebelumnya ngarahin gua ke antrian bpjs dia ngarahin gua balik karena dia bilang antrian di sini udah full pas gua wa lagi csnya disuruh langsung masuk aja dan ke meja,galaxchin,2025-12-14 12:15:04+00:00,2025-12,momen anjingnya pas sebelum saya mau masuk ruangan buat daftar saya nanya satpam pintunya sebelumnya ngarahin saya antrian dia ngarahin saya balik karena dia bilang antrian sini sudah full pas saya wa lagi csnya disuruh langsung masuk saja meja,Negatif,5
Mon Jan 19 16:54:35 +0000 2026,udah off hp dan merem eh keingat mau ngambil antrian drg bpjs di tepat jam 12 malem kalo sampe full lagi gatau lagi deh,solanaceaee,2026-01-19 16:54:35+00:00,2026-01,sudah off hp merem eh keingat mau ngambil antrian drg tepat jam malem kalau sampe full lagi gatau lagi,Negatif,5
Mon Nov 10 05:41:48 +0000 2025,sorry tp rs mana ya yg waiting roomnya cukup layak dijadiin belajar kerja rs yg gw datengin keknya selalu penuh sm antrian bpjs berbagai org sakit bahkan gaada meja colokan jg,kleechann,2025-11-10 05:41:48+00:00,2025-11,sorry tapi rumah sakit mana waiting roomnya cukup layak dijadiin belajar kerja rumah sakit saya datengin keknya selalu penuh sama antrian berbagai orang sakit bahkan gaada meja colokan juga,Negatif,5
Mon Mar 16 15:19:54 +0000 2026,af true inget bgtt dr urologi marah2 ke bagian farmasi perkara nunggu acc obat yg di cover ngga bpjs sampe nendang meja dan bilang lu jangan mempersulit gue buat nolong orang keduanya sama sama mau yg terbaik buat px nya tapi sistemnya yg yoweslah,itsme_miiiiiii,2026-03-16 15:19:54+00:00,2026-03,af true inget bgtt urologi marah bagian farmasi perkara nunggu acc obat cover ngga sampe nendang meja bilang kamu jangan mempersulit saya buat nolong orang keduanya sama sama mau terbaik buat px tapi sistemnya yoweslah,Negatif,5
Fri Feb 13 14:05:07 +0000 2026,penanganan pasien bpjs emang selambat ini ya 2 hari isinya cuma nunggu doang mana dokternya ketus banget ditanya kapan jawabnya masih nunggu jadwal gitu terus sampe sungai nil berubah jadi hutan lindung kesel sendiri jadinya,tanyarlfes,2026-02-13 14:05:07+00:00,2026-02,penanganan pasien emang selambat hari isinya cuma nunggu doang mana dokternya ketus banget ditanya kapan jawabnya masih nunggu jadwal begitu terus sampe sungai nil berubah jadi hutan lindung kesel sendiri jadinya,Negatif,5
Thu Feb 26 15:29:06 +0000 2026,etdah sumpah lu pada yg dpt kerja dan dpt fasilitas bpjs pls langsung pindah faskes anjir gw nyesel baru ngurus akhir2 ini krn harus nunggu 3 bulan,noitcnufhsab,2026-02-26 15:29:06+00:00,2026-02,etdah sumpah kamu pada dapat kerja dapat fasilitas pls langsung pindah faskes anjir saya nyesel baru ngurus akhir karena harus nunggu bulan,Negatif,5
Sat Feb 14 07:16:03 +0000 2026,jujur lebih lama gua nunggu administrasi di counter informasi bpjs ranap dan farmasi daripada konsul dan kontrol sama dokter spesialisnya itu sendiri,expelliarmooss,2026-02-14 07:16:03+00:00,2026-02,jujur lebih lama saya nunggu administrasi counter informasi ranap farmasi daripada konsul kontrol sama dokter spesialisnya sendiri,Negatif,5
Mon Mar 23 07:41:57 +0000 2026,baju dinas lingerie kontol kampung bgt si anjing lingerie bangsat kmgoblok kampunggg indonesia kampungggh,umasbla,2026-03-23 07:41:57+00:00,2026-03,baju dinas lingerie kontol kampung banget si anjing lingerie bangsat kmgoblok kampung indonesia kampungh,Negatif,7
Fri Mar 20 01:40:52 +0000 2026,lama banget marahnya ih,inirainyy,2026-03-20 01:40:52+00:00,2026-03,lama banget marahnya ih,Negatif,6
Mon Feb 09 06:55:06 +0000 2026,mau tanya bpjs sender kan tipe gratis ya yg dr pemerintah daerah awalnya di puskesmas kalau pindah faskes ke klinik apa bakal ada iuran tiap bulan ga ya sender udh terlanjur ganti takut tiba tiba ada iuran tiap bulan,tanyakanrl,2026-02-09 06:55:06+00:00,2026-02,mau tanya sender tipe gratis pemerintah daerah awalnya puskesmas kalau pindah faskes klinik apa bakal ada iuran tiap bulan tidak sender sudah terlanjur ganti takut tiba tiba ada iuran tiap bulan,Negatif,1
Wed Mar 18 03:05:17 +0000 2026,di kontak sm bnyak klinik bpjs ni pada ngira aku siap mengabdi ato gmn deh aku btuhnya duit,prinncexs,2026-03-18 03:05:17+00:00,2026-03,kontak sama bnyak klinik ni pada ngira aku siap mengabdi ato bagaimana aku btuhnya duit,Negatif,7
Fri Dec 12 00:20:00 +0000 2025,kapan ya sy bs terbebas dari kerjaan yg berurusan sm bpjs dulu wkt di klinik enak bgt krn nda pusing sm rujukan tp pusing sama karyawan yg mau disehatkan padahal mcunya ancur,mudahsinyal,2025-12-12 00:20:00+00:00,2025-12,kapan sy bisa terbebas kerjaan berurusan sama dulu wkt klinik enak banget karena nda pusing sama rujukan tapi pusing sama karyawan mau disehatkan padahal mcunya ancur,Negatif,3
Wed Jan 28 15:33:11 +0000 2026,aku cerita ke cece masalah cabut gigi dan disuruh nyoba pke bpjs ke rs tpi masalahnya aku takut pke bpjs buat masalah gigi gaada bpjs juga si tpi di klinik mahal bngt bjir,maycrocosmos,2026-01-28 15:33:11+00:00,2026-01,aku cerita cece masalah cabut gigi disuruh nyoba pke rumah sakit tpi masalahnya aku takut pke buat masalah gigi gaada juga si tpi klinik mahal bngt bjir,Negatif,5
Wed Nov 12 22:05:01 +0000 2025,ini kebijakan bpjsnya ya kalau tidak gawat darurat tidak bisa menggunakan bpjs di igd rs harus ke faskes 1 dulu mangkanya orng igd banyak yg dimarahin pasien krna kebijakan ini tp klo ada rs yg bisa brrti mereka hrs cari diagnosis gawat darurat biar bisa klaim bpjs,jeontaesya,2025-11-12 22:05:01+00:00,2025-11,kebijakan bpjsnya kalau tidak gawat darurat tidak bisa menggunakan igd rumah sakit harus faskes dulu mangkanya orng igd banyak dimarahin pasien krna kebijakan tapi kalau ada rumah sakit bisa brrti mereka harus cari diagnosis gawat darurat biar bisa klaim,Negatif,5
Mon Mar 23 03:47:15 +0000 2026,sumpahhh ini kejadian ke akuuuuuuuuu aku buat sw lg di infus di rumah terus gak lama temen kerja aku buat sw tangan aku yg diinfus itu dengan caption emot sakit wkwk mau tak komen tp keburu males tp motivasi nya apa yakkk kackkkk wkwkk,Banaa_naa_,2026-03-23 03:47:15+00:00,2026-03,sumpah kejadian aku aku buat sw lagi infus rumah terus tidak lama temen kerja aku buat sw tangan aku diinfus dengan caption emot sakit tertawa mau tak komen tapi keburu males tapi motivasi apa yak kack wkwkk,Negatif,5
Sun Mar 22 17:29:57 +0000 2026,betul sering dengar kalau pakai asuransi dimahalin tapi kalau ga pkai asuransi makin berasa boncosnya kalau pakai bpjs ribet prosesnya dan kadang ga totalitas capek bgt,bluberryzeeyyy,2026-03-22 17:29:57+00:00,2026-03,betul sering dengar kalau pakai asuransi dimahalin tapi kalau tidak pkai asuransi makin berasa boncosnya kalau pakai ribet prosesnya kadang tidak totalitas capek banget,Negatif,6
Fri Mar 20 03:11:40 +0000 2026,bedanya yg dibayar soros sama dibayar pakai pajak sendiri emang beda kok bisa ya yang dibayar soros lebih sadar kalau prabowo emang ga bagus sedangkan yg dibayar pakai pajak ga tahu prabowo gibran seburuk itu,Flawes9,2026-03-20 03:11:40+00:00,2026-03,bedanya dibayar soros sama dibayar pakai pajak sendiri emang beda bisa dibayar soros lebih sadar kalau prabowo emang tidak bagus sedangkan dibayar pakai pajak tidak tahu prabowo gibran seburuk,Negatif,2
Fri Mar 20 15:58:28 +0000 2026,mau ikut sebel tapi istilah yang bahkan menurut generasi awal penggerak glbt adalah sebutan diskriminatif pada zamannya malah dipakai masal saat ini contoh aja queer tidak bisa berbuat apa2 karena akhirnya menjadi seolah valid homoglbtlgbtlgbtq lgbtqai queer,LaLaninesVoice,2026-03-20 15:58:28+00:00,2026-03,mau ikut sebel tapi istilah bahkan menurut generasi awal penggerak glbt adalah sebutan diskriminatif pada zamannya malah dipakai masal saat contoh saja queer tidak bisa berbuat apa karena akhirnya menjadi seolah valid homoglbtlgbtlgbtq lgbtqai queer,Negatif,6
Sun Mar 22 22:11:32 +0000 2026,korban mercon tidak bisa ditanggung bpjs awkwkwk,kutrukkentes,2026-03-22 22:11:32+00:00,2026-03,korban mercon tidak bisa ditanggung awkwkwk,Negatif,3
Sat Mar 21 07:34:21 +0000 2026,yang senior2 jg banyak yg resign menjelang hari raya thr banyak yg dipotong imbas dari colaps bpjs yg gagal klaim akhirnya mau ga mau rs nerima nakes2 lulusan baru keliatan d video ga ada 1 pun yg mau bicara membela diri nakes senior g mungkin diem di teriaki seperti itu,nananarini,2026-03-21 07:34:21+00:00,2026-03,senior juga banyak resign menjelang hari raya thr banyak dipotong imbas colaps gagal klaim akhirnya mau tidak mau rumah sakit nerima nakes lulusan baru keliatan d video tidak ada pun mau bicara membela diri nakes senior g mungkin diem teriaki seperti,Negatif,4
Thu Mar 19 00:38:44 +0000 2026,kocak banget udah komplen eh ga dibelain netizen wkwkkwkwk makanya ni harusnya pasien bpjs dari awal diedukasi orang bpjs nyuruh rs buat kasih obat mahal tapi mereka sendiri ga mau ngecover idih najis,koovkpeach,2026-03-19 00:38:44+00:00,2026-03,kocak banget sudah komplen eh tidak dibelain netizen wkwkkwkwk makanya ni harusnya pasien awal diedukasi orang nyuruh rumah sakit buat kasih obat mahal tapi mereka sendiri tidak mau ngecover idih najis,Negatif,5
Sun Feb 08 01:00:26 +0000 2026,mhsw akhir yg sakit2an ini terkejut krn bpjs mati pdhl ikut program ppu jelek u,lanaelona,2026-02-08 01:00:26+00:00,2026-02,mhsw akhir sakitan terkejut karena mati padahal ikut program ppu jelek u,Negatif,3
Thu Feb 05 00:00:39 +0000 2026,jgan salah banyak rakyat yg dibunuhin secara tidak langsung seperti bencana dibiarin itu di aceh besar lho dan ga diapa2in skrg rame bpjs mati semua buat doalihin ke palan babik gratis produk zionis anjing laknat dunia akhirat itu,None88114236,2026-02-05 00:00:39+00:00,2026-02,jgan salah banyak rakyat dibunuhin secara tidak langsung seperti bencana dibiarin aceh besar lho tidak diapain sekarang rame mati semua buat doalihin palan babik gratis produk zionis anjing laknat dunia akhirat,Negatif,7
Wed Feb 11 16:31:05 +0000 2026,doh kyungsoobpjs gw mati lu mau tanggungjawab klo gw knp2,americano913,2026-02-11 16:31:05+00:00,2026-02,doh kyungsoobpjs saya mati kamu mau tanggungjawab kalau saya kenapa,Negatif,1
Wed Feb 04 15:49:49 +0000 2026,dan per hari ini kejadian juga di tempat aku yg akhirnya ttd penolakan ranap karena bpjs mati padahal hb nya 4 empat,beaussouri,2026-02-04 15:49:49+00:00,2026-02,per hari kejadian juga tempat aku akhirnya ttd penolakan ranap karena mati padahal hb empat,Negatif,5
Wed Feb 25 10:35:20 +0000 2026,ya ok tapi fasilitas bpjs lu tunggu orang mati baru diurusin diurusin pemakamannye,sinagachinese,2026-02-25 10:35:20+00:00,2026-02,ok tapi fasilitas kamu tunggu orang mati baru diurusin diurusin pemakamannye,Negatif,4
Sun Feb 08 12:02:58 +0000 2026,gamau overwork biar ga sakit karena bpjs mati tapi kalau ga overwork ntar miskin tolong,uryaraen,2026-02-08 12:02:58+00:00,2026-02,gamau overwork biar tidak sakit karena mati tapi kalau tidak overwork ntar miskin tolong,Negatif,5
Fri Feb 27 03:21:20 +0000 2026,mbg gt keracunan gt sakit gt rujuk ke rs gt bpjs mati karna dananya dialokasikan ke mbg,itslinong,2026-02-27 03:21:20+00:00,2026-02,begitu keracunan begitu sakit begitu rujuk rumah sakit begitu mati karna dananya dialokasikan,Negatif,5
Wed Feb 25 01:24:37 +0000 2026,bpjs mati tuh dari mana dinonaktifkan anjeng kan bnyk jga bpjs yg dislahgunakan pdhl orgny mampu tpi dibuat gk mmpu itu bsa diaktifin lagi dana pendidikan mana yg disunat pajak naik sblm ada mbg harga sembako naik yah krn lu kira petani gak pngn makmur apa cok,DaeIlhyu,2026-02-25 01:24:37+00:00,2026-02,mati mana dinonaktifkan anjeng bnyk jga dislahgunakan padahal orgny mampu tpi dibuat tidak mmpu bsa diaktifin lagi dana pendidikan mana disunat pajak naik sblm ada harga sembako naik yah karena kamu kira petani tidak pngn makmur apa cok,Negatif,2
Thu Feb 05 17:03:07 +0000 2026,makin kesini smua harus ku pikir fak l kek banyak hal bener urgent males bgt dewasa coba tuh org pinter mengelola warisan ga bakal kek gini anjir dia org dah ga tnggung jwb tpi skrg diteken bikinin dia bpjs fak mati duluan keknya aku kagak kebagian apa,tuguardia_,2026-02-05 17:03:07+00:00,2026-02,makin kesini smua harus ku pikir fak l seperti banyak hal bener urgent males banget dewasa coba orang pinter mengelola warisan tidak bakal seperti gini anjir dia orang sudah tidak tnggung jwb tpi sekarang diteken bikinin dia fak mati duluan keknya aku kagak kebagian apa,Negatif,5
Wed Mar 25 10:44:01 +0000 2026,kan emang dari awal tuh mereka gakjelas selalu dzolim sama camaba 26 dari adanya tka mendadak kisi kisi tka yang terlalu luas daya tampung yg lambat keluar kuota s1 dikurangin dan sekarang sistem utbk yg berubah,seekaala,2026-03-25 10:44:01+00:00,2026-03,emang awal mereka gakjelas selalu dzolim sama camaba adanya tka mendadak kisi kisi tka terlalu luas daya tampung lambat keluar kuota s dikurangin sekarang sistem utbk berubah,Negatif,6
Sat Mar 21 11:28:24 +0000 2026,ada yg tau ga si kenapa imess nya gak mau aktif ini pake e sim nya udah 1x24 jam masi waiting to actv mulu,saphirowilk,2026-03-21 11:28:24+00:00,2026-03,ada tahu tidak si kenapa imess tidak mau aktif pakai e sim sudah x jam masi waiting to actv mulu,Negatif,6
Wed Nov 05 02:04:02 +0000 2025,kenapa kok peraturan bpjs 1 kudu punya ktp 2 misal punya ktp dan bpjs aktif pun luka akibat tindakan kriminal pemerintah bpjs ga mau nanggung 3 billnya diarahin ke siapa ke orang random pemerintah aja ga mau bayarin,safirawwww,2025-11-05 02:04:02+00:00,2025-11,kenapa peraturan kudu punya ktp misal punya ktp aktif pun luka akibat tindakan kriminal pemerintah tidak mau nanggung billnya diarahin siapa orang random pemerintah saja tidak mau bayarin,Negatif,5
Thu Mar 19 06:55:57 +0000 2026,kalo bayar indihome 300ribu bulan tapi cuma dapet 50 mbps bisa jadi lo pilih paket bundling telepon rumah kayaknya jaman sekarang jarang deh yang pake telepon rumah tapi masih banyak yang langganan paket ini karena ga tau dan ga dikasih tau sama indihome kalo telpon rumah ga dipake langsung call cs indihome buat minta ubah paket kalo bayar 300ribu harusnya dapet 150 mbps,hanifproduktif,2026-03-19 06:55:57+00:00,2026-03,kalau bayar indihome ribu bulan tapi cuma dapet mbps bisa jadi kamu pilih paket bundling telepon rumah kayaknya jaman sekarang jarang pakai telepon rumah tapi masih banyak langganan paket karena tidak tahu tidak dikasih tahu sama indihome kalau telpon rumah tidak dipake langsung call cs indihome buat minta ubah paket kalau bayar ribu harusnya dapet mbps,Negatif,5
Mon Mar 23 13:25:37 +0000 2026,goblok anjing kepala gw lagi stres mau meledak ini pajak bacot bngt ini laporan spt tahunan bisa diisiin aja ga si enak bngt anjing gw yg kerja gw yg bayar pajak gw yg harus ngisi lagi mana rumit bngt anjing ini web lo sialan gaji buta aja lu kerjaannya,sagitariupsiee,2026-03-23 13:25:37+00:00,2026-03,goblok anjing kepala saya lagi stres mau meledak pajak bacot bngt laporan spt tahunan bisa diisiin saja tidak si enak bngt anjing saya kerja saya bayar pajak saya harus ngisi lagi mana rumit bngt anjing web kamu sialan gaji buta saja kamu kerjaannya,Negatif,2
Wed Oct 08 11:55:04 +0000 2025,guys kalo buat kis masih worth it ga ya soalnya aku skit kepala dr lama tp blm periksa grgr kehalang biaya tkut mahal buat bpjs dia kan harus satu kk sedangkan mama ku gamau bayar iuran per bulan nya kis bisa sendiri kan ya,baseconvo,2025-10-08 11:55:04+00:00,2025-10,guys kalau buat kis masih worth it tidak soalnya aku skit kepala lama tapi belum periksa grgr kehalang biaya tkut mahal buat dia harus satu kk sedangkan mama ku gamau bayar iuran per bulan kis bisa sendiri,Negatif,5
Tue Mar 24 12:30:44 +0000 2026,ga mau bayar anjir katanya klo mudah diakses siapa yg ga mau bayar ini pake vpn pun ga bisa kita akses parahnya,jhjx5689,2026-03-24 12:30:44+00:00,2026-03,tidak mau bayar anjir katanya kalau mudah diakses siapa tidak mau bayar pakai vpn pun tidak bisa kita akses parahnya,Negatif,4
Wed Dec 03 03:50:10 +0000 2025,hadeh ngurus skck online ribet bgt gara2 bpjs dah dinonaktifin pdhl al w masih sampe tanggal 5 woy,overtiredtired,2025-12-03 03:50:10+00:00,2025-12,hadeh ngurus skck online ribet banget gara sudah dinonaktifin padahal al w masih sampe tanggal woy,Negatif,4
Tue Mar 03 02:48:31 +0000 2026,ribet bgt bpjs,itsmozza_,2026-03-03 02:48:31+00:00,2026-03,ribet banget,Negatif,6
Mon Oct 13 02:41:51 +0000 2025,real nunggu antrean bedah mulut pake bpjs lama bgt gua nyerah langsung pindah rs pake umum,kim_kiranaaa,2025-10-13 02:41:51+00:00,2025-10,real nunggu antrean bedah mulut pakai lama banget saya nyerah langsung pindah rumah sakit pakai umum,Negatif,5
Fri Mar 06 01:32:34 +0000 2026,lagi lagi mbaknya benar bpjs bukannya defisit tp terpangkas oleh program mbg mubazir banget gais,toe_giman,2026-03-06 01:32:34+00:00,2026-03,lagi lagi mbaknya benar bukannya defisit tapi terpangkas oleh program mubazir banget gais,Negatif,5
Tue Mar 24 17:07:59 +0000 2026,pertama kali lebaran pertama ga ke keluarga papa krn takut ga bisa makan apa2 dan ga enak sm kk sepupu ga makan tp ujung ujungnya gua ttp mkn santen dan perdagingan krn ga mungkin bgt anjay padang x batak ini lebaran makan sayur bening,manisgulaajawa,2026-03-24 17:07:59+00:00,2026-03,pertama kali lebaran pertama tidak keluarga papa karena takut tidak bisa makan apa tidak enak sama kk sepupu tidak makan tapi ujung ujungnya saya ttp mkn santen perdagingan karena tidak mungkin banget anjay padang x batak lebaran makan sayur bening,Negatif,2
Thu Feb 19 15:50:09 +0000 2026,bingung bgt ga cuman sekali dua kali stuck ga bisa lamar karna skck ada solusi ga ya jujur ga masuk di akal aku apa korelasinya skck sama bpjs,tanyakanrl,2026-02-19 15:50:09+00:00,2026-02,bingung banget tidak cuman sekali dua kali stuck tidak bisa lamar karna skck ada solusi tidak jujur tidak masuk akal aku apa korelasinya skck sama,Negatif,4
Wed Jan 14 13:34:21 +0000 2026,jangan sakit dulu ya badan aku bpjs kesahatan ketenagakerjaan lagi nonaktif sementara,centang2biru,2026-01-14 13:34:21+00:00,2026-01,jangan sakit dulu badan aku kesahatan ketenagakerjaan lagi nonaktif sementara,Negatif,5
Wed Nov 19 02:48:25 +0000 2025,kalian ada gak sih pengguna aktif bpjs kes aku semenjak telbay kan ganti nomor trs skrg tiap daftar mobile jkn gak link gitu ke wa wkwk jadi tiap daftar cuma bisa liat dari aplikasi,semogaaqu,2025-11-19 02:48:25+00:00,2025-11,kalian ada tidak pengguna aktif kes aku semenjak telbay ganti nomor terus sekarang tiap daftar mobile jkn tidak link begitu wa tertawa jadi tiap daftar cuma bisa liat aplikasi,Negatif,5
Wed Mar 25 09:41:29 +0000 2026,ps menyebut tubuhku tidak ideal mengolok olok perempuan gemuk serta mengatakan baru mau berpacaran jika aku kurus ia juga mengontrol pergaulanku membuatku merasa bersalah jika bertemu teman dan sering melakukan gaslighting,tmptmengeluhku,2026-03-25 09:41:29+00:00,2026-03,ps menyebut tubuhku tidak ideal mengolok olok perempuan gemuk serta mengatakan baru mau berpacaran jika aku kurus ia juga mengontrol pergaulanku membuatku merasa bersalah jika bertemu teman sering melakukan gaslighting,Negatif,6
Wed Mar 25 09:40:02 +0000 2026,setelah ps putus dari pacarnya pada akhir agustus 2025 sikapnya semakin dingin dan tidak konsisten ia mengatakan mencintaiku hanya jika aku membuatnya tenang ia juga mulai merendahkan tubuhku pekerjaanku dan kondisi ekonomiku,tmptmengeluhku,2026-03-25 09:40:02+00:00,2026-03,setelah ps putus pacarnya pada akhir agustus sikapnya semakin dingin tidak konsisten ia mengatakan mencintaiku hanya jika aku membuatnya tenang ia juga mulai merendahkan tubuhku pekerjaanku kondisi ekonomiku,Negatif,5
Fri Feb 06 01:33:54 +0000 2026,bpjs pbi mendadak non aktif ratusan pasien ditolak pelayanannya diminta urus perubahan data video 2 respon kemenkes terkait penghentian bpjs pbi yg membuat pasien cuci darah kebingungan kenapa pemerintah hobi sekali begini,P3gEl,2026-02-06 01:33:54+00:00,2026-02,pbi mendadak non aktif ratusan pasien ditolak pelayanannya diminta urus perubahan data video respon kemenkes terkait penghentian pbi membuat pasien cuci darah kebingungan kenapa pemerintah hobi sekali begini,Negatif,5
Tue Mar 24 09:28:20 +0000 2026,ngga disediain bpjs tapi pas minta obat obatan kayak betadine dll ke manajemen bilangnya malah kan itu tanggung jawab perorangan berarti kalian kerjanya kurang hati hati anjerrr yang lebih lucunya dah setaun kerja masa thrnya cuma 100rb,_nnnaahh,2026-03-24 09:28:20+00:00,2026-03,ngga disediain tapi pas minta obat obatan kayak betadine dll manajemen bilangnya malah tanggung jawab perorangan berarti kalian kerjanya kurang hati hati anjer lebih lucunya sudah setaun kerja masa thrnya cuma ribu,Negatif,4
Thu Jan 22 11:39:35 +0000 2026,keluar bege pegang rumput sono berobat kalo ada duit sama punya bpjs mah jangan dibiarin takut makin parah,puppyfluffy_94,2026-01-22 11:39:35+00:00,2026-01,keluar bege pegang rumput sono berobat kalau ada duit sama punya mah jangan dibiarin takut makin parah,Negatif,5
Wed Dec 10 04:55:45 +0000 2025,gajelas bgt anjir drama bpjs,averrhoaa,2025-12-10 04:55:45+00:00,2025-12,gajelas banget anjir drama,Negatif,4
Wed Mar 25 09:22:58 +0000 2026,kedengerannya lagi capek banget ya sampai pengen kabur aku pernah ngalamin juga dan jujur ujungnya malah nyakitin orang rumah tanpa nyelesain apa apa semoga kamu nemu cara yang lebih baik buat nenangin diri percayalah kamu nggak harus lewatin ini sendirian kok,TBeyrut51233,2026-03-25 09:22:58+00:00,2026-03,kedengerannya lagi capek banget sampai pengen kabur aku pernah ngalamin juga jujur ujungnya malah nyakitin orang rumah tanpa nyelesain apa apa semoga kamu nemu cara lebih baik buat nenangin diri percayalah kamu tidak harus lewatin sendirian,Negatif,4
Tue Mar 24 09:46:59 +0000 2026,engga kaa emng dr sistemnya yg libur mskpn dokternya dalam jam praktek kalau dari bpjs itu tanggal merah libur pasti bakal ikut off,betageminorum_,2026-03-24 09:46:59+00:00,2026-03,engga kaa emng sistemnya libur mskpn dokternya dalam jam praktek kalau tanggal merah libur pasti bakal ikut off,Negatif,4
Wed Mar 25 09:21:09 +0000 2026,tpi capek ga si wkwkw syarat jadi beus harus kaya dulu kali ya wkwkwkwkwk,buskinth,2026-03-25 09:21:09+00:00,2026-03,tpi capek tidak si wkwkw syarat jadi beus harus kaya dulu kali wkwkwkwkwk,Negatif,5
Sun Feb 22 23:02:31 +0000 2026,dulu pernah kerja di rs gitu bukan perkara bpjsnya sih tapi biasanya emang pribadi orangnya aja emang pasien bpjs banyak dan bikin capek ngaruh jg ke mood meskipun kita berusaha profesional ada jg yg pribadi emang gitu bahkan temen kerjanya sendiri jg dijudesin,reroljiyong4448,2026-02-22 23:02:31+00:00,2026-02,dulu pernah kerja rumah sakit begitu bukan perkara bpjsnya tapi biasanya emang pribadi orangnya saja emang pasien banyak membuat capek ngaruh juga mood meskipun kita berusaha profesional ada juga pribadi emang begitu bahkan temen kerjanya sendiri juga dijudesin,Negatif,5
Wed Mar 25 09:49:21 +0000 2026,kaget gw bocil bocil yg gw perkirakan masih sd kelas 5 6 dan mungkin ada 1 2 bocil yg smp kelas 7 pada ngerokok di warung bakso meresahkan kalau mereka adekku jangankan adek jadi ortunya deh langsung gw gampar satu satu meresahkan,sanishar2,2026-03-25 09:49:21+00:00,2026-03,kaget saya bocil bocil saya perkirakan masih sd kelas mungkin ada bocil smp kelas pada ngerokok warung bakso meresahkan kalau mereka adekku jangankan adek jadi ortunya langsung saya gampar satu satu meresahkan,Negatif,5
Fri Feb 06 13:15:07 +0000 2026,saat seorang anak memilih mengakhiri hidupnya hny krn pena dan buku si miskin menjerit dalam sakitnya krn bpjs pbi nya tetiba dinonaktifkan pemimpinmu memaksa anggaran dialihkan u program ambisinya dan akan membayar sekian t hny u keanggotaan tetap terkutuk,uyoktweet,2026-02-06 13:15:07+00:00,2026-02,saat seorang anak memilih mengakhiri hidupnya hny karena pena buku si miskin menjerit dalam sakitnya karena pbi tetiba dinonaktifkan pemimpinmu memaksa anggaran dialihkan u program ambisinya akan membayar sekian t hny u keanggotaan tetap terkutuk,Negatif,7
Wed Mar 25 09:39:57 +0000 2026,rating today 1 10 periksa sendiri bayar sendiri dgn obat yg sgt mahal itu dan mingdep op sendiri mna gabisa cover bpjs sedih bgt aku,ellakumaa,2026-03-25 09:39:57+00:00,2026-03,rating today periksa sendiri bayar sendiri dengan obat sgt mahal mingdep op sendiri mna gabisa cover sedih banget aku,Negatif,5
Sat Nov 01 13:00:03 +0000 2025,sakit bacanya sehat sehat deh warga indonesia lihat nakesnya begini bikin aku mau sedih bisa bisanya mengakui secara terang terangan kalau ada diskriminasi perlakuan ke pasien bpjs duh kacau,Paradishea,2025-11-01 13:00:03+00:00,2025-11,sakit bacanya sehat sehat warga indonesia lihat nakesnya begini membuat aku mau sedih bisa bisanya mengakui secara terang terangan kalau ada diskriminasi perlakuan pasien duh kacau,Negatif,5
Fri Mar 20 16:51:48 +0000 2026,aku benci banget sama pemerintah negara sendiri benci benci banget aku benci mereka potong bpjs my mom tambah sakit karenanya aturan dipersulit dana dipotong buat mbg pemerintahnya isinya makhluk dajjal gila harta haram,superrmeong,2026-03-20 16:51:48+00:00,2026-03,aku benci banget sama pemerintah negara sendiri benci benci banget aku benci mereka potong my mom tambah sakit karenanya aturan dipersulit dana dipotong buat pemerintahnya isinya makhluk dajjal gila harta haram,Negatif,6
Wed Mar 25 09:35:09 +0000 2026,aku udah nanya sopan rekan2 kalo misal gak bisa bantu jawab gpp lebih baik diam kyk yg lain drpd komen yg ga seharusnya tolong yg kyk gini2 ini jngn dinormalisasi rek suwun,sbyfess,2026-03-25 09:35:09+00:00,2026-03,aku sudah nanya sopan rekan kalau misal tidak bisa bantu jawab gpp lebih baik diam kyk lain drpd komen tidak seharusnya tolong kyk gini jngn dinormalisasi rek suwun,Negatif,1
Fri Jan 30 01:15:14 +0000 2026,bpjs kemontol ini klo endoskopi ga 8 juta udh jalan mandiri dri kmrin,needcalculate,2026-01-30 01:15:14+00:00,2026-01,kemontol kalau endoskopi tidak juta sudah jalan mandiri dri kmrin,Negatif,4
Wed Mar 25 09:46:43 +0000 2026,kerusakan psikis dan pemerkosaan hubungan itu membuatku sangat stres aku mengalami panic attack pada 3 november 2025 akibat trigger hubungan dengan ps pada malam harinya aku langsung berangkat igd,tmptmengeluhku,2026-03-25 09:46:43+00:00,2026-03,kerusakan psikis pemerkosaan hubungan membuatku sangat stres aku mengalami panic attack pada november akibat trigger hubungan dengan ps pada malam harinya aku langsung berangkat igd,Negatif,7
Tue Mar 24 05:38:18 +0000 2026,pernah saat itu tanya dengan salah satu klinik yg melayani bpjs saat periksa sakit lain kenapa di jkn selalu tutup untuk poligigi ternyata sehari cuman ada dikit layanannnya jadi hanya bisa daftar ditempat,melonkatanya,2026-03-24 05:38:18+00:00,2026-03,pernah saat tanya dengan salah satu klinik melayani saat periksa sakit lain kenapa jkn selalu tutup untuk poligigi ternyata sehari cuman ada dikit layananya jadi hanya bisa daftar ditempat,Negatif,5
Wed Feb 18 05:45:07 +0000 2026,sender mulai puasanya besok tapi sekarang malah muntaber plis gimana cara cepet sembuhnya mau berobat bpjs nggak aktif lemes juga gabisa kemana mana,tanyakanrl,2026-02-18 05:45:07+00:00,2026-02,sender mulai puasanya besok tapi sekarang malah muntaber plis gimana cara cepet sembuhnya mau berobat tidak aktif lemes juga gabisa kemana mana,Negatif,7
Mon Feb 23 13:56:54 +0000 2026,coba dah lu ketemu pasien yang gak dapet pbi tapi masih kesusahan buat bayar bpjs karna berbagai alasan ada yg kena phk lah ada yg bangkrut lah ada yg emang kerja serabutan lah trus ngeluh ke lu gimana caranya aktifin bpjs lagi karna udh nunggak berbulan bulan nanya biayanya,yunowhatodo,2026-02-23 13:56:54+00:00,2026-02,coba sudah kamu ketemu pasien tidak dapet pbi tapi masih kesusahan buat bayar karna berbagai alasan ada kena phk lah ada bangkrut lah ada emang kerja serabutan lah trus ngeluh kamu gimana caranya aktifin lagi karna sudah nunggak berbulan bulan nanya biayanya,Negatif,5
Sun Mar 15 13:25:10 +0000 2026,di sini ada yg pernah pasang gigi palsu yg di cover bpjs mau tanya dong aku udh ke faskes 1 mau minta rujukan katanya pemasangan gigi palsu tidak di cover bpjs fyi aku bpjs kelas 3 boleh tolong bantuannya gimana ya caranya biar bisa dpt subsidi dri bpjs tengkyu,tanyarlfes,2026-03-15 13:25:10+00:00,2026-03,sini ada pernah pasang gigi palsu cover mau tanya aku sudah faskes mau minta rujukan katanya pemasangan gigi palsu tidak cover fyi aku kelas boleh tolong bantuannya gimana caranya biar bisa dapat subsidi dri tengkyu,Negatif,4
Fri Feb 27 13:05:12 +0000 2026,sblmnya pernah ga ngeh pake bedak kadaluarsa trs langsung gatel sampe skrg meskipun udh stop pusing aku harus gimana sblm kartu bpjs nya bisaa,tanyakanrl,2026-02-27 13:05:12+00:00,2026-02,sblmnya pernah tidak ngeh pakai bedak kadaluarsa terus langsung gatel sampe sekarang meskipun sudah stop pusing aku harus gimana sblm kartu bisaa,Negatif,1
Thu Mar 19 06:19:39 +0000 2026,mujin dari dulu di bpm ya padahal lagunya ngehits mulu pasti jadi moneymaker agensi bobrok itu,blessmeahcho,2026-03-19 06:19:39+00:00,2026-03,mujin dulu bpm padahal lagunya ngehits mulu pasti jadi moneymaker agensi bobrok,Negatif,5
Fri Feb 06 15:17:36 +0000 2026,ini bakalan jadi boomerang gak ya bikin mbg untuk nyasar kaum bawah tp justru kaum bawah kena getahnya dari penonaktifan bpjs,viraia,2026-02-06 15:17:36+00:00,2026-02,bakalan jadi boomerang tidak membuat untuk nyasar kaum bawah tapi justru kaum bawah kena getahnya penonaktifan,Negatif,3
Wed Mar 11 08:55:23 +0000 2026,huhuh aku juga kerja di bagian pelayanan tapi kalo dijutekin suster di rs kaya gimana gituuu langsung mikirrrrr apa gara2 gue pake bpjs yaaaa pdhal bpjs juga bayar,ourmoonshine13,2026-03-11 08:55:23+00:00,2026-03,huhuh aku juga kerja bagian pelayanan tapi kalau dijutekin suster rumah sakit kaya gimana begitu langsung mikir apa gara saya pakai pdhal juga bayar,Negatif,5
Fri Dec 19 04:55:49 +0000 2025,halo min klaim bpjs jht 10 kok lama banget ya cairnya udah 3 hari ini,ameldeand,2025-12-19 04:55:49+00:00,2025-12,klaim jht lama banget cairnya sudah hari,Negatif,7
Mon Dec 01 05:15:50 +0000 2025,buat apa bikin asuransi kalo kudu cob ama bpjs sih ini juga bpjs kenapa gamau cover primary pci di kotaku aneh bgt bayangin serangan jantung di rs itu bisa pci tapi ga dicover bpjs alhasil kudu rujuk kebijakan yang ngga bijak,crepesdiem,2025-12-01 05:15:50+00:00,2025-12,buat apa membuat asuransi kalau kudu cob ama juga kenapa gamau cover primary pci kotaku aneh banget bayangin serangan jantung rumah sakit bisa pci tapi tidak dicover alhasil kudu rujuk kebijakan ngga bijak,Negatif,5
Mon Oct 27 01:29:08 +0000 2025,kenapa sih bpjs gak ngebolehin orang gerd dirujuk ke rs,superrmeong,2025-10-27 01:29:08+00:00,2025-10,kenapa tidak ngebolehin orang gerd dirujuk rumah sakit,Negatif,5
Fri Nov 21 15:43:42 +0000 2025,apk bpjs kenapa sih mobile jknnya eror gua urgent banget kocag,kukenyangk,2025-11-21 15:43:42+00:00,2025-11,apk kenapa mobile jknnya eror saya urgent banget kocag,Negatif,4
Sun Mar 15 02:10:37 +0000 2026,bayangkan jarak selamat hanya tinggal beberapa langkah tapi tertahan oleh tembok tebal bernama bpjs beda domisili di mana rasa empati di mana sumpah profesi seorang mahasiswa masa depan bangsa harus pulang dalam peti jenazah karena sistem yang kaku dan tidak punya hati hancur hati ini melihat birokrasi lebih didahulukan daripada denyut nadi,Dara_Cega,2026-03-15 02:10:37+00:00,2026-03,bayangkan jarak selamat hanya tinggal beberapa langkah tapi tertahan oleh tembok tebal bernama beda domisili mana rasa empati mana sumpah profesi seorang mahasiswa masa depan bangsa harus pulang dalam peti jenazah karena sistem kaku tidak punya hati hancur hati melihat birokrasi lebih didahulukan daripada denyut nadi,Negatif,4
Wed Mar 25 09:37:24 +0000 2026,because of this mistake ive been using the wrong lenses for years which is unacceptable this raises serious concerns about the quality and reliability of their eye testing process if basic prescriptions can be this wrong its hard to trust anything else they offer continue,Subham7Rath,2026-03-25 09:37:24+00:00,2026-03,because of this mistake ive been using the wrong lenses for years which is unacceptable this raises serious concerns about the quality and reliability of their eye testing process if basic prescriptions can be this wrong its hard to trust anything else they offer continue,Negatif,1
Tue Mar 24 06:10:03 +0000 2026,bank service degradation affected bank bnp paribas affected products pis start time mar 24 2026 04 47 end time mar 24 2026 06 08 impact degraded service when initiating pis request affects vrp if enabled,OBDowntime,2026-03-24 06:10:03+00:00,2026-03,bank service degradation affected bank bnp paribas affected products pis start time mar end time mar impact degraded service when initiating pis request affects vrp if enabled,Negatif,6
Tue Jan 06 09:57:37 +0000 2026,fotocopy udh kayak antri bpjs dirumah sakit mana main roblox ajg karyawannya bukan cari solusi,revinnnn_,2026-01-06 09:57:37+00:00,2026-01,fotocopy sudah kayak antri dirumah sakit mana main roblox ajg karyawannya bukan cari solusi,Negatif,5
Tue Mar 24 09:41:23 +0000 2026,nunggu sejam di sozo udah kek ke rs pake bpjs,ira_1417,2026-03-24 09:41:23+00:00,2026-03,nunggu sejam sozo sudah seperti rumah sakit pakai,Negatif,6
Sat Mar 21 23:42:03 +0000 2026,mo nangis psa habisnya 5jt bisa pake bpjs tapi nunggu 3 bulan ngantrinya sementara gue udah kwsakitan sampe nangis,teukkieduckie,2026-03-21 23:42:03+00:00,2026-03,mo nangis psa habisnya juta bisa pakai tapi nunggu bulan ngantrinya sementara saya sudah kwsakitan sampe nangis,Negatif,1
Thu Mar 19 16:37:54 +0000 2026,ngeri bgt omongan orang tinggi gamau nerima penjelasan ini nurut prosesur bpjs jadi diobservasi dulu gatau sampe kapan sampe nunggu bayinya mati dulu baru ditindak didepan istri bayi nya kocakkk,kiraabluee,2026-03-19 16:37:54+00:00,2026-03,ngeri banget omongan orang tinggi gamau nerima penjelasan nurut prosesur jadi diobservasi dulu gatau sampe kapan sampe nunggu bayinya mati dulu baru ditindak didepan istri bayi kocak,Negatif,4
Mon Mar 23 16:48:52 +0000 2026,aku malah pengen cabut kanan kiri karna impaksi tapi kata dokter nya kalau bpjs cuma bisa atas bawah satu sisi sisanya nanti nunggu 6 bulan lagi buat operasi lagi terus ranap ini khusus yg cabut giginya pake bius total aku pakai bius total saran dari dokter kak,thismanisyours,2026-03-23 16:48:52+00:00,2026-03,aku malah pengen cabut kanan kiri karna impaksi tapi kata dokter kalau cuma bisa atas bawah satu sisi sisanya nanti nunggu bulan lagi buat operasi lagi terus ranap khusus cabut giginya pakai bius total aku pakai bius total saran dokter,Negatif,6
Fri Mar 20 18:51:30 +0000 2026,mendengar katanya op gigi bungsu pake bpjs bisa nunggu berbulan bulan weh trus ini sakitnya harus ditahan selama itu,dikeysoftboi,2026-03-20 18:51:30+00:00,2026-03,mendengar katanya op gigi bungsu pakai bisa nunggu berbulan bulan weh trus sakitnya harus ditahan selama,Negatif,6
Wed Feb 04 08:32:02 +0000 2026,emang asw ni tbtb di nonaktif tanpa pemberitahuan sosialisasi yang meluas dan merata kejadian gue kemarin hamdalah cuma lagi buat kontrol nebus obat kalo nunggu ngurus bpjs dulu kelaut kelamaan,prnwulan,2026-02-04 08:32:02+00:00,2026-02,emang asw ni tbtb nonaktif tanpa pemberitahuan sosialisasi meluas merata kejadian saya kemarin hamdalah cuma lagi buat kontrol nebus obat kalau nunggu ngurus dulu kelaut kelamaan,Negatif,6
Thu Mar 19 07:27:07 +0000 2026,yaa gimana lokalnya ajaa kalau disuruh kerja malas pilih2 kerjaan keahlian tidak ada minta bayaran tinggi wajar kalau tidak dipakai disana saya pernah disana 3 thn jdi kenapa saya bisa ngomong seperti ini karna memang kenyataan seperti itu,pakpakyuyuyu,2026-03-19 07:27:07+00:00,2026-03,yaa gimana lokalnya ajaa kalau disuruh kerja malas pilih kerjaan keahlian tidak ada minta bayaran tinggi wajar kalau tidak dipakai disana saya pernah disana tahun jdi kenapa saya bisa ngomong seperti karna memang kenyataan seperti,Negatif,1
Tue Jan 20 15:27:03 +0000 2026,guys ada kah saran gigi palsu abal abal atau apa pun itu yang bisa nutupin bolongan gede di gigi depan untuk sementara bbrp jam doang gigi depanku patah parah aku tau hrs ke dokter tapi nambal gigi depan nggak dicover bpjs dan harus bayar 300k,tanyakanrl,2026-01-20 15:27:03+00:00,2026-01,guys ada kah saran gigi palsu abal abal atau apa pun bisa nutupin bolongan gede gigi depan untuk sementara bbrp jam doang gigi depanku patah parah aku tahu harus dokter tapi nambal gigi depan tidak dicover harus bayar k,Negatif,4
Sun Mar 08 16:32:20 +0000 2026,mohon maaf aja pak mbg kembalikan uang rakyat uang pendidikan uang bpjs uang infak indonesia makin parah dg kelompok korupsi kasihan kpk makin banyak kerjaan,Lamongan1971451,2026-03-08 16:32:20+00:00,2026-03,mohon maaf saja pak kembalikan uang rakyat uang pendidikan uang uang infak indonesia makin parah dg kelompok korupsi kasihan kpk makin banyak kerjaan,Negatif,5
Fri Jan 30 00:14:11 +0000 2026,ya allah antrian rskgm nih gmn dah susah bet dipanteng jam berapapun kapasitas tetep 0 amp jadwal dokternya pun gaada bankan pas di cek h 6 perasaanku doang kali ya tapi 5 tahun lalu gak sesusah ini padahal pake bpjs kirain kalo pake umum ada mendingnya ternyata lebih parah,dionysuc,2026-01-30 00:14:11+00:00,2026-01,allah antrian rskgm nih bagaimana sudah susah bet dipanteng jam berapapun kapasitas tetep  jadwal dokternya pun gaada bankan pas cek h perasaanku doang kali tapi tahun lalu tidak sesusah padahal pakai kirain kalau pakai umum ada mendingnya ternyata lebih parah,Negatif,3
Fri Nov 21 04:09:08 +0000 2025,malah paket paketan alternatif ini bisa lebih mahal berkali lipat dibanding jika berobat pake bpjs dengan rutin bayar iuran mana hasil tidak jelas dan efeknya bisa lebih parah,PostMortemMD,2025-11-21 04:09:08+00:00,2025-11,malah paket paketan alternatif bisa lebih mahal berkali lipat dibanding jika berobat pakai dengan rutin bayar iuran mana hasil tidak jelas efeknya bisa lebih parah,Negatif,5
Mon Mar 23 07:38:05 +0000 2026,anggota aktif bpjs kesehatan 280 juta hampir total pop ri tercover pengeluaran rp 190 triliun artinya biaya kesehatan per peserta sekitar rp 700 ribu per tahun angka yg rasional tapi 20 peserta habiskan 80 anggaran ingat pareto principle,Strategi_Bisnis,2026-03-23 07:38:05+00:00,2026-03,anggota aktif juta hampir total pop ri tercover pengeluaran rupiah triliun artinya biaya per peserta sekitar rupiah ribu per tahun angka rasional tapi peserta habiskan anggaran ingat pareto principle,Negatif,3
Thu Dec 18 01:41:42 +0000 2025,aku mutusin coba ke psikiater karena ngerasa udah makin parah tapi karena pake bpjs jadinya harus ambil rujukan dan sebelum dikasih surat harus ceritain masalah dulu di situ aku baru sadar knp harus cerita aku malu ngerasa kalau masalahku ga berat tapi mesti ke psikiater,JustMyRandom1,2025-12-18 01:41:42+00:00,2025-12,aku mutusin coba psikiater karena ngerasa sudah makin parah tapi karena pakai jadinya harus ambil rujukan sebelum dikasih surat harus ceritain masalah dulu situ aku baru sadar kenapa harus cerita aku malu ngerasa kalau masalahku tidak berat tapi mesti psikiater,Negatif,5
Fri Feb 20 00:45:50 +0000 2026,gajelas sumpah ali ghufron aja jadi dirut bpjs gajelas ini lagi lebih gajelas,scoupswithme,2026-02-20 00:45:50+00:00,2026-02,gajelas sumpah ali ghufron saja jadi dirut gajelas lagi lebih gajelas,Negatif,7
Tue Mar 24 13:59:48 +0000 2026,hah anjrit apk pun ikut libur yaudah gimana nakesnya juga ikut libur serentak lagian aneh banget dikira gada orang sakit kah pas mereka libur mana daftar gituan juga ribet kan kalo pake bpjs kudu pake si jkn juga,shinriyyy,2026-03-24 13:59:48+00:00,2026-03,hah anjrit apk pun ikut libur yaudah gimana nakesnya juga ikut libur serentak lagian aneh banget dikira gada orang sakit kah pas mereka libur mana daftar gituan juga ribet kalau pakai kudu pakai si jkn juga,Negatif,2
Thu Mar 19 04:47:52 +0000 2026,ini wifi mnc include juga kah kak kalo iya tolong dong dibantu ya wifi dirumah sudah seminggu tidak bisa dipakai tidak ada internet,longweiX,2026-03-19 04:47:52+00:00,2026-03,wifi mnc include juga kah kalau iya tolong dibantu wifi dirumah sudah seminggu tidak bisa dipakai tidak ada internet,Negatif,1
Wed Mar 25 08:54:04 +0000 2026,dari statemen yg berubah2 yg awalnya bilang bukan krn alasan sakit lalu belakangan bilang ditahan di rumah krn sakit gerd ini aja udah bikin kita bertanya2 seserius apa lembaga ini berantas korupsi kalo mencla mencle lukas enembe dulu gk dapet keringanan itu apa alasannya,RidNgemil,2026-03-25 08:54:04+00:00,2026-03,statemen berubah awalnya bilang bukan karena alasan sakit lalu belakangan bilang ditahan rumah karena sakit gerd saja sudah membuat kita bertanya seserius apa lembaga berantas korupsi kalau mencla mencle lukas enembe dulu tidak dapet keringanan apa alasannya,Negatif,1
Fri Mar 20 05:07:49 +0000 2026,kerabat gw ada juga si ibu minta uang cash buat berobat rutin ke rs katanya ga mau pake bpjs karena males antri anaknya ini curiga jangan2 ini bukan buat berobat tp buat ngasih saudaranya sama anaknya dikasih kartu kredit buat berobat eh terbukti ga mau pake dan marah2,si4riNew,2026-03-20 05:07:49+00:00,2026-03,kerabat saya ada juga si ibu minta uang cash buat berobat rutin rumah sakit katanya tidak mau pakai karena males antri anaknya curiga jangan bukan buat berobat tapi buat kasih saudaranya sama anaknya dikasih kartu kredit buat berobat eh terbukti tidak mau pakai marah,Negatif,5
Fri Nov 28 11:08:12 +0000 2025,kenapa ga ada yang bilang kalo operasi cabut gigi bungsu pake bpjs harus nunggu berbulan2 biar bisa dapetin antriannya,sodaqueee,2025-11-28 11:08:12+00:00,2025-11,kenapa tidak ada bilang kalau operasi cabut gigi bungsu pakai harus nunggu berbulan biar bisa dapetin antriannya,Negatif,6
Wed Feb 11 02:25:50 +0000 2026,bpjs pbi dinonaktifkan ternyata karena instruksi presiden wajar kalau bpjs kesehatan kemensos dan kemenkes jadi saling lempar penjelasan tapi tetap jadi bahan pertanyaan dana pbi itu sebenarnya dialihkan kemana buat urusan makan lagi,pelti_nih,2026-02-11 02:25:50+00:00,2026-02,pbi dinonaktifkan ternyata karena instruksi presiden wajar kalau kemensos kemenkes jadi saling lempar penjelasan tapi tetap jadi bahan pertanyaan dana pbi sebenarnya dialihkan kemana buat urusan makan lagi,Negatif,4
Tue Mar 17 11:33:14 +0000 2026,bpjs nonaktif otomatis tdk bisa berobat kok tagihannya jalan terus itu gimana,ryudi68,2026-03-17 11:33:14+00:00,2026-03,nonaktif otomatis tidak bisa berobat tagihannya jalan terus gimana,Negatif,3
Mon Mar 23 09:57:50 +0000 2026,asli beneran nyebelin anjg pdhl dia yg ajak,totyren,2026-03-23 09:57:50+00:00,2026-03,asli beneran nyebelin anjg padahal dia ajak,Negatif,4
Sat Feb 21 14:16:25 +0000 2026,bacot sistem bpjs sekarang aja makin ngaco najis najis,muvchi,2026-02-21 14:16:25+00:00,2026-02,bacot sistem sekarang saja makin ngaco najis najis,Negatif,2
Thu Oct 16 01:09:13 +0000 2025,ini skrining bpjs bisa dikarang ya sama pihak lain karena aku belum isi tahun ini tiba2 udah ada hasilnya dan ngawur abisss,IndahMaretha,2025-10-16 01:09:13+00:00,2025-10,skrining bisa dikarang sama pihak lain karena aku belum isi tahun tiba sudah ada hasilnya ngawur abis,Negatif,5
Tue Mar 24 06:08:32 +0000 2026,iya bojir percuma gw bayar bpjs ujung2nya selalu tidak tersedia udah nungguin buat booking juga di menit pertama langsung gak tersedia lagi najis senajis najisnya akhirnya berobat pake duit sendiri,sungjinstecu,2026-03-24 06:08:32+00:00,2026-03,iya bojir percuma saya bayar ujungnya selalu tidak tersedia sudah nungguin buat booking juga menit pertama langsung tidak tersedia lagi najis senajis najisnya akhirnya berobat pakai duit sendiri,Negatif,1
Wed Mar 25 07:11:01 +0000 2026,suka kesel banget ih nge hate heeseung dengan memakai pp member lain kaya buat apa ga bisakah sekarang dukung keputusan mereka masing masing dulu semuanya di bikin ribet dan kerusuhan nya semakin makin bludak bikin naik darah,hanimilkchie,2026-03-25 07:11:01+00:00,2026-03,suka kesel banget ih nge hate heeseung dengan memakai pp member lain kaya buat apa tidak bisakah sekarang dukung keputusan mereka masing masing dulu semuanya membuat ribet kerusuhan semakin makin bludak membuat naik darah,Negatif,6
Thu Mar 19 17:06:29 +0000 2026,serius deh lazada aneh banget ekspedisi lagi libur tapi gak ada pemberitahuan malah tetep dipilihin lex id ini sih bukan cuma bikin kesel tapi juga buang buang waktu nunggu bajingannnnnnnnnnnnnnnnn,g1nchan_,2026-03-19 17:06:29+00:00,2026-03,serius lazada aneh banget ekspedisi lagi libur tapi tidak ada pemberitahuan malah tetep dipilihin lex id bukan cuma membuat kesel tapi juga buang buang waktu nunggu bajingan,Negatif,6
Thu Mar 19 06:49:54 +0000 2026,walaupun gue belum ibu2 sejati banget karena belum ada anak tapi yg gini2 tu relate sih misal minta tolong apa gt ke suami trus dia ntar2in walopun ntar pasti dia kerjain sih ya kesel aja gt rasanya gak tau knp kyk bikin jadwal gue rusak aja gitu rasanya,gilangrahayu,2026-03-19 06:49:54+00:00,2026-03,walaupun saya belum ibu sejati banget karena belum ada anak tapi gini tu relate misal minta tolong apa begitu suami trus dia ntarin walopun ntar pasti dia kerjain kesel saja begitu rasanya tidak tahu kenapa kyk membuat jadwal saya rusak saja begitu rasanya,Negatif,2
Sun Mar 22 18:15:46 +0000 2026,saka bikin kesel banget,biroe_dayat,2026-03-22 18:15:46+00:00,2026-03,saka membuat kesel banget,Negatif,1
Wed Mar 25 09:29:13 +0000 2026,dengan hujatan netizen cacian netizen akhirnya sppg kami ditutup minta maaf ke netizen tapi seperti menyalahkan netizen sppg dia ditutup menyalahkan netizen pegawai dia ngangur ini orang ga kapok pdhl masalah awalnya ada di dia dan bgn menutup sppgnya bkn krn netizen tapi krn bgn menemukan sejumlah pelanggaran teknis saat melakukan pemeriksaan langsung ke lokasi dapur dan itu sesuai perintah presiden prabowo untuk tegas pada dapur tak layak,ch_chotimah2,2026-03-25 09:29:13+00:00,2026-03,dengan hujatan netizen cacian netizen akhirnya sppg kami ditutup minta maaf netizen tapi seperti menyalahkan netizen sppg dia ditutup menyalahkan netizen pegawai dia ngangur orang tidak kapok padahal masalah awalnya ada dia bgn menutup sppgnya bkn karena netizen tapi karena bgn menemukan sejumlah pelanggaran teknis saat melakukan pemeriksaan langsung lokasi dapur sesuai perintah presiden prabowo untuk tegas pada dapur tak layak,Negatif,5
Sat Mar 21 06:15:03 +0000 2026,ngapa sih orang orang pada sebel sama okb padahal gw pengen banget jadi okb setelah seumur hidup jadi oml alias orang miskin lama,fuckiermisquen,2026-03-21 06:15:03+00:00,2026-03,ngapa orang orang pada sebel sama okb padahal saya pengen banget jadi okb setelah seumur hidup jadi oml alias orang miskin lama,Negatif,2
Wed Mar 25 10:11:18 +0000 2026,ga wajar mba ih palanya pen gw getok deh ngarep ape sih lo dri pcrn lama tolol i mean kalo udh tau gitu beli sendiri aja berharap banget jadi manusia kocak ihh iyuwh najong,atharadhwa61602,2026-03-25 10:11:18+00:00,2026-03,tidak wajar mba ih palanya pen saya getok ngarep ape kamu dri pcrn lama tolol i mean kalau sudah tahu begitu beli sendiri saja berharap banget jadi manusia kocak ihh iyuwh najong,Negatif,4
Tue Mar 24 03:29:33 +0000 2026,video lama banget ini sih,AghaAyah,2026-03-24 03:29:33+00:00,2026-03,video lama banget,Negatif,5
Thu Mar 19 13:32:03 +0000 2026,gk nyanka meledak buat jawab beberapa pertanyaan yang sama 1 kenapa bisa sabar ya karna udh sering aja jadi gk kaget kalo ngaret bisa lama banget 2 ketemuan kok cuma kita diem2an aja gk ada ngobrol2nya 3 oot sih perasaan topiknya soal apa comment mampus boti hubunganya,KensYud,2026-03-19 13:32:03+00:00,2026-03,tidak nyanka meledak buat jawab beberapa pertanyaan sama kenapa bisa sabar karna sudah sering saja jadi tidak kaget kalau ngaret bisa lama banget ketemuan cuma kita dieman saja tidak ada ngobrolnya oot perasaan topiknya soal apa comment mampus boti hubunganya,Negatif,1
Wed Mar 25 04:29:27 +0000 2026,jne tolol paket gw mana bego ekspedisi tersampah udah harganya lebih mahal dari jnt pelayanan kayak asu paket estimasi 1 hari tapi ini udah lewat 3 hari masi belum sampai mobil jenis apa sih di pakek lama banget,TyoTheDestroyer,2026-03-25 04:29:27+00:00,2026-03,jne tolol paket saya mana bego ekspedisi tersampah sudah harganya lebih mahal jnt pelayanan kayak asu paket estimasi hari tapi sudah lewat hari masi belum sampai mobil jenis apa pakek lama banget,Negatif,4
Fri Mar 20 12:54:51 +0000 2026,istri curiga selingkuh eh ternyata sama cowok lain shocknya pasti sampe ke tulang tuh kasian banget sih tapi yaudah lah mending tau sekarang daripada lama lama digantung,myshawti,2026-03-20 12:54:51+00:00,2026-03,istri curiga selingkuh eh ternyata sama cowok lain shocknya pasti sampe tulang kasian banget tapi yaudah lah mending tahu sekarang daripada lama lama digantung,Negatif,2
Tue Mar 24 03:26:20 +0000 2026,sulit sih apa lagi kamu mendem ini udah lama banget cari dulu sebelum cabut kak,drunketxt,2026-03-24 03:26:20+00:00,2026-03,sulit apa lagi kamu mendem sudah lama banget cari dulu sebelum cabut,Negatif,6
Wed Mar 25 10:13:41 +0000 2026,iya ya lama banget ngapain sih aku di kantor,odd8te,2026-03-25 10:13:41+00:00,2026-03,iya lama banget ngapain aku kantor,Negatif,7
Tue Mar 24 11:17:15 +0000 2026,gak ada pembawa sial hari sial tanggal sial cutoff sih kalau belum terlalu jauh cutoff aja kalau udah lama hubungannya perlu dicari tau kenapa dia tiba2 gini seumur hidup bareng toxic itu rugi banget nder,yaptiantan,2026-03-24 11:17:15+00:00,2026-03,tidak ada pembawa sial hari sial tanggal sial cutoff kalau belum terlalu jauh cutoff saja kalau sudah lama hubungannya perlu dicari tahu kenapa dia tiba gini seumur hidup bareng toxic rugi banget nder,Negatif,1
Mon Mar 23 10:17:43 +0000 2026,itu freshcare gua dia bawa ribet banget sih lu pada,snoopinkie,2026-03-23 10:17:43+00:00,2026-03,freshcare saya dia bawa ribet banget kamu pada,Negatif,6
Tue Mar 24 01:10:30 +0000 2026,terus kamu harap lulus kuliah terus kerja bakal dapat gaji 50juta gitu atau perhari dapat gaji 1juta gitu dia ngasih kamu duit dgn cara elegan mendidikmu secara tidak langsung apa sih ajg ribet banget lu dah ahhh,clawspect,2026-03-24 01:10:30+00:00,2026-03,terus kamu harap lulus kuliah terus kerja bakal dapat gaji juta begitu atau perhari dapat gaji juta begitu dia kasih kamu duit dengan cara elegan mendidikmu secara tidak langsung apa ajg ribet banget kamu sudah ah,Negatif,4
Wed Mar 25 01:50:41 +0000 2026,ribet amat sih soal ijazah doang kalo punya ijazah asli mah tinggal tunjukin aja ribet banget,radenarya4983,2026-03-25 01:50:41+00:00,2026-03,ribet amat soal ijazah doang kalau punya ijazah asli mah tinggal tunjukin saja ribet banget,Negatif,6
Sat Mar 21 16:48:46 +0000 2026,baru mau tidur ada aja yg bikin pening knpa sih pengurusan di pemerintahan itu ribet banget dan keseringan ada yg miss,ftriasri,2026-03-21 16:48:46+00:00,2026-03,baru mau tidur ada saja membuat pening knpa pengurusan pemerintahan ribet banget keseringan ada miss,Negatif,5
Tue Mar 24 10:01:39 +0000 2026,ribet banget sih nder as a non biner aku gapapa banget kalo di panggil mbak dengan fitur muka feminim rambut panjang dan makeup emang orang harus panggil aku apa mbas,YuliopY95653,2026-03-24 10:01:39+00:00,2026-03,ribet banget nder as a non biner aku gapapa banget kalau panggil mbak dengan fitur muka feminim rambut panjang makeup emang orang harus panggil aku apa mbas,Negatif,6
Sat Mar 21 06:45:04 +0000 2026,eh fore ini gimana sih gua order dari 11 29 sampe sekarang belum dapet kurir trus mau gua cancel malah gini alah ribet banget oi,parkiranteknik,2026-03-21 06:45:04+00:00,2026-03,eh fore gimana saya order sampe sekarang belum dapet kurir trus mau saya cancel malah gini alah ribet banget oi,Negatif,4
Fri Mar 20 03:39:00 +0000 2026,ga juga sih bokap gue udah masak rendang udah nyiapin kue lebaran juga tapi ga ribet kayak lo pada heboh banget belum ditentuin 1 syawal tantrumnya kayak apaan lagian nyiapin buat hari raya mepet trus panik sendiri nyusahin diri sendiri tapi marahnya ke orang lain weird,b0bbim,2026-03-20 03:39:00+00:00,2026-03,tidak juga bokap saya sudah masak rendang sudah nyiapin kue lebaran juga tapi tidak ribet kayak kamu pada heboh banget belum ditentuin syawal tantrumnya kayak apaan lagian nyiapin buat hari raya mepet trus panik sendiri nyusahin diri sendiri tapi marahnya orang lain weird,Negatif,6
Sun Mar 22 12:07:56 +0000 2026,kenapa sih situ ribet banget sama urusan muhammadiyah,akulahsijeki,2026-03-22 12:07:56+00:00,2026-03,kenapa situ ribet banget sama urusan muhammadiyah,Negatif,4
Mon Jan 26 06:25:44 +0000 2026,fuck bisa nya data kis saya di pakai orang lain giliran saya sekarang mau daftar dan mau pakai malah kis nya malah di suruh bayar dendaan 1 2jt bobrok banget ini bpjs kebanyakan calo orang dalem nya juga mata duitan,schatzy49260431,2026-01-26 06:25:44+00:00,2026-01,fuck bisa data kis saya pakai orang lain giliran saya sekarang mau daftar mau pakai malah kis malah suruh bayar dendaan juta bobrok banget kebanyakan calo orang dalem juga mata duitan,Negatif,4
Mon Mar 23 05:26:29 +0000 2026,aku waktu jaman bpjs kesehatan awal masih rada waras jg gitu laki single dan kerja memutuskan ambil kelas 1 dulu cuman 80 ribuan sebulan klo g slh ditanay knp kan syg klo g dipake katanya aku bilang gpp biar nyumbang nya gede wkwk,r3anz,2026-03-23 05:26:29+00:00,2026-03,aku waktu jaman awal masih rada waras juga begitu laki single kerja memutuskan ambil kelas dulu cuman ribuan sebulan kalau g slh ditanay kenapa syg kalau g dipake katanya aku bilang gpp biar nyumbang gede tertawa,Negatif,5
Wed Mar 25 10:06:10 +0000 2026,demnnn price in usd are cheap normal but in rupiah mahal banget buset ini kurs rupiah busuk bet,jepitbias,2026-03-25 10:06:10+00:00,2026-03,demn price in usd are cheap normal but in rupiah mahal banget buset kurs rupiah busuk bet,Negatif,4
Wed Mar 25 09:38:55 +0000 2026,di dalam waktu waktu hubungan yang penuh dengan tekanan ini ps pernah mengirim foto alat kelaminnya tanpa aku minta dan menseksualisasi tubuhku berkali kali aku hanya bisa freeze dan mengirimkan emoticon saking syoknya,tmptmengeluhku,2026-03-25 09:38:55+00:00,2026-03,dalam waktu waktu hubungan penuh dengan tekanan ps pernah mengirim foto alat kelaminnya tanpa aku minta menseksualisasi tubuhku berkali kali aku hanya bisa freeze mengirimkan emoticon saking syoknya,Negatif,1
Sun Mar 22 07:44:42 +0000 2026,dulu pengen yg murah trus pilih perwatan pake bpjs udah bulak balik tetep aja sakit kata drg sekarang ditambal atasnya doang padahal rusaknya udah sampe akar,moon_knite,2026-03-22 07:44:42+00:00,2026-03,dulu pengen murah trus pilih perwatan pakai sudah bulak balik tetep saja sakit kata drg sekarang ditambal atasnya doang padahal rusaknya sudah sampe akar,Negatif,5
Sat Mar 21 02:19:53 +0000 2026,ada yang lebih dari 5 tahun malah balik lagi ke pemakaian sehari harinya,Sehat_Lagi,2026-03-21 02:19:53+00:00,2026-03,ada lebih tahun malah balik lagi pemakaian sehari harinya,Negatif,5
Sun Mar 22 10:16:37 +0000 2026,dulu sering banget bikin tapi harus hati hati sih karena emang zaman dulu itu masih jamannya bikin mercon sendiri karena beli obatnya susah pernah sekali pakai karbit di deplok tapi gak begitu wah lama kelamaan muncul mercon sesdor yang kembang api dari situ udah ganti mode itu,robin_bian36489,2026-03-22 10:16:37+00:00,2026-03,dulu sering banget membuat tapi harus hati hati karena emang zaman dulu masih jamannya membuat mercon sendiri karena beli obatnya susah pernah sekali pakai karbit deplok tapi tidak begitu wah lama kelamaan muncul mercon sesdor kembang api situ sudah ganti mode,Negatif,3
Wed Mar 25 10:09:32 +0000 2026,sekali gw naik ini kelas ga lagi lagi deh naik tipe kelas yang kursinya l gini mau duduk ataupun nyender ga nyaman puoll sakit semua badan gw abis itu,cloudnotes_am,2026-03-25 10:09:32+00:00,2026-03,sekali saya naik kelas tidak lagi lagi naik tipe kelas kursinya l gini mau duduk ataupun nyender tidak nyaman puoll sakit semua badan saya abis,Negatif,5
Thu Mar 19 03:32:47 +0000 2026,kalo bpjs ga terima ya tetap gabisa claim,tkniktbuhmnusia,2026-03-19 03:32:47+00:00,2026-03,kalau tidak terima tetap gabisa claim,Negatif,5
Sun Mar 22 13:35:17 +0000 2026,terakhir kali di rs jg berantemnya sm perawat ya gara2 beginian urusan nyari rujukan dibilangnya du kerjanya lambat woh of course ga terima gw cari tu perawat ke ruanganny marahin sekalian maksudny apa berani blg gt klo lu merasa bs cepet kerjain lah sendiri,Shamdtwt,2026-03-22 13:35:17+00:00,2026-03,terakhir kali rumah sakit juga berantemnya sama perawat gara beginian urusan nyari rujukan dibilangnya du kerjanya lambat woh of course tidak terima saya cari tu perawat ruanganny marahin sekalian maksudny apa berani blg begitu kalau kamu merasa bisa cepet kerjain lah sendiri,Negatif,2
Tue Mar 24 15:38:09 +0000 2026,wkwk tolol di negara konservatif gini klo bisa sembuh tu gada lagi queer people gada lagi tuh case internalized homophobia lu tau queer cuma dari framing straight people doang anjir ga mempelajari dari sudut pandang mereka atau ilmiah aneh bgt,hmmmalr161829,2026-03-24 15:38:09+00:00,2026-03,tertawa tolol negara konservatif gini kalau bisa sembuh tu gada lagi queer people gada lagi case internalized homophobia kamu tahu queer cuma framing straight people doang anjir tidak mempelajari sudut pandang mereka atau ilmiah aneh banget,Negatif,3
Sun Dec 07 08:41:29 +0000 2025,aku juga udh 2 harian sakit tenggorokan ditambah meriang mau ke dokter tp yg di depan mahal bgt disini ga ada yg bisa bpjs yg troches pink itu lumayan sih bikin ga terlalu nyiksa,dayofjan,2025-12-07 08:41:29+00:00,2025-12,aku juga sudah harian sakit tenggorokan ditambah meriang mau dokter tapi depan mahal banget disini tidak ada bisa troches pink lumayan membuat tidak terlalu nyiksa,Negatif,5
Wed Mar 25 05:52:19 +0000 2026,pake behel kelamaan jg ga bagus kak bikin akar gigi jd memendek nanti giginya jd gampang goyang krn pake behel itukan kayak ngasi tekanan gt ke gigi biasanya maksimal 6tahun sih itupun yg kasusnya parah bgt kl aku 2 6thn udh bisa lepas,nasgorrebus_,2026-03-25 05:52:19+00:00,2026-03,pakai behel kelamaan juga tidak bagus membuat akar gigi jadi memendek nanti giginya jadi gampang goyang karena pakai behel itukan kayak ngasi tekanan begitu gigi biasanya maksimal tahun itupun kasusnya parah banget kalau aku tahun sudah bisa lepas,Negatif,4
Mon Mar 23 06:08:14 +0000 2026,sorry ada yg bisa dititipin menfess ga ya lg butuh bgt mau coba kirim sendiri harus login akun dl dan gw lupa pass nya,_peachiess_,2026-03-23 06:08:14+00:00,2026-03,sorry ada bisa dititipin menfess tidak lagi butuh banget mau coba kirim sendiri harus login akun dl saya lupa pass,Negatif,5
Tue Mar 24 15:27:38 +0000 2026,netflix prem in rush yang bisa dijadiin langganan jg dong cape bgt dpt seller ga trusted,lbimwb376582,2026-03-24 15:27:38+00:00,2026-03,netflix prem in rush bisa dijadiin langganan juga cape banget dapat seller tidak trusted,Negatif,5
Wed Mar 25 09:33:20 +0000 2026,kalo emg endingnya kaya gini kenapa harus adegan romce nya dulu kan bisa jatuh dr sungai uda langsung mokad aja duaduanya ga adila aja trian jg kl kaya hati warga jd pada sakit bgt nungguin sampe 21eps kaya orng gila eh end malah dibikin makin sakit hati,khiamudkhia,2026-03-25 09:33:20+00:00,2026-03,kalau emg endingnya kaya gini kenapa harus adegan romce dulu bisa jatuh sungai uda langsung mokad saja duaduanya tidak adila saja trian juga kalau kaya hati warga jadi pada sakit banget nungguin sampe eps kaya orng gila eh end malah dibikin makin sakit hati,Negatif,5
Wed Mar 25 09:59:50 +0000 2026,hampir 25 thn bolak balik ke slh 1 daerah bbrp thn blkgn ini pp saat hari mudik 2 3 hr lalu kembali rasakan alhasil macet parah ada ad yg banjir di bbrp titik pdhl bkn kampung halaman kami,matgelung,2026-03-25 09:59:50+00:00,2026-03,hampir tahun bolak balik slh daerah bbrp tahun blkgn pp saat hari mudik hr lalu kembali rasakan alhasil macet parah ada ad banjir bbrp titik padahal bkn kampung halaman kami,Negatif,5
Thu Mar 19 00:57:07 +0000 2026,mas sebelum ngopi ke ponti kabar tuh rendang nya gimana ya itu rendang mau dipakai rayain natal lewat rayain new year lewat rayain imlek lewat rayain valentine lewat rayain idul fitri bakal lewat juga ga tau ntar buat rayain paskah bisa engga,AnthonyBun,2026-03-19 00:57:07+00:00,2026-03,mas sebelum ngopi ponti kabar rendang gimana rendang mau dipakai rayain natal lewat rayain new year lewat rayain imlek lewat rayain valentine lewat rayain idul fitri bakal lewat juga tidak tahu ntar buat rayain paskah bisa engga,Negatif,5
Thu Mar 19 16:49:21 +0000 2026,heh indihome eh bisa ga kerja tuh yang gercep harga mu itu ga murah loh ini aku jatuh tempo tanggal 20 tapi tanggal 19 pukul 02 00 wib dini hari sudah gabisa dipakai los merah teroooosss daritadi tinggal buka dm aja ogah disuruh dm lagi,ricila_,2026-03-19 16:49:21+00:00,2026-03,heh indihome eh bisa tidak kerja gercep harga mu tidak murah loh aku jatuh tempo tanggal tapi tanggal pukul wib dini hari sudah gabisa dipakai los merah teros daritadi tinggal buka dm saja ogah disuruh dm lagi,Negatif,4
Wed Nov 26 10:55:51 +0000 2025,halo mau tanya status bpjs punya bibi saya sebelumnya dapat bantuan dari pemerintah rutin kontrol ke dokter belakangan ga bisa dipakai dan setelah di cek tiba tiba ada tagihan total 5 juta itu kenapa ya mohon di bantu,asdfrnty,2025-11-26 10:55:51+00:00,2025-11,mau tanya status punya bibi saya sebelumnya dapat bantuan pemerintah rutin kontrol dokter belakangan tidak bisa dipakai setelah cek tiba tiba ada tagihan total juta kenapa mohon bantu,Negatif,5
Thu Mar 19 07:08:52 +0000 2026,itu tingkatan hero yang bagus di pick or ban di season 40 ini bub kalo bisa pick yang tier paling atas dan kalo ga dipakai mending di ban karena heronya lagi over power,hxyabusa,2026-03-19 07:08:52+00:00,2026-03,tingkatan hero bagus pick or ban season bub kalau bisa pick tier paling atas kalau tidak dipakai mending ban karena heronya lagi over power,Negatif,3
Mon Feb 02 23:52:14 +0000 2026,buat sendernya kebetulan saya kerja di faskes puskesmas kasus bpjs pbi yang tiba2 nonaktif mmg setahun terakhir banyak terjadi saya juga gak tau pasti penyebab nya karena belum mendapatkan informasi resmi dari bpjs tapi semua pasien saya yang bpjs nya gk aktif paling banyak ya karena bpjs ny gk pernah diapakai lebih dari 3 bulan terus kalau udah terlanjur gk aktif solusinya bagaimana kalau di daerah saya datang aja ke faskes sesuai tempat keanggotaan bpjs dan laporkan biasanya kami memberikan surat pengantar keterangan kemudian peserta juga mengambil surat keterangan dari kelurahan desa nah 2 surat itu udah ckup untuk pergi ke kantor bpjs kota kab tempat kamu kalau kita gk tau bpjs ny gak aktif tapi udah terlanjur ke faskes untuk berobat gmn kalau dari kebijakan daerah kami pasien tetap dilayani di hari itu tapi untuk kontrol di hari lain nanti disarankan untuk mengaktifkan kebali bpjs tentu kebijakan ini bisa berbeda untuk daerah lainnya terus bagi teman2 yang bpjs pbi nya masih aktif dan gk dipake berobat ada caranya gk biar gk dinonaktifkan mungkin saran saya langkah yang paling seserhana adalah mengisi screening kesehatan mandiri lewat website bpjs di isi setahun sekali ini lumanyan penting agar sistem membaca bahwa kita masih ada link nya cari aj di google ketik aj skrining bpjs semoga sedikit membantu,ibalbabay,2026-02-02 23:52:14+00:00,2026-02,buat sendernya kebetulan saya kerja faskes puskesmas kasus pbi tiba nonaktif mmg setahun terakhir banyak terjadi saya juga tidak tahu pasti penyebab karena belum mendapatkan informasi resmi tapi semua pasien saya tidak aktif paling banyak karena ny tidak pernah diapakai lebih bulan terus kalau sudah terlanjur tidak aktif solusinya bagaimana kalau daerah saya datang saja faskes sesuai tempat keanggotaan laporkan biasanya kami memberikan surat pengantar keterangan kemudian peserta juga mengambil surat keterangan kelurahan desa nah surat sudah ckup untuk pergi kantor kota kab tempat kamu kalau kita tidak tahu ny tidak aktif tapi sudah terlanjur faskes untuk berobat bagaimana kalau kebijakan daerah kami pasien tetap dilayani hari tapi untuk kontrol hari lain nanti disarankan untuk mengaktifkan kebali tentu kebijakan bisa berbeda untuk daerah lainnya terus bagi teman pbi masih aktif tidak dipake berobat ada caranya tidak biar tidak dinonaktifkan mungkin saran saya langkah paling seserhana adalah mengisi screening mandiri lewat website isi setahun sekali lumanyan penting agar sistem membaca bahwa kita masih ada link cari aj google ketik aj skrining semoga sedikit membantu,Negatif,5
Wed Mar 25 10:19:13 +0000 2026,suka error sekarang aplikasinya bonus kuota dari isi pulsa gak masuk sialan mana nominal gede ini juga bonus kuota aplikasi ga bisa diaktifin,zona_ngeluh,2026-03-25 10:19:13+00:00,2026-03,suka error sekarang aplikasinya bonus kuota isi pulsa tidak masuk sialan mana nominal gede juga bonus kuota aplikasi tidak bisa diaktifin,Negatif,4
Fri Mar 20 07:29:23 +0000 2026,bayar bang tapinya ga bisa dituker palawija,bmbng_stwn,2026-03-20 07:29:23+00:00,2026-03,bayar bang tapinya tidak bisa dituker palawija,Negatif,2
Mon Mar 23 17:37:27 +0000 2026,kantor gw ada nih begini bayar masing2 karena yang ngadain sub divisi sebetulnya emang males pengen rebahan di rumah tapi kalo alesan males pasti pada ga bisa terima untung istri juga kurang setuju jadi bisa saya jadiin alesan ga ikut dengan dalih ga mau ribut sama istri,yonathwin,2026-03-23 17:37:27+00:00,2026-03,kantor saya ada nih begini bayar masing karena ngadain sub divisi sebetulnya emang males pengen rebahan rumah tapi kalau alesan males pasti pada tidak bisa terima untung istri juga kurang setuju jadi bisa saya jadiin alesan tidak ikut dengan dalih tidak mau ribut sama istri,Negatif,3
Thu Jan 22 05:41:51 +0000 2026,1 lagi pak ibu saya meninggal di rs di kab kudus sejak 12 1 2026 perawatan menggunakan bpjs smp sekarang biaya perawatan di rs tsb dianggap blm selesai krn infonya menunggu verifikasi bpjs sdh pernah bertanya ke bpjs di rs tp jawabannya sama verifikasi brp lama ya,pipitcuit82,2026-01-22 05:41:51+00:00,2026-01,lagi pak ibu saya meninggal rumah sakit kab kudus sejak perawatan menggunakan smp sekarang biaya perawatan rumah sakit tsb dianggap belum selesai karena infonya menunggu verifikasi sdh pernah bertanya rumah sakit tapi jawabannya sama verifikasi berapa lama,Negatif,5
Thu Jan 22 06:08:35 +0000 2026,sama sekali tidak terbantu hanya disampaikan menunggu tidak tahu berapa lama masalahnya ktp ditahan rs hanya utk proses pembayaran yg mana ibu sy sdh meninggal trus ditanya brp lama tergantung bpjs nah bpjs satu di rs cm bilang ditunggu,pipitcuit82,2026-01-22 06:08:35+00:00,2026-01,sama sekali tidak terbantu hanya disampaikan menunggu tidak tahu berapa lama masalahnya ktp ditahan rumah sakit hanya untuk proses pembayaran mana ibu sy sdh meninggal trus ditanya berapa lama tergantung nah satu rumah sakit cuma bilang ditunggu,Negatif,5
Sun Mar 22 14:34:53 +0000 2026,aduh bener bgt diakhir2 bokap stroke udah gabisa ngomong apalagi ngunyah selain sonde bisa suapin puyo waktu itu cuma bisa beli 1 sehari di mall deket rs gak lama beliau meninggal sekarang makan puyo selalu kebayang memori ituhh,h___anca,2026-03-22 14:34:53+00:00,2026-03,aduh bener banget diakhir bokap stroke sudah gabisa ngomong apalagi ngunyah selain sonde bisa suapin puyo waktu cuma bisa beli sehari mall deket rumah sakit tidak lama beliau meninggal sekarang makan puyo selalu kebayang memori ituhh,Negatif,7
Sun Mar 22 16:26:12 +0000 2026,setelah kerja lama di rs betapa berharganya nyawa satu orang buat keluarganya tapi seringnya tidak terlalu berharga buat orang lain,krkkirana,2026-03-22 16:26:12+00:00,2026-03,setelah kerja lama rumah sakit betapa berharganya nyawa satu orang buat keluarganya tapi seringnya tidak terlalu berharga buat orang lain,Negatif,2
Mon Mar 23 13:34:43 +0000 2026,aku dirawat 2 mingguan kakk karena naik turun trss akhirnya dikasih saran sm ortu pasien lain yg anaknya udh pulang katanya suruh minum obat itu setelah 3 harian minum obat itu baru deh bisa pulang dlu takut lama di rs soalnya kepikiran seminggu lg mau un,phyylisssn,2026-03-23 13:34:43+00:00,2026-03,aku dirawat mingguan kakk karena naik turun trss akhirnya dikasih saran sama ortu pasien lain anaknya sudah pulang katanya suruh minum obat setelah harian minum obat baru bisa pulang dulu takut lama rumah sakit soalnya kepikiran seminggu lagi mau un,Negatif,5
Tue Mar 24 14:42:44 +0000 2026,wahhh nie kapan hari aku cabut gigi bungsu prosesnya lama syekaliiii dari minta rujukan ke faskes 1 terus ke rs dirujuk foto gigi ke klinik lain habis foto gigi hasilnya dikumpulin terus nunggu jadwal cabut giginya 2 bulan terus habis di cabut sembuhnya 4 hari,treetobloom,2026-03-24 14:42:44+00:00,2026-03,wah nie kapan hari aku cabut gigi bungsu prosesnya lama syekali minta rujukan faskes terus rumah sakit dirujuk foto gigi klinik lain habis foto gigi hasilnya dikumpulin terus nunggu jadwal cabut giginya bulan terus habis cabut sembuhnya hari,Negatif,6
Sun Nov 02 01:25:01 +0000 2025,bukan itu kak yg aku maksud tp sekarang ada 144 penyakit yg gabisa ditangani langsung di igd rs contoh gampang nya demam demam gabisa ditanggung bpjs di igd rs kalo masih lt 40 trs hasil lab ada penurunan signifikan meskipun dibawah normal kalo ga turun bgt gabisa pake bpjs,pakeksR,2025-11-02 01:25:01+00:00,2025-11,bukan aku maksud tapi sekarang ada penyakit gabisa ditangani langsung igd rumah sakit contoh gampang demam demam gabisa ditanggung igd rumah sakit kalau masih lt terus hasil lab ada penurunan signifikan meskipun dibawah normal kalau tidak turun banget gabisa pakai,Negatif,5
Thu Feb 26 03:46:01 +0000 2026,kalo sesek nafas posisi lg di rantauan ke igd di cover bpjs ga,fairyrenj,2026-02-26 03:46:01+00:00,2026-02,kalau sesek nafas posisi lagi rantauan igd cover tidak,Negatif,2
Sun Mar 22 00:11:38 +0000 2026,aku pernah kak digituin sampe sakit hati gak sampe bahas ortu sih karena aku udh capek bahas aku milih diem aja tapi masih sakit hati gak lama dari itu anaknya punya masalah di rumah tangganya dari situ gk pernah tanya2 lagi kalo kita ikhlas allah yg akan kasih faham,sobadkentang,2026-03-22 00:11:38+00:00,2026-03,aku pernah digituin sampe sakit hati tidak sampe bahas ortu karena aku sudah capek bahas aku milih diem saja tapi masih sakit hati tidak lama anaknya punya masalah rumah tangganya situ tidak pernah tanya lagi kalau kita ikhlas allah akan kasih faham,Negatif,4
Mon Dec 15 22:10:29 +0000 2025,sama seperti jokowi sudah dibatalkan kenaikan iuran bpjs kes malah buat petaturan sendiri untuk kenaikan iuran bpjs kes perpres kenaikan iuran bpjs dinilai langgar putusan ma,edwinwong47,2025-12-15 22:10:29+00:00,2025-12,sama seperti jokowi sudah dibatalkan kenaikan iuran kes malah buat petaturan sendiri untuk kenaikan iuran kes perpres kenaikan iuran dinilai langgar putusan ma,Negatif,1
Sat Nov 01 07:54:57 +0000 2025,yg bikin kesel tu semua warga wajib bikin bpjs buat syarat ini itu tapi warganya ga dikasi edukasi sm bpjs ttg penyakit2 apa yg bisa diklaim bpjs jadinya war antara nakes vs pasien sering terjadi ya allah capek bgt kalo ketemu pasien yg udb diedukasi baik2 tp ttp bebal,luvmiaow,2025-11-01 07:54:57+00:00,2025-11,membuat kesel tu semua warga wajib membuat buat syarat tapi warganya tidak dikasi edukasi sama ttg penyakit apa bisa diklaim jadinya war antara nakes vs pasien sering terjadi allah capek banget kalau ketemu pasien udb diedukasi baik tapi ttp bebal,Negatif,4
Sun Oct 26 14:58:58 +0000 2025,iya pake bpjs beneran bikin capek selain bergelut dg antrinya tindakan dokter juga ga ngapa2in kek tangan 2 sakit tp dia cek detak jantung w tuh ngapain mau pake umum di rs lain tapi w belum sekaya itu,bebeqmadura,2025-10-26 14:58:58+00:00,2025-10,iya pakai beneran membuat capek selain bergelut dg antrinya tindakan dokter juga tidak ngapain seperti tangan sakit tapi dia cek detak jantung w ngapain mau pakai umum rumah sakit lain tapi w belum sekaya,Negatif,5
Sun Mar 22 12:38:59 +0000 2026,bes kalian ada yg pernah op gigi bungsu pake bpjs ga sih pls spill dong ceritanya gmana ak dlu pas 2022 pernah dpt rujukan pke bpjs dan gilak antriannya 3 bulan pas jadwal periksa bentrok sm jadwal sidang skripsi jd ke skip smpe skrg nah skrg sepertinya gibung ku tumbuh dan miring lg deh jd kynya mau op aja tp lg cari info dlu klo bpjs gmana,moonlightmoney_,2026-03-22 12:38:59+00:00,2026-03,bes kalian ada pernah op gigi bungsu pakai tidak pls spill ceritanya gmana ak dulu pas pernah dapat rujukan pke gilak antriannya bulan pas jadwal periksa bentrok sama jadwal sidang skripsi jadi skip smpe sekarang nah sekarang sepertinya gibung ku tumbuh miring lagi jadi kynya mau op saja tapi lagi cari info dulu kalau gmana,Negatif,1
Tue Mar 24 11:36:56 +0000 2026,tp bnrn deh karma is real aku ngeliat kek gini lakinya di usia senja qodarullah kena penyakit kakinya dua2ya kek luka busuk gtu n tau apa g ada yg mau urusin bhkn di sumpahi mati sm anak sndri sedih bgt tp ngerti sih knp anak2nya gt soalnya bpkx emang suka main cewek,Dimplejoona,2026-03-24 11:36:56+00:00,2026-03,tapi bnrn karma is real aku ngeliat seperti gini lakinya usia senja qodarullah kena penyakit kakinya duaya seperti luka busuk gtu n tahu apa g ada mau urusin bhkn sumpahi mati sama anak sndri sedih banget tapi ngerti kenapa anaknya begitu soalnya bpkx emang suka main cewek,Negatif,6
Wed Mar 25 05:33:17 +0000 2026,ya kalo ga segera ada pembaharuan sistem buat stok obat ya akan begini terus masalah hutang obat ke pasien bpjs jg menurutku harus segera diselesaikan banyak jg kok pasien yg berusaha nyari obat yg sama walaupun di rs kondisinya kosong ya karena pasien butuh obat itu dan harus obat itu walaupun pihak rs atau faskes tidak menyarankan untuk beli obat di luar karena stok di rs kosong ya kalo ketahuan bpjs bakalan dikasih peringatan lah rs faskes tersebut kalo ketahuan menyarankan pasien beli obat diluar jadi terpaksa pihak rs faskes hutang dulu obatnya ke pasien,valiisaa,2026-03-25 05:33:17+00:00,2026-03,kalau tidak segera ada pembaharuan sistem buat stok obat akan begini terus masalah hutang obat pasien juga menurutku harus segera diselesaikan banyak juga pasien berusaha nyari obat sama walaupun rumah sakit kondisinya kosong karena pasien butuh obat harus obat walaupun pihak rumah sakit atau faskes tidak menyarankan untuk beli obat luar karena stok rumah sakit kosong kalau ketahuan bakalan dikasih peringatan lah rumah sakit faskes tersebut kalau ketahuan menyarankan pasien beli obat diluar jadi terpaksa pihak rumah sakit faskes hutang dulu obatnya pasien,Negatif,5
Sat Dec 06 11:10:08 +0000 2025,work minta sarannya dong sender mau magang tapi masih ada jadwal rutin ke psikolog puskesmas bpjs di hari kerja ternyata sesinya diperpanjang dan belum tau sampai kapan enaknya gimana ya sender takut banget dinilai buruk kalau sering izin,worksfess,2025-12-06 11:10:08+00:00,2025-12,work minta sarannya sender mau magang tapi masih ada jadwal rutin psikolog puskesmas hari kerja ternyata sesinya diperpanjang belum tahu sampai kapan enaknya gimana sender takut banget dinilai buruk kalau sering izin,Negatif,1
Tue Oct 07 04:51:52 +0000 2025,gw sendiri anti rokok bgt tp denger omongan ahli ekonomi gw jd ngerti sebenernya pajak dinaikin supaya org berenti ngerokok terus pengeluaran bpjs negara berkurang tp nyatanya cukai dinaikin org pindah ke rokok ga bermerek jd nya zonk 2 kali ga dpt pajak tp bpjs tetep tinggi,star_alien04,2025-10-07 04:51:52+00:00,2025-10,saya sendiri anti rokok banget tapi denger omongan ahli ekonomi saya jadi ngerti sebenernya pajak dinaikin supaya orang berenti ngerokok terus pengeluaran negara berkurang tapi nyatanya cukai dinaikin orang pindah rokok tidak bermerek jadi zonk kali tidak dapat pajak tapi tetep tinggi,Negatif,3
Wed Mar 25 08:57:21 +0000 2026,nilai rapor saya dijelek jelekin saya diam dihina hina karena gak eligible snbp saya diam direndahkan karena nilai to jelek saya juga diam dibilang target ptn amp prodi saya ketinggian saya diam tapi di utbk nanti saya akan lawan,zeniuseducation,2026-03-25 08:57:21+00:00,2026-03,nilai rapor saya dijelek jelekin saya diam dihina hina karena tidak eligible snbp saya diam direndahkan karena nilai to jelek saya juga diam dibilang target ptn  prodi saya ketinggian saya diam tapi utbk nanti saya akan lawan,Negatif,3
Wed Mar 25 09:00:25 +0000 2026,jahat bgt gmna nggak mati bonbinnya ditutup bggak ada pemasukan nggak diurus jg karna sengketa,l3lueskiess,2026-03-25 09:00:25+00:00,2026-03,jahat banget gmna tidak mati bonbinnya ditutup bggak ada pemasukan tidak diurus juga karna sengketa,Negatif,2
Wed Mar 25 08:58:23 +0000 2026,tiap jalan ada hajatt njirr pada ketutup mau lewat bjir,KocuUtopia,2026-03-25 08:58:23+00:00,2026-03,tiap jalan ada hajatt njirr pada ketutup mau lewat bjir,Negatif,5
Mon Feb 02 19:26:16 +0000 2026,sumbar ga minta mbg kita mintanya benerin bantuan bencana dari pusat wowo anjing masa bpjs orang tua pada dinonaktifin buat dana bantuan katanya nalar lu ga jalan apa mikirrr,N01cryinganthem,2026-02-02 19:26:16+00:00,2026-02,sumbar tidak minta kita mintanya benerin bantuan bencana pusat wowo anjing masa orang tua pada dinonaktifin buat dana bantuan katanya nalar kamu tidak jalan apa mikir,Negatif,5
Wed Mar 25 09:00:16 +0000 2026,kalau bicara dengan kepala dingin harusnya megang resiko juga buat para pesakit bpd yg nonton agz juga penyakit bpd ini bukan mainan penulis harus ambil resiko yg besar sinetron bukan hanya sekadar hiburan doang yg tiba2 bisa hilang ingatan kerna masalah bpd gak adil dong,zatie_nn,2026-03-25 09:00:16+00:00,2026-03,kalau bicara dengan kepala dingin harusnya megang resiko juga buat para pesakit bpd nonton agz juga penyakit bpd bukan mainan penulis harus ambil resiko besar sinetron bukan hanya sekadar hiburan doang tiba bisa hilang ingatan kerna masalah bpd tidak adil,Negatif,2
Sat Feb 21 14:54:42 +0000 2026,menteri koperasi kenapa lagi sihhh emang kagak paham ya kalau indomaret sama alfamart itu daftar kerjanya enggak pilih2 udah umr bpjs lemburan lebaran gilaaa lu gilaaa kagak semuak ini sama pemerintah bersaingnya sehat aja kenapaa kagak usah stoppp kedua retail itu,simendezz,2026-02-21 14:54:42+00:00,2026-02,menteri koperasi kenapa lagi emang kagak paham kalau indomaret sama alfamart daftar kerjanya enggak pilih sudah umr lemburan lebaran gila kamu gila kagak semuak sama pemerintah bersaingnya sehat saja kenapaa kagak usah stop kedua retail,Negatif,2
Mon Mar 16 02:44:52 +0000 2026,cara pake bpjs tuh gimana sih saking ribetnya dan adanya ketakutan kena diskriminasi saking udah terlalu banyak denger kasus seperti ini jadinya w selalu mandiri but cara pake bpjs tuh gimana,abcdellac,2026-03-16 02:44:52+00:00,2026-03,cara pakai gimana saking ribetnya adanya ketakutan kena diskriminasi saking sudah terlalu banyak denger kasus seperti jadinya w selalu mandiri but cara pakai gimana,Negatif,7
Sun Mar 22 14:00:25 +0000 2026,izin bertanya kalo faskes 1 bpjs kita ga menyediakan poli jiwa itu terus gimana yah pgn ke psikolog tp faskes 1 gada poli jiwa,kaditaugm,2026-03-22 14:00:25+00:00,2026-03,izin bertanya kalau faskes kita tidak menyediakan poli jiwa terus gimana yah pgn psikolog tapi faskes gada poli jiwa,Negatif,6
Wed Feb 25 16:27:28 +0000 2026,emang semua yg pake bpjs ngerokok yg ga ngerokok gimana pak jangan asbun deh emangnya bapak gen alpha punten,ninotulen,2026-02-25 16:27:28+00:00,2026-02,emang semua pakai ngerokok tidak ngerokok gimana pak jangan asbun emangnya bapak gen alpha punten,Negatif,5
Wed Mar 25 09:38:55 +0000 2026,knp bocilku jadi begini dah,swytulipa,2026-03-25 09:38:55+00:00,2026-03,kenapa bocilku jadi begini sudah,Negatif,6
Wed Mar 25 09:14:19 +0000 2026,eh sumpah pas cpr part 6 benerean hampir blok u juga soalnya kek busettttt kesel bangettttt akhirnya cuma blok 1 hari doang,jiahaogeshuai,2026-03-25 09:14:19+00:00,2026-03,eh sumpah pas cpr part benerean hampir blok u juga soalnya seperti buset kesel banget akhirnya cuma blok hari doang,Negatif,6
Tue Jan 13 09:39:32 +0000 2026,rawdogging antri bpjs no earphone no phone no book no nothing,N4N60R14N,2026-01-13 09:39:32+00:00,2026-01,rawdogging antri no earphone no phone no book no nothing,Negatif,1
Thu Nov 13 18:07:42 +0000 2025,dulu semua warga wajib pny bpjs sampe ditakutin susah urus dokumen di pemr tp yg ngeselin klo pny askes swasta antri dokter bareng pasien bpjs jg yg bikin lbh lama mgkn ini sebab org mampu pake bpjs aja,kanitanafiza,2025-11-13 18:07:42+00:00,2025-11,dulu semua warga wajib pny sampe ditakutin susah urus dokumen pemr tapi ngeselin kalau pny askes swasta antri dokter bareng pasien juga membuat lbh lama mgkn sebab orang mampu pakai saja,Negatif,5
Thu Feb 05 17:25:55 +0000 2026,peserta aktif aja biasanya klaim rs ke bpjs ditolak lah ini yang udah nonaktif nyawit ni orang,LFCholis,2026-02-05 17:25:55+00:00,2026-02,peserta aktif saja biasanya klaim rumah sakit ditolak lah sudah nonaktif nyawit ni orang,Negatif,5
Tue Mar 24 09:49:04 +0000 2026,wkwkwk aneh bgt emng ini berlaku juga buat pasien prb kalo bpjsnya libur pasiennya juga ga di acc acc nunggu masuk ini di daerahku kurang tau di daerah lain gmn,betageminorum_,2026-03-24 09:49:04+00:00,2026-03,tertawa aneh banget emng berlaku juga buat pasien prb kalau bpjsnya libur pasiennya juga tidak acc acc nunggu masuk daerahku kurang tahu daerah lain bagaimana,Negatif,4
Wed Mar 25 09:33:45 +0000 2026,to make a long story short intinya i was pass out dibawa ke rs mereka bilang ak tantrum gajelas sebelum pass out completely waktu itu kebetulan lagi ada kasus juga di kampus dikhawatirkan korban juga jadi diinvestigasi they found nothing but since they search my phone instead,Ryubaexb,2026-03-25 09:33:45+00:00,2026-03,to make a long story short intinya i was pass out dibawa rumah sakit mereka bilang ak tantrum gajelas sebelum pass out completely waktu kebetulan lagi ada kasus juga kampus dikhawatirkan korban juga jadi diinvestigasi they found nothing but since they search my phone instead,Negatif,1
Sun Mar 22 15:20:35 +0000 2026,pernah gitu scaling diklinik yg ada logo bpjs sampe ruangan kaget liat dokternya mirip michelle yeoh kebayang kan dompet pasti gemeteran ternyata sama cek2 yang lain cuma kena 150rb,BukanAntarkota,2026-03-22 15:20:35+00:00,2026-03,pernah begitu scaling diklinik ada logo sampe ruangan kaget liat dokternya mirip michelle yeoh kebayang dompet pasti gemeteran ternyata sama cek lain cuma kena ribu,Negatif,1
Sun Mar 22 16:24:38 +0000 2026,kalian gaada yg sadar ya di exc ryan tuh sih papip pake baju yg dari camping date tapi scane di kantin rumah sakit bareng bimo jono sama ryan cokk,chocomatchazx,2026-03-22 16:24:38+00:00,2026-03,kalian gaada sadar exc ryan papip pakai baju camping date tapi scane kantin rumah sakit bareng bimo jono sama ryan cokk,Negatif,4
Tue Mar 24 13:40:11 +0000 2026,bukan urusan lo ya adit si adila kenapa di rumah sakit eneg banget jujur doa warga vs malaikat izrail,tandatanyaa12,2026-03-24 13:40:11+00:00,2026-03,bukan urusan kamu adit si adila kenapa rumah sakit eneg banget jujur doa warga vs malaikat izrail,Negatif,4
Wed Mar 25 05:27:08 +0000 2026,solusinya jangan berhutang kpr selain riba karena persis di gambar kita gatau apa yang akan terjadi ke depan kalau mau punya rumah harga 1m penuhi dulu dana darurat setahun lengkapi asuransi jiwa sakit kritis kesehatan bayar langsung setahun kalo sisa 1m silakan cash keras,Dea_KR,2026-03-25 05:27:08+00:00,2026-03,solusinya jangan berhutang kpr selain riba karena persis gambar kita gatau apa akan terjadi depan kalau mau punya rumah harga m penuhi dulu dana darurat setahun lengkapi asuransi jiwa sakit kritis bayar langsung setahun kalau sisa m silakan cash keras,Negatif,5
Wed Mar 25 08:07:25 +0000 2026,emang ga cocok deh aku di rumah aja dan seharian di kasur bikin sakit banget badanku,m3irrorball,2026-03-25 08:07:25+00:00,2026-03,emang tidak cocok aku rumah saja seharian kasur membuat sakit banget badanku,Negatif,6
Fri Mar 20 09:25:19 +0000 2026,anyelir jhianayu bingah 2004 belum kerja tapi praktikum seru sih kecuali soal laporannya kata orang arsiparis kerjanya sepi ya mbak,NIRWASlTA,2026-03-20 09:25:19+00:00,2026-03,anyelir jhianayu bingah belum kerja tapi praktikum seru kecuali soal laporannya kata orang arsiparis kerjanya sepi mbak,Negatif,6
Thu Mar 12 14:38:41 +0000 2026,kanker mau kemo ga pake bpjs karena males antri 400jt lah per periode,ass2tea,2026-03-12 14:38:41+00:00,2026-03,kanker mau kemo tidak pakai karena males antri juta lah per periode,Negatif,4
Sun Mar 22 04:09:48 +0000 2026,jir ini mah kantor gw 1 kerja senen sabtu 2 device pribadi 3 bpjs banyak yg ga didaftarin amp nunggak,nthnglife,2026-03-22 04:09:48+00:00,2026-03,jir mah kantor saya kerja senen sabtu device pribadi banyak tidak didaftarin  nunggak,Negatif,1
Sat Nov 22 04:33:27 +0000 2025,makin lama biaya medis makin mahal dampak yang paling berasa ke siapa ya pastinya yang ga punya asuransi tapi masih ada bpjs betul tapi dejavu ga sih bakalan ada isu lagi yang blg bpjs nunggak dll,AgenAsuransimu,2025-11-22 04:33:27+00:00,2025-11,makin lama biaya medis makin mahal dampak paling berasa siapa pastinya tidak punya asuransi tapi masih ada betul tapi dejavu tidak bakalan ada isu lagi blg nunggak dll,Negatif,5
Wed Mar 25 09:24:38 +0000 2026,padahal emang fakta di lapangan senin jumat pdhal di kabupaten sekolah masuk 6 hari minggu dihitung hari masuk di dapur sppg krn prepare utk senin kalo lebih di efisienkan lagi mbg spesial hanya utk stunting dan daerah 3t pasti lebih hemat lagi bisa 300 trilyun hematnya,bassbuzz_,2026-03-25 09:24:38+00:00,2026-03,padahal emang fakta lapangan senin jumat pdhal kabupaten sekolah masuk hari minggu dihitung hari masuk dapur sppg karena prepare untuk senin kalau lebih efisienkan lagi spesial hanya untuk stunting daerah t pasti lebih hemat lagi bisa trilyun hematnya,Negatif,4
Sun Feb 08 17:17:12 +0000 2026,ekstrem bpjs ga ada org miskin mati mbg beracun mau ke rumah sakit bpjs nonaktif keburu mati yaudah sih mati semua ini ga perlu perang ya allah lindungi kami berikan kekayaan wal afiyah serta keberkahaan dan bukakanlah pintu hidayah untuk kami serta pemimpin kami,AsaElnara,2026-02-08 17:17:12+00:00,2026-02,ekstrem tidak ada orang miskin mati beracun mau rumah sakit nonaktif keburu mati yaudah mati semua tidak perlu perang allah lindungi kami berikan kekayaan wal afiyah serta keberkahaan bukakanlah pintu hidayah untuk kami serta pemimpin kami,Negatif,4
Mon Mar 16 03:43:50 +0000 2026,mending ada bpjs untung ae ga mati tp tetep ending nya kudu ganti kecelakaan kerja dan msih jam kerja tpyasudahlah,ristianchand,2026-03-16 03:43:50+00:00,2026-03,mending ada untung ae tidak mati tapi tetep ending kudu ganti kecelakaan kerja msih jam kerja tpyasudahlah,Negatif,5
Mon Mar 23 01:04:25 +0000 2026,salah satu warisan jokowi yang memberatkan apbn rakyat justru tetap dibebani membayar iuran bpjs,edyibnikawhe,2026-03-23 01:04:25+00:00,2026-03,salah satu warisan jokowi memberatkan apbn rakyat justru tetap dibebani membayar iuran,Negatif,1
Thu Mar 19 14:08:19 +0000 2026,kayaknya kalo intern sepengalaman aku gak didaftarin untuk semua programnya kak bpjs tk punya 5 program buat intern yang didaftarin untuk program jaminan kecelakaan kerja sama jaminan kematian sedangkan yang dicairkan itu adalah program jaminan hari tua cmiiw,behapppie,2026-03-19 14:08:19+00:00,2026-03,kayaknya kalau intern sepengalaman aku tidak didaftarin untuk semua programnya tk punya program buat intern didaftarin untuk program jaminan kecelakaan kerja sama jaminan kematian sedangkan dicairkan adalah program jaminan hari tua cmiiw,Negatif,2
Sat Feb 07 03:25:53 +0000 2026,kesel banget udh berangkat pagi buat kontrol malah gabisa gara bpjs mati perasaan awal tahun udah aku urus parahh emang,OKhrap,2026-02-07 03:25:53+00:00,2026-02,kesel banget sudah berangkat pagi buat kontrol malah gabisa gara mati perasaan awal tahun sudah aku urus parahh emang,Negatif,5
Sun Mar 22 02:00:51 +0000 2026,hahaha aku kenyang sama mereka ketauan dieksploitasi org lain yg dianggep saudara padahal sodara2 ini bisa ke bpjs atau nurunin gaya hidup tp malah nyusahin mamahku,la_lalijah,2026-03-22 02:00:51+00:00,2026-03,hahaha aku kenyang sama mereka ketauan dieksploitasi orang lain dianggep saudara padahal sodara bisa atau nurunin gaya hidup tapi malah nyusahin mamahku,Negatif,2
Sun Nov 02 03:02:09 +0000 2025,aku tiap bpjs bikin gebrakan yang nyusahin pasien,aryemahsat,2025-11-02 03:02:09+00:00,2025-11,aku tiap membuat gebrakan nyusahin pasien,Negatif,5
Sat Nov 22 04:48:26 +0000 2025,bener gue aja di igd aja pasien blm keperiksa tuh numpuk tapi gue beres meriksa 1 gbs lgsg ke yg berikutnya krn ketahan hrs edukasi dan ribut sm pasien itu soal kriteria bpjs mana rawat mana yg nggak beresnya gue ribut lg sm pasien lain yg marah2 krn gue lama ga meriksa2 mereka,sungjinnny,2025-11-22 04:48:26+00:00,2025-11,bener saya saja igd saja pasien belum keperiksa numpuk tapi saya beres meriksa gbs lgsg berikutnya karena ketahan harus edukasi ribut sama pasien soal kriteria mana rawat mana tidak beresnya saya ribut lagi sama pasien lain marah karena saya lama tidak meriksa mereka,Negatif,7
Fri Nov 21 16:32:47 +0000 2025,bpjs lebih milih bikin ribet pasien dg mobile jkn bikin ribet rs dg mewajibkan edukasi pasien surih install mobile jkn daripada bikin kantor cabang di tiap distrik kecamatan,jwscldh,2025-11-21 16:32:47+00:00,2025-11,lebih milih membuat ribet pasien dg mobile jkn membuat ribet rumah sakit dg mewajibkan edukasi pasien surih install mobile jkn daripada membuat kantor cabang tiap distrik kecamatan,Negatif,2
Thu Mar 19 05:56:10 +0000 2026,hbis bikin bubur lngsung ludes anjrit ak blm makan,hrvndra,2026-03-19 05:56:10+00:00,2026-03,hbis membuat bubur lngsung ludes anjrit ak belum makan,Negatif,6
Wed Mar 25 09:11:56 +0000 2026,capek bgt when yah jd ibu rumah tangga aja,talangheo,2026-03-25 09:11:56+00:00,2026-03,capek banget when yah jadi ibu rumah tangga saja,Negatif,6
Sat Nov 01 06:57:44 +0000 2025,mulai muncul ketakutan kehilangan orang terdekat bukan karena sakitnya yang terlalu parah tapi karena dapet nakes yang stop giving pasien bpjs of my 100 effort,abeuja,2025-11-01 06:57:44+00:00,2025-11,mulai muncul ketakutan kehilangan orang terdekat bukan karena sakitnya terlalu parah tapi karena dapet nakes stop giving pasien of my effort,Negatif,5
Fri Mar 20 22:29:21 +0000 2026,ya allah bukannya apa ya tp toa mesjid rumah gw tuh gedenya gede banget yg bikin kesel tuh yg takbiran bocah2 takbirannya triak2 anjir annoying bgt jadinya,owhgty,2026-03-20 22:29:21+00:00,2026-03,allah bukannya apa tapi toa mesjid rumah saya gedenya gede banget membuat kesel takbiran bocah takbirannya triak anjir annoying banget jadinya,Negatif,7
Thu Feb 19 12:00:00 +0000 2026,regenerasi di rezim prabowo purnawirawan tni udah kantongin pensiun tiap bulan masih dikasih kursi empuk dirut bpjs anak muda potensial dan akademisi di luar sana banyak kenapa selalu dari partai atau militer yang kompetensinya terkadang tak jelas apakah pemerintah ini didirikan hanya untuk kepentingan partai bukan negara bukan rakyat gimana menurut kalian,halsomnia,2026-02-19 12:00:00+00:00,2026-02,regenerasi rezim prabowo purnawirawan tni sudah kantongin pensiun tiap bulan masih dikasih kursi empuk dirut anak muda potensial akademisi luar sana banyak kenapa selalu partai atau militer kompetensinya terkadang tak jelas apakah pemerintah didirikan hanya untuk kepentingan partai bukan negara bukan rakyat gimana menurut kalian,Negatif,7
Sat Mar 21 10:28:02 +0000 2026,pengen dapet kerja terus ngerantau lagi sender ngerasa gak cocok banget tinggal bareng adek awalnya sih baik baik aja lama kelamaan kok emosi terus yaa,tanyakanrl,2026-03-21 10:28:02+00:00,2026-03,pengen dapet kerja terus ngerantau lagi sender ngerasa tidak cocok banget tinggal bareng adek awalnya baik baik saja lama kelamaan emosi terus yaa,Negatif,5
Mon Mar 23 13:30:24 +0000 2026,lama banget sih,Jess1jee_,2026-03-23 13:30:24+00:00,2026-03,lama banget,Negatif,6
Fri Mar 20 06:32:33 +0000 2026,ini tuh yang lemot twitternya apa internet gue sih gonta ganti wifi dan mobile sama aja lama banget loadingnya,rk_eja,2026-03-20 06:32:33+00:00,2026-03,lemot twitternya apa internet saya gonta ganti wifi mobile sama saja lama banget loadingnya,Negatif,5
Sun Mar 22 19:08:50 +0000 2026,show off circle sih ngaruh banget krn lama kelamaan kalo ga punya prinsip yg tinggi pasti akan kebawa nah di lingkaran setan kalo kamu mau bertahan ya antara ngikut jadi setan ga ada ujian atau stay suci ujiannya lama,Shon_wan21,2026-03-22 19:08:50+00:00,2026-03,show off circle ngaruh banget karena lama kelamaan kalau tidak punya prinsip tinggi pasti akan kebawa nah lingkaran setan kalau kamu mau bertahan antara ngikut jadi setan tidak ada ujian atau stay suci ujiannya lama,Negatif,5
Sat Mar 21 16:22:03 +0000 2026,i feel it pantesan mereka mudur dalam kepanitiaan kali ini karena sebelumnya bukan kayak panitia coi makin lama makin aneh udah h sekian waktu fix ke depannya kata sorry gak bisa join harus banget sih biar gak disepelein,FML1794,2026-03-21 16:22:03+00:00,2026-03,i feel it pantesan mereka mudur dalam kepanitiaan kali karena sebelumnya bukan kayak panitia coi makin lama makin aneh sudah h sekian waktu fix depannya kata sorry tidak bisa join harus banget biar tidak disepelein,Negatif,5
Mon Mar 23 04:35:48 +0000 2026,udah pernah tapi udah lama banget sih 2019an,guuardian,2026-03-23 04:35:48+00:00,2026-03,sudah pernah tapi sudah lama banget an,Negatif,7
Mon Mar 23 16:17:58 +0000 2026,kenapa masih lama banget sih ldr nya,imnotkeina,2026-03-23 16:17:58+00:00,2026-03,kenapa masih lama banget ldr,Negatif,5
Tue Mar 24 21:44:02 +0000 2026,kenapa ribet banget sih,painsting,2026-03-24 21:44:02+00:00,2026-03,kenapa ribet banget,Negatif,6
Sat Mar 21 07:15:23 +0000 2026,ribet banget anjg masing aja kenapa sih lu yg pengen sedih amp melow pas lebaran yaudah lu aja sana kita yg seharusnya bisa menyesuaikan diri dimanapun bkn orang lain yg harus menyesuaikan kita sadar hei dunia gk berputar di kita doang,urrhoneybby,2026-03-21 07:15:23+00:00,2026-03,ribet banget anjg masing saja kenapa kamu pengen sedih  melow pas lebaran yaudah kamu saja sana kita seharusnya bisa menyesuaikan diri dimanapun bkn orang lain harus menyesuaikan kita sadar hei dunia tidak berputar kita doang,Negatif,5
Wed Mar 25 09:22:57 +0000 2026,perasaan pesen level sedang doang kok pedes bgt ini seblak,wonieznoona,2026-03-25 09:22:57+00:00,2026-03,perasaan pesen level sedang doang pedes banget seblak,Negatif,3
Fri Mar 20 12:35:15 +0000 2026,satu lagi plis banget di surat perjanjian nikah adakan tertulis jelas kalo ada hutang yang menyangkut pribadi pasangan ga nikmatin apapun itu jadi tanggung jawab yang berhutang dih amit2 dah punya cewek penghutang kita yang bayar cuih,randompeop63415,2026-03-20 12:35:15+00:00,2026-03,satu lagi plis banget surat perjanjian nikah adakan tertulis jelas kalau ada hutang menyangkut pribadi pasangan tidak nikmatin apapun jadi tanggung jawab berhutang dih amit sudah punya cewek penghutang kita bayar cuih,Negatif,1
Sun Mar 22 15:35:33 +0000 2026,sebelumnya akun ini aku private gimana aku bisa tau ya karena aku cari tau dan ternyata bener nih orang ga jelas bahkan sampe dm dan aku hafal bgt mukanya tolol bgt kirim muka jelas di dm aku inget banget dia kirim foto mirror dulu kalo lo baca semoga lo sadar ye anjing,whisperofs0ul,2026-03-22 15:35:33+00:00,2026-03,sebelumnya akun aku private gimana aku bisa tahu karena aku cari tahu ternyata bener nih orang tidak jelas bahkan sampe dm aku hafal banget mukanya tolol banget kirim muka jelas dm aku inget banget dia kirim foto mirror dulu kalau kamu baca semoga kamu sadar ye anjing,Negatif,7
Tue Mar 24 16:47:32 +0000 2026,minimal kalo gamau bantuin ya jangan nambah beban lah hari ini outlet rame dan lu gaada bantu sedikitpun terus sekarang masih nyalahin kita padahal jelas banget itu lu yang salah di awal tapi tetep ngotot itu bukan salah lu dengan pembelaan ga masuk akal burn in hell bitch,kangbacot2712,2026-03-24 16:47:32+00:00,2026-03,minimal kalau gamau bantuin jangan nambah beban lah hari outlet rame kamu gaada bantu sedikitpun terus sekarang masih nyalahin kita padahal jelas banget kamu salah awal tapi tetep ngotot bukan salah kamu dengan pembelaan tidak masuk akal burn in hell bitch,Negatif,5
Mon Mar 23 10:33:41 +0000 2026,serius nanya tp ini tuh artikel darimana sih trus orang macem apa yg baca komen dan like artikel beginian kok pada tolol banget kayak orang kagak pernah mengenyam bangku pendidikan jelas ga bakal ada di ranking itu orang salah pilih kategori pada buta huruf keknya,telepathgiii,2026-03-23 10:33:41+00:00,2026-03,serius nanya tapi artikel darimana trus orang macem apa baca komen like artikel beginian pada tolol banget kayak orang kagak pernah mengenyam bangku pendidikan jelas tidak bakal ada ranking orang salah pilih kategori pada buta huruf keknya,Negatif,5
Sun Mar 22 23:38:42 +0000 2026,awal2 jelas langsung bebersih dan ganti pakaian dulu soalnya udah seharian banget di kereta dari pagi sampai sore habis itu kita rebahan dan ceritaa2 lagi tpi sejujurnya udah deg degan banget kaya ga percaya bisa rebahan sebelahan gitu,pinkllit,2026-03-22 23:38:42+00:00,2026-03,awal jelas langsung bebersih ganti pakaian dulu soalnya sudah seharian banget kereta pagi sampai sore habis kita rebahan ceritaa lagi tpi sejujurnya sudah deg degan banget kaya tidak percaya bisa rebahan sebelahan begitu,Negatif,4
Thu Mar 19 15:07:58 +0000 2026,ya lagian katanya ngelamar kerja di api biar sambil bilang ke trian tp giliran udah tau si papipnya malah kabur ga jelas banget pengen banget dikejar orang kayanya,nblhEl,2026-03-19 15:07:58+00:00,2026-03,lagian katanya ngelamar kerja api biar sambil bilang trian tapi giliran sudah tahu si papipnya malah kabur tidak jelas banget pengen banget dikejar orang kayanya,Negatif,5
Mon Mar 23 12:22:20 +0000 2026,barusan coba cek bi checking masa kuota hari ini telah terpenuhi ribet amat sekadar ngecek doang dikasih limit kuota perharinya ga jelas banget sistem indo,jejenutela,2026-03-23 12:22:20+00:00,2026-03,barusan coba cek bi checking masa kuota hari telah terpenuhi ribet amat sekadar ngecek doang dikasih limit kuota perharinya tidak jelas banget sistem indo,Negatif,5
Thu Jan 15 05:40:00 +0000 2026,anjing ga jelas banget kenapa bikin skck perlu aktifin bpjs dulu,spintheword,2026-01-15 05:40:00+00:00,2026-01,anjing tidak jelas banget kenapa membuat skck perlu aktifin dulu,Negatif,2
Tue Mar 24 10:25:08 +0000 2026,captionnya aja gaya elit ekonomi sulit ga jelas banget kronologinya,dexamethasooner,2026-03-24 10:25:08+00:00,2026-03,captionnya saja gaya elit ekonomi sulit tidak jelas banget kronologinya,Negatif,1
Mon Mar 23 15:20:30 +0000 2026,besok aku masih harus kerja lagi tp ganti shift siang jujur aku mau ijin sakit aja tp aku belum pindah bpjs ke kota ini baru ganti desember lalu di surabaya sama males juga kalo ga dpt tunjangan kehadiran tapi cape banget ya tuhan aku sampe gabisa ngeluh ke sapa sapa,reindweer,2026-03-23 15:20:30+00:00,2026-03,besok aku masih harus kerja lagi tapi ganti shift siang jujur aku mau ijin sakit saja tapi aku belum pindah kota baru ganti desember lalu surabaya sama males juga kalau tidak dapat tunjangan kehadiran tapi cape banget tuhan aku sampe gabisa ngeluh sapa sapa,Negatif,1
Tue Mar 24 11:49:28 +0000 2026,ga enak banget ih flu kek ga jelas banget badan,teuapalatuh,2026-03-24 11:49:28+00:00,2026-03,tidak enak banget ih flu seperti tidak jelas banget badan,Negatif,1
Fri Mar 20 20:05:19 +0000 2026,jelas di publish masa pacar semantep seenak selezat sesedap sekinclong selembut secimol ini ga dipublish sayang banget kalau cuma aku sama tuhan aja yang tau kalau mereka pacar aku,gyujellouwyz,2026-03-20 20:05:19+00:00,2026-03,jelas publish masa pacar semantep seenak selezat sesedap sekinclong selembut secimol tidak dipublish sayang banget kalau cuma aku sama tuhan saja tahu kalau mereka pacar aku,Negatif,7
Sun Mar 22 14:43:07 +0000 2026,mainnya aneh banget passing ga jelas,cocaotalk,2026-03-22 14:43:07+00:00,2026-03,mainnya aneh banget passing tidak jelas,Negatif,3
Wed Mar 25 05:14:22 +0000 2026,grab car hemat drivernya ngomong biasanya saya nggak mau ambil mba kalo grabcar hemat atau promoan ini tadi terlanjur ketrima karna saya pas sholat apaan banget si ga jelas,hy_netylla,2026-03-25 05:14:22+00:00,2026-03,grab car hemat drivernya ngomong biasanya saya tidak mau ambil mba kalau grabcar hemat atau promoan tadi terlanjur ketrima karna saya pas sholat apaan banget si tidak jelas,Negatif,2
Wed Mar 25 09:14:18 +0000 2026,anjing gara gara ada bocil di rs nyanyi tor monitor ketua langsung melekat di otakkkk jirrr,raaiisan,2026-03-25 09:14:18+00:00,2026-03,anjing gara gara ada bocil rumah sakit nyanyi tor monitor ketua langsung melekat otak jir,Negatif,5
Sun Jan 04 07:59:59 +0000 2026,sudah dibilang kalau mau urus itu pencairan bpjs ketenagakerjaan harus pakai calo makanya calo datang kerumah gw juga dan entah bener atau scammer ya takut aja nanti uang nya malah masuk ke rekening si calo tau sendiri sekarang banyak scammer,belgedezz,2026-01-04 07:59:59+00:00,2026-01,sudah dibilang kalau mau urus pencairan ketenagakerjaan harus pakai calo makanya calo datang kerumah saya juga entah bener atau scammer takut saja nanti uang malah masuk rekening si calo tahu sendiri sekarang banyak scammer,Negatif,5
Tue Feb 10 03:58:04 +0000 2026,lagi enak enak nya pakai bpjs malah muncul berita,SeptianBag7390,2026-02-10 03:58:04+00:00,2026-02,lagi enak enak pakai malah muncul berita,Negatif,3
Sun Mar 22 22:50:12 +0000 2026,ada harga ada kualitas nder aku pakai lip glazed dri makeover sama lip glasting wardah ampun deh itu awet banget kalau baru beli tapi lama lama kalau produknya udah mah habis kualitasnya menurun,cyraaany,2026-03-22 22:50:12+00:00,2026-03,ada harga ada kualitas nder aku pakai lip glazed dri makeover sama lip glasting wardah ampun awet banget kalau baru beli tapi lama lama kalau produknya sudah mah habis kualitasnya menurun,Negatif,4
Tue Mar 24 11:08:14 +0000 2026,pertama kali daftar berkali2 gagal pas rekam muka putus asa akhirnya samperin kantor bpjs dengan harapan bisa rekam langsung ternyata baru ambil nomor lgsg dikasih tau ga bisa tetep disuruh lewat hp gue ngotot ya ini ga bisa ngapain ke sini kl bisa mah disuruh cobain depan petugasnya gue ikutin jelas aja tetep gagal dibilang mungkin karena pake iphone terus disuruh pulang coba verifikasi pake android di tempat mereka ga ada perekaman ngotot lagi ini saya dateng mau selesaiin masalah kenapa jadi disuruh selesaiin sendiri baru dia keluarin hpnya buat verifikasiin bolot tuh aplikasi emang,lastpushh,2026-03-24 11:08:14+00:00,2026-03,pertama kali daftar berkali gagal pas rekam muka putus asa akhirnya samperin kantor dengan harapan bisa rekam langsung ternyata baru ambil nomor lgsg dikasih tahu tidak bisa tetep disuruh lewat hp saya ngotot tidak bisa ngapain sini kalau bisa mah disuruh cobain depan petugasnya saya ikutin jelas saja tetep gagal dibilang mungkin karena pakai iphone terus disuruh pulang coba verifikasi pakai android tempat mereka tidak ada perekaman ngotot lagi saya dateng mau selesaiin masalah kenapa jadi disuruh selesaiin sendiri baru dia keluarin hpnya buat verifikasiin bolot aplikasi emang,Negatif,5
Wed Mar 25 09:18:31 +0000 2026,pelem pertama udah 1000 kali anjeng ini yang kedua anjeng makin anjeng 10000000 kali pokoknya menggeledhaaarr dhar dhar meledhaaaarrrr bajingaaaaan anjeeeg pelem anjeng dhurandhaaaar,adithiarangga,2026-03-25 09:18:31+00:00,2026-03,pelem pertama sudah kali anjeng kedua anjeng makin anjeng kali pokoknya menggeledharr dhar dhar meledhar bajingan anjeg pelem anjeng dhurandhar,Negatif,4
Wed Mar 25 09:17:22 +0000 2026,perusahaan sini malah minta resep asli buat bukti lah kalo resepnya diambil apotik gak punya arsip lagi jadinya sekarang surat ket sakitnya mesti ada tulisan obat2nya juga kaya di resep nambahin kerjaan dokter aja,nasiperkamen,2026-03-25 09:17:22+00:00,2026-03,perusahaan sini malah minta resep asli buat bukti lah kalau resepnya diambil apotik tidak punya arsip lagi jadinya sekarang surat ket sakitnya mesti ada tulisan obatnya juga kaya resep nambahin kerjaan dokter saja,Negatif,4
Wed Mar 25 05:36:22 +0000 2026,aktivitas dikurangi yaa iya dok berat badan juga dikurangi senyum kenapa susah yaa sama saya juga susah nurunin bb dok,leemonsquashh,2026-03-25 05:36:22+00:00,2026-03,aktivitas dikurangi yaa iya dok berat badan juga dikurangi senyum kenapa susah yaa sama saya juga susah nurunin bb dok,Negatif,7
Fri Dec 19 06:31:48 +0000 2025,capek bgt rasanya cmn bs bergantung ke bpjs sistemnya bobrok birokrasi ribet it really will be the death of me,kintut_,2025-12-19 06:31:48+00:00,2025-12,capek banget rasanya cmn bisa bergantung sistemnya bobrok birokrasi ribet it really will be the death of me,Negatif,6
Wed Mar 25 09:23:29 +0000 2026,di jalan dari bukittinggi ke batusangkar ketemunya kendaraan mobil dan motor plat bm terus banyakan bm daripada ba malahan,soniariyofa,2026-03-25 09:23:29+00:00,2026-03,jalan bukittinggi batusangkar ketemunya kendaraan mobil motor plat bm terus banyakan bm daripada ba malahan,Negatif,2
Tue Mar 24 14:04:45 +0000 2026,tapi emang penulisnya nyimeng bahkan bu v aja ga bisa nyelametin atau minimal bikin sinetronnya realistis dan masuk logika jujur kecewa padahal yg kaget nikah bagus bgt mana isue mental healthnya ampas tanpa penjelasan malah bikin penontonnya yg kena mental,Mataharibersih,2026-03-24 14:04:45+00:00,2026-03,tapi emang penulisnya nyimeng bahkan bu v saja tidak bisa nyelametin atau minimal membuat sinetronnya realistis masuk logika jujur kecewa padahal kaget nikah bagus banget mana isue mental healthnya ampas tanpa penjelasan malah membuat penontonnya kena mental,Negatif,1
Wed Mar 25 08:48:25 +0000 2026,when mereka bilang kamu orangnya pendiem bgt ya padahal sebenernya gimana orangnya aja karna ga semua orang bisa aku kasih energi yg sama,__sweetycandyy,2026-03-25 08:48:25+00:00,2026-03,when mereka bilang kamu orangnya pendiem banget padahal sebenernya gimana orangnya saja karna tidak semua orang bisa aku kasih energi sama,Negatif,2
Tue Mar 24 13:38:08 +0000 2026,temen debut enha ga bisa apa2 tanpa hs sampe ada yg nyuruh en disband aja dan puncaknya itu ada ditahap yg nyuruh boikot enha sm bikin black ocean di melb fest kmrn jujur sakit hati bgt apalg gue simku yg tau bgt ini acara tu udh dinanti2 sm jk 6 tahun lamanya event kmrn,fairyshim,2026-03-24 13:38:08+00:00,2026-03,temen debut enha tidak bisa apa tanpa hs sampe ada nyuruh en disband saja puncaknya ada ditahap nyuruh boikot enha sama membuat black ocean melb fest kmrn jujur sakit hati banget apalg saya simku tahu banget acara tu sudah dinanti sama jk tahun lamanya event kmrn,Negatif,6
Wed Mar 25 09:10:02 +0000 2026,di timeline gue isinya cuma berita si gendut 6jt perkara lebaran di rumah perkara penyiram air panas update supply bbm yg lt 1 bulan langsung redup,ghalbrat,2026-03-25 09:10:02+00:00,2026-03,timeline saya isinya cuma berita si gendut juta perkara lebaran rumah perkara penyiram air panas update supply bbm lt bulan langsung redup,Negatif,1
Wed Dec 17 02:18:13 +0000 2025,ini ide siapa sih bikin skck harus punya bpjs ribet banget anjing orang mau nyari kerja jadi ribet harus bikin bpjs,MegaMelia19,2025-12-17 02:18:13+00:00,2025-12,ide siapa membuat skck harus punya ribet banget anjing orang mau nyari kerja jadi ribet harus membuat,Negatif,4
Sat Mar 21 07:14:25 +0000 2026,kayaknya allah juga ngerti deh kak niat baik anak kakaknya ngetik gini juga karena kecewa wajar banget impian kakak nya bisa berangkatin haji ortunya kakak nya susah payah kumpulin uang malah dipakai utk hal lain soal pahala cuma allah yg tau km ga ada hak kak buat blg gtu,ablueberri,2026-03-21 07:14:25+00:00,2026-03,kayaknya allah juga ngerti niat baik anak kakaknya ngetik gini juga karena kecewa wajar banget impian kakak bisa berangkatin haji ortunya kakak susah payah kumpulin uang malah dipakai untuk hal lain soal pahala cuma allah tahu kamu tidak ada hak buat blg gtu,Negatif,4
Wed Mar 25 09:39:55 +0000 2026,iya lagi mana kadang perusahaannya nelpon ke puskesmas memastikan ybs beneran sakit hadeehh,ayutopiaa,2026-03-25 09:39:55+00:00,2026-03,iya lagi mana kadang perusahaannya nelpon puskesmas memastikan ybs beneran sakit hadeehh,Negatif,5
Wed Mar 25 05:17:04 +0000 2026,masuuuk nah udah kusamain kolom yang d dan e antara yang pemasukan dan potongan karena semula ada yang ada dan ga tapi hasilnya tetep sama lebih bayar juga trus ada yang bilang juga kalo bisa jangan dihapusin sendiri gitu gitu dah jadi kayanya besok aku akan ke kpp sini,novazakiyaa,2026-03-25 05:17:04+00:00,2026-03,masuk nah sudah kusamain kolom d e antara pemasukan potongan karena semula ada ada tidak tapi hasilnya tetep sama lebih bayar juga trus ada bilang juga kalau bisa jangan dihapusin sendiri begitu begitu sudah jadi kayanya besok aku akan kpp sini,Negatif,3
Thu Feb 05 14:41:30 +0000 2026,kondisi family anak toped yg kudunya nopang keluarga malah sibuk jadi vape seller pacaran ngasih makan keluarga kagak jadinya itu anak toped hidup bpjs pake modal mukul2 pintu di kossan yg deflowering for luxury lifestyle pdhl doi jadiin itu prestasi bisa merawanin ga bayar,Ichavarma_,2026-02-05 14:41:30+00:00,2026-02,kondisi family anak toped kudunya nopang keluarga malah sibuk jadi vape seller pacaran kasih makan keluarga kagak jadinya anak toped hidup pakai modal mukul pintu kossan deflowering for luxury lifestyle padahal doi jadiin prestasi bisa merawanin tidak bayar,Negatif,6
Sun Mar 22 14:28:20 +0000 2026,biasalah kaum kaum melarat begitu udah pengangguran duit ala kadarnya ganggu personal orang bahkan bayar utang biasanya pada ga bisa,rindari96517476,2026-03-22 14:28:20+00:00,2026-03,biasalah kaum kaum melarat begitu sudah pengangguran duit ala kadarnya ganggu personal orang bahkan bayar utang biasanya pada tidak bisa,Negatif,3
Sat Nov 01 13:29:30 +0000 2025,jadi dokter di indo yg berkaitan sm bpjs ga bisa maksa terapi sesuka hati tapi berkiblat lgsg sama pnpk ppk fornas pmk ba kesepakatan panduan lainnya biar bpjs mau bayar semua serba terbatas kyk case deferiprone utk px thalasemia di rsud sini masih indikasi sosial hehe,scopamin,2025-11-01 13:29:30+00:00,2025-11,jadi dokter indo berkaitan sama tidak bisa maksa terapi sesuka hati tapi berkiblat lgsg sama pnpk ppk fornas pmk ba kesepakatan panduan lainnya biar mau bayar semua serba terbatas kyk case deferiprone untuk px thalasemia rsud sini masih indikasi sosial hehe,Negatif,5
Mon Mar 23 11:15:31 +0000 2026,literally gue bedrest di rs buat naikin trombosit udah gak ada demam mual tp gue dirawat 8 hari karena naikin trombositnya lama bgt pas keluar rs juga masih di bawah 100k dan hari ke 5 tuh sempet turun lg taunya gue kena covid di rs jg sumpah gue kerja cuti 1 bulan,mociceci,2026-03-23 11:15:31+00:00,2026-03,literally saya bedrest rumah sakit buat naikin trombosit sudah tidak ada demam mual tapi saya dirawat hari karena naikin trombositnya lama banget pas keluar rumah sakit juga masih bawah k hari sempet turun lagi taunya saya kena covid rumah sakit juga sumpah saya kerja cuti bulan,Negatif,5
Sat Jan 03 18:13:51 +0000 2026,better ke klinik atau faskes 1 dulu yaa soalnya kalo ga urgent biasanya gabisa pakai bpjs di igd nanti ke faskes satu yg kemaren terus minta rujukan ke poli pulmonologi,depakote250mg,2026-01-03 18:13:51+00:00,2026-01,better klinik atau faskes dulu yaa soalnya kalau tidak urgent biasanya gabisa pakai igd nanti faskes satu kemaren terus minta rujukan poli pulmonologi,Negatif,5
Sat Mar 21 13:54:25 +0000 2026,baru tau kalau serangan panik jadi salah satu gejala yang di cover sama bpjs kesehatan pas masuk igd,seberapajauh,2026-03-21 13:54:25+00:00,2026-03,baru tahu kalau serangan panik jadi salah satu gejala cover sama pas masuk igd,Negatif,5
Mon Mar 23 00:58:07 +0000 2026,saran sih lebih baik ke psikiater karena kadang otak ini perlunya memang obat untuk meningkatkan kembali dopamin dan serotonin jadi mending bpjs di rumah sakit dh nder,Rswndi_,2026-03-23 00:58:07+00:00,2026-03,saran lebih baik psikiater karena kadang otak perlunya memang obat untuk meningkatkan kembali dopamin serotonin jadi mending rumah sakit dh nder,Negatif,6
Wed Feb 11 15:38:20 +0000 2026,4 skrg aja rs kewalahan ngurusin pasien bpjs semua rs penuh dgn antrian yg ga masuk akal kebayang ga klo semua anggota bpjs sakit minta tolong kali staff rs org ngantri obat bisa dpt no antrian 800an tuh gmn ceritanya jln2 bapakku jgn cm duduk dan liat dr jauh trus comment,mariena_warmie,2026-02-11 15:38:20+00:00,2026-02,sekarang saja rumah sakit kewalahan ngurusin pasien semua rumah sakit penuh dengan antrian tidak masuk akal kebayang tidak kalau semua anggota sakit minta tolong kali staff rumah sakit orang ngantri obat bisa dapat no antrian an bagaimana ceritanya jln bapakku jangan cuma duduk liat jauh trus comment,Negatif,5
Thu Feb 05 04:38:12 +0000 2026,lagi di rumah sakit dan di samping ada mbah sepuh pekerja bangunan kebingungan ketika cerita ke temen di sampingnya ia bilang bpjs kulo mboten aktif mas padahal ndek wingi tasih lho niki mboten mbeto arto kulo bpjs saya tdk aktif mas padahal kmren masih aktif saya sekarang juga gak bawa uang pak kalau memang karena kedhaliman kita adukan bareng ke allah besok di akhirat pak,BilalFahrur,2026-02-05 04:38:12+00:00,2026-02,lagi rumah sakit samping ada mbah sepuh pekerja bangunan kebingungan ketika cerita temen sampingnya ia bilang kulo mboten aktif mas padahal ndek wingi tasih lho niki mboten mbeto arto kulo saya tidak aktif mas padahal kmren masih aktif saya sekarang juga tidak bawa uang pak kalau memang karena kedhaliman kita adukan bareng allah besok akhirat pak,Negatif,3
Tue Mar 17 13:24:33 +0000 2026,apakah dia ini golongan yang suka kontrol di sg tapi kalo kepalang parah ngobatnya di indo pake bpjs kelas 3,popmienaa,2026-03-17 13:24:33+00:00,2026-03,apakah dia golongan suka kontrol sg tapi kalau kepalang parah ngobatnya indo pakai kelas,Negatif,2
Thu Feb 05 13:13:56 +0000 2026,banyak orang yg kesusahan terancam sakitnya makin parah terancam tidak bisa berobat dan terancam tidak tertolong karena carut marut bpjs lalu sebagian manusia masih ngurusin drama selebgram hari ini kamu mungkin belum kena dampak dari kebijakan pemerintah besok belum tentu,arunikata__,2026-02-05 13:13:56+00:00,2026-02,banyak orang kesusahan terancam sakitnya makin parah terancam tidak bisa berobat terancam tidak tertolong karena carut marut lalu sebagian manusia masih ngurusin drama selebgram hari kamu mungkin belum kena dampak kebijakan pemerintah besok belum tentu,Negatif,7
Sat Mar 21 00:29:21 +0000 2026,nah terutama pejabat2 nih kerja gajelas tapi ganji dan tunjangan gila bgt mirip kasus dirut bpjs kan sebulan ngantongin ratusan juta,KenapaBegitusih,2026-03-21 00:29:21+00:00,2026-03,nah terutama pejabat nih kerja gajelas tapi ganji tunjangan gila banget mirip kasus dirut sebulan ngantongin ratusan juta,Negatif,4
Wed Mar 25 08:45:02 +0000 2026,negara ini terlalu klemar klemer buat covid 2020 dan keterbatasan energi yang sat set mustahil orang2 dewasa sebanyak itu dan punya kewajiban besar gatau prioritas capek banget,baseconvo,2026-03-25 08:45:02+00:00,2026-03,negara terlalu klemar klemer buat covid keterbatasan energi sat set mustahil orang dewasa sebanyak punya kewajiban besar gatau prioritas capek banget,Negatif,6
Sat Mar 21 12:39:56 +0000 2026,gue gak mauuuu gue capek anjir capek you know capek capek is tired,sudahgilakwanku,2026-03-21 12:39:56+00:00,2026-03,saya tidak mau saya capek anjir capek you know capek capek is tired,Negatif,4
Fri Mar 20 06:45:29 +0000 2026,edaaannn kalo orang super sibuk ligamen nya putus ada perawatannya y meanwhile kata dokter bpjs w ndakpapa itu masih bisa buat jalan kan ndak perlu operasi lah yaa,peachykorapat,2026-03-20 06:45:29+00:00,2026-03,edan kalau orang super sibuk ligamen putus ada perawatannya y meanwhile kata dokter w ndakpapa masih bisa buat jalan ndak perlu operasi lah yaa,Negatif,5
Wed Mar 25 08:43:28 +0000 2026,woy yg bener aja si mcu di bdg sampe sejutaaa gue di jkt aja cuma 530 fakkkk itu udh sama rontgen thorax loh ya orgil sumpah pemerintahnya ga becus,cthamomile,2026-03-25 08:43:28+00:00,2026-03,woy bener saja si mcu bdg sampe sejuta saya jkt saja cuma fak sudah sama rontgen thorax loh orgil sumpah pemerintahnya tidak becus,Negatif,4
Wed Feb 11 01:39:53 +0000 2026,opung gendeng pajak banyak yang dikorupsi apbn jebol karena dirampok kekayaan alam di rampok rakyat kebagian ampas negara sudah bangkrut hutang ngak bisa kebayar banyak anak sekolah putus mau berobat aja harus sokongan lewat bpjs negara ini auto pilot isinya elit gila,Penakluksukma77,2026-02-11 01:39:53+00:00,2026-02,opung gendeng pajak banyak dikorupsi apbn jebol karena dirampok kekayaan alam rampok rakyat kebagian ampas negara sudah bangkrut hutang ngak bisa kebayar banyak anak sekolah putus mau berobat saja harus sokongan lewat negara auto pilot isinya elit gila,Negatif,3
Mon Feb 23 07:52:21 +0000 2026,dokter juga banyak yg ampas kalo pake bpjs biasanya dibiarin meninggal,AndyOsbourn,2026-02-23 07:52:21+00:00,2026-02,dokter juga banyak ampas kalau pakai biasanya dibiarin meninggal,Negatif,5
Tue Feb 10 14:36:26 +0000 2026,bpjs kesehatan kena semprot keras menteri purbaya setelah ramai pbi nonaktif saya rugi banyak image pemerintah jadi jelek ane kmaren jugak ampir nyalahin pemerintah pusat ternyata ulah ipul yang serampangan bikin kebijakan,WagimanDeep212_,2026-02-10 14:36:26+00:00,2026-02,kena semprot keras menteri purbaya setelah ramai pbi nonaktif saya rugi banyak image pemerintah jadi jelek ane kmaren jugak ampir nyalahin pemerintah pusat ternyata ulah ipul serampangan membuat kebijakan,Negatif,3
Fri Mar 13 21:43:16 +0000 2026,bpjs lah bisa dirasakan seluruh lapisan masyarakat mbg ga kena semua tuh alias ga rata begitupun jalan tol jalan tol berguna tapi ga semua merasakan ada yg ga butuh jalan tol karena ga bepergian jauh ataupun ga punya kendaraan tertentu,melbvrne,2026-03-13 21:43:16+00:00,2026-03,lah bisa dirasakan seluruh lapisan masyarakat tidak kena semua alias tidak rata begitupun jalan tol jalan tol berguna tapi tidak semua merasakan ada tidak butuh jalan tol karena tidak bepergian jauh ataupun tidak punya kendaraan tertentu,Negatif,2
Wed Dec 10 04:37:58 +0000 2025,tar pas lahiran koar2 gak bisa klaim bpjs di rs puskes padahal dianya sendiri gak pernah ada riwayat anc ke puskes kebanyakan kasus begini nih sekarang padahal harus bgt bgt bgt minimal sekali anc ke puskes biar pas lahiran bisa klaim bpjs,eternalatte,2025-12-10 04:37:58+00:00,2025-12,tar pas lahiran koar tidak bisa klaim rumah sakit puskes padahal dianya sendiri tidak pernah ada riwayat anc puskes kebanyakan kasus begini nih sekarang padahal harus banget banget banget minimal sekali anc puskes biar pas lahiran bisa klaim,Negatif,7
Thu Mar 19 04:32:54 +0000 2026,kenapa mekanisme yg sprt ini tdk di perbaiki org miskin yg sakit seolah olah di paksa akrab dgn sakitnya menahan rasa nyeri sakitnya sangat beda pelayananya dgn org kaya pdhl negara ini semuanya di biayai oleh pajak yg bersumber dr org org miskin tolong bpjs di perbaiki lg,wong_ngisoran,2026-03-19 04:32:54+00:00,2026-03,kenapa mekanisme sprt tidak perbaiki orang miskin sakit seolah olah paksa akrab dengan sakitnya menahan rasa nyeri sakitnya sangat beda pelayananya dengan orang kaya padahal negara semuanya biayai oleh pajak bersumber orang orang miskin tolong perbaiki lagi,Negatif,6
Wed Feb 25 11:04:32 +0000 2026,monyetttt gak semua yang iuran bpjs itu ngerokokk terus gimana nasib gue,siphoria,2026-02-25 11:04:32+00:00,2026-02,monyet tidak semua iuran ngerokokk terus gimana nasib saya,Negatif,1
Mon Oct 06 18:43:58 +0000 2025,gw 2 kali cantengan datengnya ke puskesmas operasi disana semua dn di cover bpjs alhamdulillah sembuh biasanya ditanyain mau cabut sebagian atau total klo parah y cabut aja semua kukunya klo cmn kuku keselip minta potong sebagian cabut semua itu gk enak sumpah ribet,rhn_1805,2025-10-06 18:43:58+00:00,2025-10,saya kali cantengan datengnya puskesmas operasi disana semua dn cover alhamdulillah sembuh biasanya ditanyain mau cabut sebagian atau total kalau parah y cabut saja semua kukunya kalau cmn kuku keselip minta potong sebagian cabut semua tidak enak sumpah ribet,Negatif,7
Wed Mar 18 01:21:03 +0000 2026,bener dokter2 jg gak tega kalo liat pasien kesulitan uang pasti pertama2 disuruh urus bpjs dulu nyokap dulu kalo kemo bayar sendiri bs hbs 25jt sekali kemo sm dokternya diarahkan pake bpjs spy gratis cuma emg antri bpjs itu lama ribet amp bikin trauma,Kiryuu_kyon,2026-03-18 01:21:03+00:00,2026-03,bener dokter juga tidak tega kalau liat pasien kesulitan uang pasti pertama disuruh urus dulu nyokap dulu kalau kemo bayar sendiri bisa hbs juta sekali kemo sama dokternya diarahkan pakai spy gratis cuma emg antri lama ribet  membuat trauma,Negatif,5
Sat Nov 01 07:52:06 +0000 2025,emang jalur bpjs dan jalur regular punya huge gap jalur bpjs bikin antri berjam2 obat tdk tokcer kasih minum obat hanya 3 hari saja gw pernah dikasih tahu salah satu org kerja mantan perusahaan farmasi bilang jalur regulasi obat bpjs dibuat berbeda,twistedlovechic,2025-11-01 07:52:06+00:00,2025-11,emang jalur jalur regular punya huge gap jalur membuat antri berjam obat tidak tokcer kasih minum obat hanya hari saja saya pernah dikasih tahu salah satu orang kerja mantan perusahaan farmasi bilang jalur regulasi obat dibuat berbeda,Negatif,5
Sat Feb 28 21:18:22 +0000 2026,berita terkini rumah sakit bethesda sumatera utara menolak pasien bpjs dalam narasi video yang memperlihatkan seorang pasien yang sedang sekarat ditolak di rumah sakit umum full bethesda sumatera utara diduga karena menggunakan bpjs penolakan pasien bpjs di instalasi gawat darurat igd dibagikan oleh alvin sinaga seharusnya ditangani dulu pasien untuk masalah administrasi belakangan dalam rekaman tersebut pun si perekam langsung mengambil tindakan agar pasien dibawa kerumah sakit lain dan pasien akhirnya dibawa ke rumah sakit lain untuk mendapatkan perawatan percaya perang dajjal imam mahdi,gimbot75,2026-02-28 21:18:22+00:00,2026-02,berita terkini rumah sakit bethesda sumatera utara menolak pasien dalam narasi video memperlihatkan seorang pasien sedang sekarat ditolak rumah sakit umum full bethesda sumatera utara diduga karena menggunakan penolakan pasien instalasi gawat darurat igd dibagikan oleh alvin sinaga seharusnya ditangani dulu pasien untuk masalah administrasi belakangan dalam rekaman tersebut pun si perekam langsung mengambil tindakan agar pasien dibawa kerumah sakit lain pasien akhirnya dibawa rumah sakit lain untuk mendapatkan perawatan percaya perang dajjal imam mahdi,Negatif,5
Tue Mar 24 10:34:34 +0000 2026,kalo di rumah sakit mulu deh pas liburan kemarin demam 3 hari pdhl biasanya sehari sembuh trs hari ini udh muntah 4x,mimimimiyya,2026-03-24 10:34:34+00:00,2026-03,kalau rumah sakit mulu pas liburan kemarin demam hari padahal biasanya sehari sembuh terus hari sudah muntah x,Negatif,5
Sat Mar 21 09:10:42 +0000 2026,hihi selamat berlebaran semua lebaran kali ini gapake outfit tapi stay rumah sakit dan sendirian di perantauan,yaudahai,2026-03-21 09:10:42+00:00,2026-03,hihi selamat berlebaran semua lebaran kali gapake outfit tapi stay rumah sakit sendirian perantauan,Negatif,1
Thu Dec 04 13:43:50 +0000 2025,pak ini kita rontgen ya kalau ada sesuatu parah tulang harus tindakan bpjs bisa dipakai kalau aman boleh pulang oh iya berarti nanti pulang bisa ke sangkal putung ya pak kok sangkal putung pak jangan ya ke dokter aja duarrr rontgennya kaya gini,Prisiliaalmrt,2025-12-04 13:43:50+00:00,2025-12,pak kita rontgen kalau ada sesuatu parah tulang harus tindakan bisa dipakai kalau aman boleh pulang oh iya berarti nanti pulang bisa sangkal putung pak sangkal putung pak jangan dokter saja duar rontgennya kaya gini,Negatif,5
Wed Mar 25 08:56:00 +0000 2026,bayangin bayangin aja dulu lagi tugas dinas baru keluar mobil langsung kena serangan jantung karena terjadi penumpukkan lemak di pembuluh darah syukur syukur cuma serangan jantung coba kalau habis serangan jantung terus pecah pembuluh darah stroke di tempat kelar,peancakes,2026-03-25 08:56:00+00:00,2026-03,bayangin bayangin saja dulu lagi tugas dinas baru keluar mobil langsung kena serangan jantung karena terjadi penumpukkan lemak pembuluh darah syukur syukur cuma serangan jantung coba kalau habis serangan jantung terus pecah pembuluh darah stroke tempat kelar,Negatif,5
Wed Mar 25 08:51:25 +0000 2026,maksutnya gapapa dipinjem tapi enggak pas abis diisi bensin full terus kamu balikinya nol selalu ae minjem pas bensin abis diisi full,bysinjo,2026-03-25 08:51:25+00:00,2026-03,maksutnya gapapa dipinjem tapi enggak pas abis diisi bensin full terus kamu balikinya nol selalu ae minjem pas bensin abis diisi full,Negatif,7
Wed Mar 25 08:54:34 +0000 2026,d 1 pergi malah bintitan not in my bingo card,lullabyje,2026-03-25 08:54:34+00:00,2026-03,d pergi malah bintitan not in my bingo card,Negatif,1
Wed Mar 25 08:49:44 +0000 2026,bjir pernah bahkan sampe nemuin orang tua nya ngobrol disitu tapi malah dicuekin sama anaknya dan akhirnya setelah pergi dari rumah nya memutuskan untuk melupakan dia dan tidak akan mengejar dan mengemis cintanya lagiiii,yaelahky,2026-03-25 08:49:44+00:00,2026-03,bjir pernah bahkan sampe nemuin orang tua ngobrol disitu tapi malah dicuekin sama anaknya akhirnya setelah pergi rumah memutuskan untuk melupakan dia tidak akan mengejar mengemis cintanya lagi,Negatif,4
Wed Mar 25 08:19:46 +0000 2026,ini berlaku jmo juga ga sih beberapa hari yg lalu iseng aja mau ngecek saldo jht karena lagi ngitungin pph dan potongan2 lain eh gabisa dibuka jir aplikasinya alesannya karena gaada jaringan,fiznis_a,2026-03-25 08:19:46+00:00,2026-03,berlaku jmo juga tidak beberapa hari lalu iseng saja mau ngecek saldo jht karena lagi ngitungin pph potongan lain eh gabisa dibuka jir aplikasinya alesannya karena gaada jaringan,Negatif,4
Wed Mar 25 02:37:06 +0000 2026,kalo sakit mah ke rumah sakit bukan di rumah main gitar,bukankado,2026-03-25 02:37:06+00:00,2026-03,kalau sakit mah rumah sakit bukan rumah main gitar,Negatif,5
Wed Mar 25 08:40:56 +0000 2026,hemat bbm tapi boros listrik bjir ac nyala seharian,yongkyhartanto_,2026-03-25 08:40:56+00:00,2026-03,hemat bbm tapi boros listrik bjir ac nyala seharian,Negatif,4
Mon Feb 09 13:37:48 +0000 2026,awas nanti bpjs nya mati mandiri eh,velinjelly,2026-02-09 13:37:48+00:00,2026-02,awas nanti mati mandiri eh,Negatif,2
Mon Mar 23 12:51:04 +0000 2026,apalagi materi menghadapi amukan warga yang kasusnya gabisa diklaim bpjs,PsychChocho,2026-03-23 12:51:04+00:00,2026-03,apalagi materi menghadapi amukan warga kasusnya gabisa diklaim,Negatif,4
Mon Feb 02 11:00:15 +0000 2026,hati hati jempolmu kalau mau share info soal bpjs mati demi framing mbg karena menyebar bisa kena masalah hukum,JanitaJeliiiii,2026-02-02 11:00:15+00:00,2026-02,hati hati jempolmu kalau mau share info soal mati demi framing karena menyebar bisa kena masalah hukum,Negatif,2
Mon Feb 09 09:24:56 +0000 2026,pantesan bpjs gw mati,okcarun,2026-02-09 09:24:56+00:00,2026-02,pantesan saya mati,Negatif,5
Wed Mar 25 03:22:08 +0000 2026,dia tuh sengaja mau bikin generasi kita kebawah pada tolol makannya pendidikan ga dinomorsatukan sekolah dionlinekan tp mbg ttp jalan pas kita udh sakit sekarat dan tolol bpjs mati yaudah pasrah tinggal nunggu ajal,itslinong,2026-03-25 03:22:08+00:00,2026-03,dia sengaja mau membuat generasi kita kebawah pada tolol makannya pendidikan tidak dinomorsatukan sekolah dionlinekan tapi ttp jalan pas kita sudah sakit sekarat tolol mati yaudah pasrah tinggal nunggu ajal,Negatif,5
Wed Mar 25 08:48:44 +0000 2026,hai kak apabila yang dimaksud adalah kurang bayar pada spt tahunan pph wajib pajak orang pribadi atas status spt kurang bayar terjadi apabila hasil perhitungan spt tersebut memang menunjukkan status kurang bayar wajib pajak tetap wajib melaporkan sesuai kondisi tersebut dan melunasi kekurangannya terkait kurang bayar pada spt terjadi karena perhitungan ulang penghasilan yang menghasilkan pph terutang lebih besar dari kredit pajak yang dimiliki setelah klik bayar dan lapor status spt adalah kurang bayar dan akan ada kode billing yang terunduh dan konsep spt akan berpindah ke spt menunggu pembayaran dalam hal kode billing sudah dibayarkan maka spt tsb akan secara otomatis berpindah ke spt dilaporkan dan menerima bpe 1 2,kring_pajak,2026-03-25 08:48:44+00:00,2026-03,hai apabila dimaksud adalah kurang bayar pada spt tahunan pph wajib pajak orang pribadi atas status spt kurang bayar terjadi apabila hasil perhitungan spt tersebut memang menunjukkan status kurang bayar wajib pajak tetap wajib melaporkan sesuai kondisi tersebut melunasi kekurangannya terkait kurang bayar pada spt terjadi karena perhitungan ulang penghasilan menghasilkan pph terutang lebih besar kredit pajak dimiliki setelah klik bayar lapor status spt adalah kurang bayar akan ada kode billing terunduh konsep spt akan berpindah spt menunggu pembayaran dalam hal kode billing sudah dibayarkan maka spt tsb akan secara otomatis berpindah spt dilaporkan menerima bpe,Negatif,3
Wed Feb 04 10:17:01 +0000 2026,kaaaak bpjs kesehatan yg mandiri gak bisa dinonaktifkan kepesertaannya seumur hidup gak dibayar jadi tunggakan,SeputarTetangga,2026-02-04 10:17:01+00:00,2026-02,mandiri tidak bisa dinonaktifkan kepesertaannya seumur hidup tidak dibayar jadi tunggakan,Negatif,1
Thu Dec 25 15:12:40 +0000 2025,ngaku nya angota pas di jelasin tindakan anak nya gak ke cover bpjs gak terima emang parah,akhimedisz,2025-12-25 15:12:40+00:00,2025-12,ngaku angota pas jelasin tindakan anak tidak cover tidak terima emang parah,Negatif,5
Wed Mar 25 08:14:53 +0000 2026,sebandel bandelnya anak kantor gue tu yha ada spv gua yang diabetes tapi masi bandel gitu seneng minum manis nah tiap dia jaga gula di pantry sama anak anak selalu diumpetin sampe terakhir dia pundung,vrggga,2026-03-25 08:14:53+00:00,2026-03,sebandel bandelnya anak kantor saya tu yha ada spv saya diabetes tapi masi bandel begitu seneng minum manis nah tiap dia jaga gula pantry sama anak anak selalu diumpetin sampe terakhir dia pundung,Negatif,7
Mon Oct 27 03:10:39 +0000 2025,jirrr ribet banget berobat pake bpjs ye ampuuuun,adeimeldas,2025-10-27 03:10:39+00:00,2025-10,jir ribet banget berobat pakai ye ampun,Negatif,1
Wed Jan 14 13:49:38 +0000 2026,gak akan aku biarkan anakku jadi dokter seperti orang tuanya negara makin kacau sistem kesehatan dan bpjs collapse ujung2nya nakes yg jadi tumbal high risk low return af,dhitaratu,2026-01-14 13:49:38+00:00,2026-01,tidak akan aku biarkan anakku jadi dokter seperti orang tuanya negara makin kacau sistem collapse ujungnya nakes jadi tumbal high risk low return af,Negatif,6
Wed Mar 18 16:30:49 +0000 2026,karena asma kuat udah masuk gangguan pola napas dan itu masuk kriteria klaim bpjs,bubbleric3,2026-03-18 16:30:49+00:00,2026-03,karena asma kuat sudah masuk gangguan pola napas masuk kriteria klaim,Negatif,5
Sun Mar 22 13:04:20 +0000 2026,kayanya aku kena eksim deh tp kalo ke dokter bisa pake bpjs ga sih sksk takut ga ke cover tp gatel mulu sampe ruam,uuyujoahuyu_,2026-03-22 13:04:20+00:00,2026-03,kayanya aku kena eksim tapi kalau dokter bisa pakai tidak sksk takut tidak cover tapi gatel mulu sampe ruam,Negatif,5
Sat Mar 21 01:53:23 +0000 2026,wahh glad for you kakk anyway aku boleh tanya harganya kak aku jg mau medicated after diagnosed takutnya mahal atau ga bisa di cover bpjs gitu,cloriavey,2026-03-21 01:53:23+00:00,2026-03,wahh glad for you kakk anyway aku boleh tanya harganya aku juga mau medicated after diagnosed takutnya mahal atau tidak bisa cover begitu,Negatif,2
Mon Mar 23 11:40:49 +0000 2026,2 ini kan program ya mirip dengan sistem bpjs kenapa banyak sekali keuntungan untuk pelaksana nya contoh bpjs di faskes 1 uangnya ya sesuai yang daftar di faskes itu faskes lanjutan uangnya ya sesuai tindakan yang diberikan ini mbg ngasih subsidi iya ngasih lagi gaji,andrianp25,2026-03-23 11:40:49+00:00,2026-03,program mirip dengan sistem kenapa banyak sekali keuntungan untuk pelaksana contoh faskes uangnya sesuai daftar faskes faskes lanjutan uangnya sesuai tindakan diberikan kasih subsidi iya kasih lagi gaji,Negatif,5
Thu Nov 13 13:48:11 +0000 2025,pernah bawa anak ke igd jam 5 pagi saking paniknya ak ga bawa dompet suami doang yg bawa masalahnya ktp dia ada di dompetku untung di jok motor nemu fc kk selembar pake itu doang dah kelacak kok data peserta bpjs ga perlu pake kartu bpjs aneh bgt ini puskesmas,magentajingga_,2025-11-13 13:48:11+00:00,2025-11,pernah bawa anak igd jam pagi saking paniknya ak tidak bawa dompet suami doang bawa masalahnya ktp dia ada dompetku untung jok motor nemu fc kk selembar pakai doang sudah kelacak data peserta tidak perlu pakai kartu aneh banget puskesmas,Negatif,5
Wed Mar 25 08:46:10 +0000 2026,beban mentalnya kerasa bgt emang ada rasa berat si pas ngerjain skripsi tu ibarat bisa ngelakuin a z asal ga skripsian tp kalo ga dilawan ga bakal kelar,xwkey_,2026-03-25 08:46:10+00:00,2026-03,beban mentalnya kerasa banget emang ada rasa berat si pas ngerjain skripsi tu ibarat bisa ngelakuin a z asal tidak skripsian tapi kalau tidak dilawan tidak bakal kelar,Negatif,5
Fri Nov 21 07:25:01 +0000 2025,kalo sistem bpjs di rumah sakit error gini berarti gak bisa berobat gitu dokternya pulang doong karena pasien gak bisa daftar ulang,afritayee,2025-11-21 07:25:01+00:00,2025-11,kalau sistem rumah sakit error gini berarti tidak bisa berobat begitu dokternya pulang doong karena pasien tidak bisa daftar ulang,Negatif,5
Tue Oct 21 02:20:57 +0000 2025,alasan males pake bpjs ini udh antri 2 jam belum di panggil jg,rorofaradiba,2025-10-21 02:20:57+00:00,2025-10,alasan males pakai sudah antri jam belum panggil juga,Negatif,6
Wed Mar 25 08:29:37 +0000 2026,baru hari pertama masuk sudah mengurus pasien tapi ya entah kenapa ibu2 sebelahku ini kalau habis liburan malah sakit dan mulai sakitnya tu pas di kantor,wonhuissi,2026-03-25 08:29:37+00:00,2026-03,baru hari pertama masuk sudah mengurus pasien tapi entah kenapa ibu sebelahku kalau habis liburan malah sakit mulai sakitnya tu pas kantor,Negatif,5
Tue Mar 24 14:39:57 +0000 2026,sisa2 limbah medis tuh siapa sih yg ngolah kek ada divisi khusus di rumah sakit gitu apa pake jasa lain,freaquently_,2026-03-24 14:39:57+00:00,2026-03,sisa limbah medis siapa ngolah seperti ada divisi khusus rumah sakit begitu apa pakai jasa lain,Negatif,5
Thu Feb 12 06:34:13 +0000 2026,sebenernya ada koo psikolog di puskesmas pake bpjs bisa gratis amp kalo tanpa bpjs bayar 30k tapiii antriannya panjanv gue dari september reschedule trs sampe detik ini ada aja halangannya wkwkwk terakhir sampe nangis pulang dari puskes karna kesel batal lg,reviewbylia,2026-02-12 06:34:13+00:00,2026-02,sebenernya ada koo psikolog puskesmas pakai bisa gratis  kalau tanpa bayar k tapi antriannya panjanv saya september reschedule terus sampe detik ada saja halangannya tertawa terakhir sampe nangis pulang puskes karna kesel batal lagi,Negatif,2
Wed Mar 25 08:11:46 +0000 2026,lah tanggal 4 aku rencana mau kontrol ke rs bjir ok reschedule,ashareshy,2026-03-25 08:11:46+00:00,2026-03,lah tanggal aku rencana mau kontrol rumah sakit bjir ok reschedule,Negatif,4
Mon Mar 16 11:16:10 +0000 2026,sumpah sistem nolak pasien karena bpjs ya ditempat itu sampah kali anjir kawan awak ditolak tiga rs keknya mau mati lah dia naik aslam gara gara ini akhirnya ada yg mau alasannya nnti uangnya ga masuk ke kami,freaatomagmatik,2026-03-16 11:16:10+00:00,2026-03,sumpah sistem nolak pasien karena ditempat sampah kali anjir kawan awak ditolak tiga rumah sakit keknya mau mati lah dia naik aslam gara gara akhirnya ada mau alasannya nnti uangnya tidak masuk kami,Negatif,5
Sat Mar 21 12:44:26 +0000 2026,trs ada konsekuensinya dr org2 ribet itu susah dpt kerja kahh ditolak bpjs kah atau org2 pada lebay aja,apalagiteguh,2026-03-21 12:44:26+00:00,2026-03,terus ada konsekuensinya orang ribet susah dapat kerja kahh ditolak kah atau orang pada lebay saja,Negatif,6
Tue Feb 10 11:59:33 +0000 2026,bpjs nya aja mati,satorusmart,2026-02-10 11:59:33+00:00,2026-02,saja mati,Negatif,7
Sun Feb 01 11:15:10 +0000 2026,gaes coba kalian cek bpjs kalian bapak ku besok mau kontrol tapi tiba tiba nonaktif semua 1 keluarga bener bener ya allahhh orang lagi sakit jugaaa tolong bantu ramein tag bpjs dong tanyarl,tanyakanrl,2026-02-01 11:15:10+00:00,2026-02,gaes coba kalian cek kalian bapak ku besok mau kontrol tapi tiba tiba nonaktif semua keluarga bener bener allah orang lagi sakit juga tolong bantu ramein tag tanyarl,Negatif,5
Wed Mar 25 08:47:12 +0000 2026,apbn terlalu berat untuk menanggung mbg yang profitnya hanya untuk orang orang tertentu sedangkan rakyat diperas sampai tetes darah penghabisan bukan tidak mungkin negara ini tumbang dalam krisis kali ini karena sejatinya beban terberat anggaran tidak dipangkas,ardhsta,2026-03-25 08:47:12+00:00,2026-03,apbn terlalu berat untuk menanggung profitnya hanya untuk orang orang tertentu sedangkan rakyat diperas sampai tetes darah penghabisan bukan tidak mungkin negara tumbang dalam krisis kali karena sejatinya beban terberat anggaran tidak dipangkas,Negatif,5
Tue Mar 17 01:32:04 +0000 2026,aku kira bpjs kk nya yg dinonaktifkan juga soalnya punyaku juga kena nonaktif mana tau nya pas lagi berobat jadi putus ditengah jalan pas lagi kontrol,Hmei7s,2026-03-17 01:32:04+00:00,2026-03,aku kira kk dinonaktifkan juga soalnya punyaku juga kena nonaktif mana tahu pas lagi berobat jadi putus ditengah jalan pas lagi kontrol,Negatif,5
Mon Dec 15 05:14:53 +0000 2025,dan yg bikin ngeselin tuh ternyata sekolah sama kesehatan gak dimasukkan ke komponen inflasi negara dengan dalih sdh ada bpjs dan sekolah negeri gratesss,memobalabala,2025-12-15 05:14:53+00:00,2025-12,membuat ngeselin ternyata sekolah sama tidak dimasukkan komponen inflasi negara dengan dalih sdh ada sekolah negeri grates,Negatif,2
Wed Mar 25 08:00:25 +0000 2026,ini kmrin mau full istirahat mau hibernasi tp apa daya ya kena pipis mau gamau cuci sprei smaa bedcover capeknya capek bgt,ssunhw,2026-03-25 08:00:25+00:00,2026-03,kmrin mau full istirahat mau hibernasi tapi apa daya kena pipis mau gamau cuci sprei smaa bedcover capeknya capek banget,Negatif,7
Sun Mar 22 01:17:57 +0000 2026,mereka kalo capek ngeluh dan marah marah tapi disuruh diem marah gue capek njir gue udah sakit pun ttp aja this patriarchal family repot bgt nyuruh nyuruh bapak bapaknya ngotar anak perempuannya harus masak capek gue,Na_Jiesya,2026-03-22 01:17:57+00:00,2026-03,mereka kalau capek ngeluh marah marah tapi disuruh diem marah saya capek njir saya sudah sakit pun ttp saja this patriarchal family repot banget nyuruh nyuruh bapak bapaknya ngotar anak perempuannya harus masak capek saya,Negatif,4
Sun Dec 28 12:15:49 +0000 2025,mau buat pbi aja susah banget dah beberapakali daftarin mamah ga bisa2 ke desa ga bisa pas ada event ga bisa ke nyoba nanya ke kecamatan katanya suruh ke desa kalo ke kantor bpjs nya langsung ga bisa,kalsmeee,2025-12-28 12:15:49+00:00,2025-12,mau buat pbi saja susah banget sudah beberapakali daftarin mamah tidak bisa desa tidak bisa pas ada event tidak bisa nyoba nanya kecamatan katanya suruh desa kalau kantor langsung tidak bisa,Negatif,7
Fri Jan 02 11:18:24 +0000 2026,wkwkwkwk tau banget siapa nama hrd nya yg susah banget di mintain paklaring sama di mintain nomor bpjs tk setaun loh minta gak di kasih2 akhirnya lngsng nlpn cs bpjstk buat tau nomor bpjstk anjir lah dulu ngemis2 banget sampe di blokir,tirrramisyu,2026-01-02 11:18:24+00:00,2026-01,wkwkwkwk tahu banget siapa nama hrd susah banget mintain paklaring sama mintain nomor tk setaun loh minta tidak kasih akhirnya lngsng nlpn cs bpjstk buat tahu nomor bpjstk anjir lah dulu ngemis banget sampe blokir,Negatif,4
Fri Nov 21 16:54:28 +0000 2025,antri paling depan tanpa bpjs biar diduluin,dabilouvre,2025-11-21 16:54:28+00:00,2025-11,antri paling depan tanpa biar diduluin,Negatif,5
Mon Mar 23 11:59:37 +0000 2026,23 maret 2026 antrian bmb canteen ga ada obat 4 jam antri 1 jam nunggu makanan hmmmm,DwitaTarigan,2026-03-23 11:59:37+00:00,2026-03,maret antrian bmb canteen tidak ada obat jam antri jam nunggu makanan hm,Negatif,7
Tue Mar 24 17:24:49 +0000 2026,pertamanya gw minta umum pas di puskesmas tapi di tawarin pake bpjs,dittoyour,2026-03-24 17:24:49+00:00,2026-03,pertamanya saya minta umum pas puskesmas tapi tawarin pakai,Negatif,1
Sat Feb 14 08:44:01 +0000 2026,menolak pasien sih nggak pasien tetap dilayani dengan jaminan umum karena bpjs tidak aktif jika pasien ranap diberikan waktu 3x24 jam untuk mengaktifkan lg jika pasien rajal bpjs nonaktif bpjs tidak bisa dipakai kalau pasien ga mau dilayani tanpa bpjs gt gt ttd paps done,chordetendineae,2026-02-14 08:44:01+00:00,2026-02,menolak pasien tidak pasien tetap dilayani dengan jaminan umum karena tidak aktif jika pasien ranap diberikan waktu x jam untuk mengaktifkan lagi jika pasien rajal nonaktif tidak bisa dipakai kalau pasien tidak mau dilayani tanpa begitu begitu ttd paps done,Negatif,5
Mon Oct 13 05:28:36 +0000 2025,nyesek itu ketika rutin bayar bpjs tiap bulan dapet notifikasi nunggak ntar mau silaturahmi ke kantornya,kerupvk,2025-10-13 05:28:36+00:00,2025-10,nyesek ketika rutin bayar tiap bulan dapet notifikasi nunggak ntar mau silaturahmi kantornya,Negatif,1
Wed Mar 25 08:23:42 +0000 2026,pengen but udh ga main zzz lagi,lanabreez,2026-03-25 08:23:42+00:00,2026-03,pengen but sudah tidak main z lagi,Negatif,2
Wed Mar 25 07:53:22 +0000 2026,dan yg gong nya lagi buat ku sppg ini yg belum ada setahun atau baru setahun sudah diangkat coy jadi pppk,p_gdharma,2026-03-25 07:53:22+00:00,2026-03,gong lagi buat ku sppg belum ada setahun atau baru setahun sudah diangkat coy jadi pk,Negatif,5
Wed Mar 25 07:47:52 +0000 2026,selagi anak babi pengarah jkr tak mampus dalam lubang selagi tu lah dia buat bodo je dengan jalan berlubang mcm ni kontraktor babi pun sama korek lobang pandai kambus lobang macam kucing kambus taik,mikanaize,2026-03-25 07:47:52+00:00,2026-03,selagi anak babi pengarah jkr tak mampus dalam lubang selagi tu lah dia buat bodo je dengan jalan berlubang mcm ni kontraktor babi pun sama korek lobang pandai kambus lobang macam kucing kambus taik,Negatif,1
Wed Mar 25 03:22:00 +0000 2026,i will always hate jkn bpjs dll karena membenturkan tenkes sama rakyat padahal mereka yang ga bisa kerja aaaarrggghhh,geurum2,2026-03-25 03:22:00+00:00,2026-03,i will always hate jkn dll karena membenturkan tenkes sama rakyat padahal mereka tidak bisa kerja arrgh,Negatif,6
Sun Mar 22 22:59:32 +0000 2026,bpjsnya non aktif anaknya keracunan mbg motornya mogok kehabisan bbm,baby_katseye,2026-03-22 22:59:32+00:00,2026-03,bpjsnya non aktif anaknya keracunan motornya mogok kehabisan bbm,Negatif,4
Wed Mar 25 07:55:07 +0000 2026,guys info freelance aku bu untuk kucing aku sakit kena viruss sekarang rawat inap aku gak pegang uang 200k kalo gak ke dokter aku takut dosa dzolim sama hewan atau open donasii atau apa aja yang bisa bantu aku buat sembuhin bubu kalo open donasi aku janji dan pasti amanah,bionbear,2026-03-25 07:55:07+00:00,2026-03,guys info freelance aku bu untuk kucing aku sakit kena viruss sekarang rawat inap aku tidak pegang uang k kalau tidak dokter aku takut dosa dzolim sama hewan atau open donasii atau apa saja bisa bantu aku buat sembuhin bubu kalau open donasi aku janji pasti amanah,Negatif,6
Mon Nov 24 11:59:20 +0000 2025,hidup bpjs yg udah antri lama tapi tiba tiba dokternya udah pulang atau lagi kerja di luar kota,sarbeh_,2025-11-24 11:59:20+00:00,2025-11,hidup sudah antri lama tapi tiba tiba dokternya sudah pulang atau lagi kerja luar kota,Negatif,1
Wed Mar 25 08:02:25 +0000 2026,plis plis bgttt buka di sby juga dong,jongyizhuo,2026-03-25 08:02:25+00:00,2026-03,plis plis banget buka sby juga,Negatif,6
Mon Jan 05 02:36:42 +0000 2026,vclaim bpjs knp deh sering bgt error,svpaya,2026-01-05 02:36:42+00:00,2026-01,vclaim kenapa sering banget error,Negatif,1
Fri Dec 26 22:49:21 +0000 2025,tidur bru 4 jam udh di suruh ngantri bpjs ajg mn error semua bgst gakuat berdiri,randomajaini,2025-12-26 22:49:21+00:00,2025-12,tidur bru jam sudah suruh ngantri ajg mn error semua bgst gakuat berdiri,Negatif,4
Sun Mar 22 05:51:41 +0000 2026,reviewing invalid processing partial uncertain,Chudai_jav_hHAe,2026-03-22 05:51:41+00:00,2026-03,reviewing invalid processing partial uncertain,Negatif,4
Sun Feb 08 01:14:28 +0000 2026,rs gak boleh nolak bpjs yes gw setuju tapi pertanyaan banyak rs yang pembayaran bpjs nunggak ada juga yang gak di bayar cari sendiri aja beritanya kalau rs gak di bayar biaya operasional bayar gaji listrik stok obat dll itu gimana terutama rs swasta berandai andai rs rugi terus gak bisa menanggung operasional tutup yang rugi dokter perawat karyawan rs bahkan semua pasien dampaknya lebih besar bukan cuma penggunaan bpjs yang kena tapi semua jadi berhentilah seolah olah rs yang salah gw cukup yakin rs juga gak mau nolakin pasien apapun tapi gimana mereka survive kalau kebanyakan pasien menggunakan bpjs pembayarannya susah drpada saling nyalahin benerin sistem pembayarannya gak ada api kalau gak ada asap,yohanesind,2026-02-08 01:14:28+00:00,2026-02,rumah sakit tidak boleh nolak yes saya setuju tapi pertanyaan banyak rumah sakit pembayaran nunggak ada juga tidak bayar cari sendiri saja beritanya kalau rumah sakit tidak bayar biaya operasional bayar gaji listrik stok obat dll gimana terutama rumah sakit swasta berandai andai rumah sakit rugi terus tidak bisa menanggung operasional tutup rugi dokter perawat karyawan rumah sakit bahkan semua pasien dampaknya lebih besar bukan cuma penggunaan kena tapi semua jadi berhentilah seolah olah rumah sakit salah saya cukup yakin rumah sakit juga tidak mau nolakin pasien apapun tapi gimana mereka survive kalau kebanyakan pasien menggunakan pembayarannya susah drpada saling nyalahin benerin sistem pembayarannya tidak ada api kalau tidak ada asap,Negatif,5
Wed Mar 25 08:00:53 +0000 2026,kalo logikanya begitu kenapa di malay sama singapur harga bbm nya dinaikin juga padahal kan harusnya pasokan aman kan krn boleh lewat selat itu saus,zeevreya,2026-03-25 08:00:53+00:00,2026-03,kalau logikanya begitu kenapa malay sama singapur harga bbm dinaikin juga padahal harusnya pasokan aman karena boleh lewat selat saus,Negatif,5
Thu Feb 12 14:08:08 +0000 2026,pelan pelan dibikin mati 1 negara grgr mbg bpjs mati perang sama gaza lebayyyyyy,sieldo_,2026-02-12 14:08:08+00:00,2026-02,pelan pelan dibikin mati negara grgr mati perang sama gaza lebay,Negatif,5
Wed Mar 18 14:33:00 +0000 2026,jujur tiap hari denger pekerja ngeluh tempat kerjanya ga sesuai aturan katanya ga kasih uang kompensasi di phk oleh perusahaannya gadapet bpjs kayak hmm apa mereka ga tau mekanisme phi ya padahal tinggal ikutin mekanisme phi aja untuk dapet haknya,MenteriPekerja,2026-03-18 14:33:00+00:00,2026-03,jujur tiap hari denger pekerja ngeluh tempat kerjanya tidak sesuai aturan katanya tidak kasih uang kompensasi phk oleh perusahaannya gadapet kayak hmm apa mereka tidak tahu mekanisme phi padahal tinggal ikutin mekanisme phi saja untuk dapet haknya,Negatif,1
Sat Mar 21 23:27:36 +0000 2026,pakai bpjs gratis makanya kalau ada lobang kecil jangan kelamaan langsung ke faskes tapi kalau bolongnya gede pasti disaranin untuk tambal permanen di klinik berbayar,gajitaknaiknaik,2026-03-21 23:27:36+00:00,2026-03,pakai gratis makanya kalau ada lobang kecil jangan kelamaan langsung faskes tapi kalau bolongnya gede pasti disaranin untuk tambal permanen klinik berbayar,Negatif,4
Wed Feb 25 16:42:06 +0000 2026,pak budi anda mau di sumpahin sakit sama masyarakat se indonesia raya anda zolim bener jd org klo masalahnya di rokok yah tutup itu pabriknya klo berani nah gak bisa kan lu pikir yg sakit dan pakai bpjs cuma laki2 perokok ta semua keluargaku ngerasain jd perokok pasif,ItsMeEka131,2026-02-25 16:42:06+00:00,2026-02,pak budi anda mau sumpahin sakit sama masyarakat se indonesia raya anda zolim bener jadi orang kalau masalahnya rokok yah tutup pabriknya kalau berani nah tidak bisa kamu pikir sakit pakai cuma laki perokok ta semua keluargaku ngerasain jadi perokok pasif,Negatif,2
Sun Mar 15 18:26:58 +0000 2026,just info kalo kalian bergantung sama bpjs dan merantau sblm terjadi hal yang tidak diinginkan segeralah urus faskes bpjs terkini ataupun udh ga sanggup bayar bpjs segera urus2 dokumen untuk menjadi bpjs pbi bkn mendoakan hal yg buruk tp antisipasi hal yg tidak diinginkan,solitudeslut,2026-03-15 18:26:58+00:00,2026-03,just info kalau kalian bergantung sama merantau sblm terjadi hal tidak diinginkan segeralah urus faskes terkini ataupun sudah tidak sanggup bayar segera urus dokumen untuk menjadi pbi bkn mendoakan hal buruk tapi antisipasi hal tidak diinginkan,Negatif,5
Tue Mar 24 12:23:35 +0000 2026,di faskesku pendaftaran pake bpjs cm bisa sampek jm 8 mlm dan aku baru tau terus pas sampek ke sana jm 8 dibilang gini lain kali dateng awal ya kan sakitnya mestinya gk mendadak bisa dr sore masalahnye ini gastritis yg kumat dan pas puasa aman2 aja,bobohompong,2026-03-24 12:23:35+00:00,2026-03,faskesku pendaftaran pakai cuma bisa sampek jm mlm aku baru tahu terus pas sampek sana jm dibilang gini lain kali dateng awal sakitnya mestinya tidak mendadak bisa sore masalahnye gastritis kumat pas puasa aman saja,Negatif,4
Wed Mar 11 13:36:03 +0000 2026,aku capek d pr siku kambuh sudah hampir 1 mg kontrol psikiater mahal obat faskes bpjs luar kota sudah pake limit 3 kali pengobatan di kota ini mau pindah faskes br aktif awal bln depan duit belum ada mana masalah psikosomatis sudah pada kambuh eksim amp gerd,tanyakanrl,2026-03-11 13:36:03+00:00,2026-03,aku capek d pr siku kambuh sudah hampir mg kontrol psikiater mahal obat faskes luar kota sudah pakai limit kali pengobatan kota mau pindah faskes baru aktif awal bln depan duit belum ada mana masalah psikosomatis sudah pada kambuh eksim  gerd,Negatif,5
Sat Mar 21 08:07:11 +0000 2026,bang sharing dong ini terjadi pada istri skrng faskes 1 di jkt posisi di kampung halaman klo ada faskes 1 yang nolak dengan alasan bukan faskesnya kita harus ngapain bang makasih sebelumnya,mhr_dhika,2026-03-21 08:07:11+00:00,2026-03,bang sharing terjadi pada istri skrng faskes jkt posisi kampung halaman kalau ada faskes nolak dengan alasan bukan faskesnya kita harus ngapain bang makasih sebelumnya,Negatif,2
Thu Mar 19 17:04:06 +0000 2026,bpjs murah kak biasa nya minta surat rujukan,GabrielXXIV,2026-03-19 17:04:06+00:00,2026-03,murah biasa minta surat rujukan,Negatif,5
Fri Jan 30 09:50:04 +0000 2026,rek aku baru resign bpjs sebelum e dicover perusahaan ternyata habis resign bpjs nya jadi kelas 1 dan ga nyatu lagi sama keluarga piye ben balik kelas 3 ambek nyatu maneh,sbyfess,2026-01-30 09:50:04+00:00,2026-01,rek aku baru resign sebelum e dicover perusahaan ternyata habis resign jadi kelas tidak nyatu lagi sama keluarga piye ben balik kelas ambek nyatu maneh,Negatif,4
Sat Feb 21 13:55:02 +0000 2026,perokok aktif yg setiap hari menghabiskan minimal 1 bungkus rokok sebaiknya tidak dimasukkan sebagai peserta pbi misal 1 bungkus 33 000 30 hari 990 000 bpjs kesehatan kelas 3 35 000 misal 1 keluarga ada 6 orang 210 000 kalau dianggap layak jadi pbi anggota keluarga yg bukan perokok saja yg pbi yg merokok bisa jadi peserta mandiri bisa begitu,SeputarTetangga,2026-02-21 13:55:02+00:00,2026-02,perokok aktif setiap hari menghabiskan minimal bungkus rokok sebaiknya tidak dimasukkan sebagai peserta pbi misal bungkus hari kelas misal keluarga ada orang kalau dianggap layak jadi pbi anggota keluarga bukan perokok saja pbi merokok bisa jadi peserta mandiri bisa begitu,Negatif,3
Thu Mar 19 08:22:40 +0000 2026,toko gw udh 9 thn kl bentukannya manusia udh naik kelas 3 mau naik kelas 4,jyvmil,2026-03-19 08:22:40+00:00,2026-03,toko saya sudah tahun kalau bentukannya manusia sudah naik kelas mau naik kelas,Negatif,2
Wed Feb 25 11:36:30 +0000 2026,kasih proyek mbg 200t lebih bisa tp kasih gratis bpjs kelas 3 buat 180jt rakyat masa gak bisa,Orcinus_Orca15,2026-02-25 11:36:30+00:00,2026-02,kasih proyek t lebih bisa tapi kasih gratis kelas buat juta rakyat masa tidak bisa,Negatif,2
Tue Feb 17 11:48:32 +0000 2026,penerima kip k bidikmisi yang ipk nya di bawah 3 00 harusnya langsung dicabut beasiswanya detik itu juga negara bayarin lo buat belajar jirr bukan buat main main banyak yang lebih pinter miskin ngantri pengen posisi lo itu setuju ga kelen kalo aturan ipk dinaikin jadi minimal 3 5 3 8 buat penerima subsidi ptn,sbmptnfess,2026-02-17 11:48:32+00:00,2026-02,penerima kip k bidikmisi ipk bawah harusnya langsung dicabut beasiswanya detik juga negara bayarin kamu buat belajar jirr bukan buat main main banyak lebih pinter miskin ngantri pengen posisi kamu setuju tidak kelen kalau aturan ipk dinaikin jadi minimal buat penerima subsidi ptn,Negatif,6
Sun Dec 28 11:25:41 +0000 2025,keknya aku lebih suka bpjs kelas 3 deh ruangannya kuas walaupun barengan kelas 1 nih sempit bgt bikin pusing,immaambis,2025-12-28 11:25:41+00:00,2025-12,keknya aku lebih suka kelas ruangannya kuas walaupun barengan kelas nih sempit banget membuat pusing,Negatif,3
Mon Mar 16 05:13:35 +0000 2026,ra ndue isin bgt giliran di indo pakenya bpjs kelas 3,aishaaars,2026-03-16 05:13:35+00:00,2026-03,ra ndue isin banget giliran indo pakenya kelas,Negatif,3
Wed Mar 25 07:35:06 +0000 2026,life update dia kelas 2 smp pusing bgt sender jujur tiap hari aku bujuk dia ttp gamau para kakak yang hebat mohon sarannya,baseconvo,2026-03-25 07:35:06+00:00,2026-03,life update dia kelas smp pusing banget sender jujur tiap hari aku bujuk dia ttp gamau para kakak hebat mohon sarannya,Negatif,4
Sun Nov 30 12:16:00 +0000 2025,temen2 kalau susah bikin bpjs coba dtg ke rt rw setempat lalu pengajuan kepesertaan pbi apbn apbd ya itu free selamanya harusnya kalau aturan bpjs ga berubah karena iurannya ditnggung pemerintah dapetnya nanti kelas 3 dan mutlak gabisa naik kelas,coffreoo,2025-11-30 12:16:00+00:00,2025-11,temen kalau susah membuat coba dtg rt rw setempat lalu pengajuan kepesertaan pbi apbn apbd free selamanya harusnya kalau aturan tidak berubah karena iurannya ditnggung pemerintah dapetnya nanti kelas mutlak gabisa naik kelas,Negatif,2
Thu Feb 26 11:00:00 +0000 2026,menkes iuran bpjs naik nggak masalah orang miskin kan gratis ditanggung negara terus yang kelas 3 rp42 ribu tiap bulan itu siapa anak sultan semua ya defisit 30t diselesaikan dengan naikin bayaran rakyat bukan benahi korupsi atau tata kelola,halsomnia,2026-02-26 11:00:00+00:00,2026-02,menkes iuran naik tidak masalah orang miskin gratis ditanggung negara terus kelas rupiah ribu tiap bulan siapa anak sultan semua defisit t diselesaikan dengan naikin bayaran rakyat bukan benahi korupsi atau tata kelola,Negatif,2
Sun Mar 22 09:14:04 +0000 2026,sama siswa dr cabang lain apalagi buat bisa mensetsu harus masuk kelas kaiwa dulu kalo kalian ga jago sksd sama sensei pakai bajep ga akan kalian di masukin ke kelas kaiwa kalo ga masuk2 kelas kaiwa ya kalian ga akan bisa dpt jatah mensetsu,shiroswanie,2026-03-22 09:14:04+00:00,2026-03,sama siswa cabang lain apalagi buat bisa mensetsu harus masuk kelas kaiwa dulu kalau kalian tidak jago sksd sama sensei pakai bajep tidak akan kalian masukin kelas kaiwa kalau tidak masuk kelas kaiwa kalian tidak akan bisa dapat jatah mensetsu,Negatif,3
Mon Mar 02 02:31:58 +0000 2026,baru sadar bpjs kelas 1 naik 2x lipat,alfaridi,2026-03-02 02:31:58+00:00,2026-03,baru sadar kelas naik x lipat,Negatif,2
Fri Mar 20 04:35:50 +0000 2026,gue mendadak kesel grgr notif tunggakan bpjs,Akari_7z,2026-03-20 04:35:50+00:00,2026-03,saya mendadak kesel grgr notif tunggakan,Negatif,3
Tue Mar 24 08:29:36 +0000 2026,gimana ini kak kartu m3 saya sejak puasa kemarin gak bisa buat internet sudah isi voucer juga tidak dapat terbaca dan digunakan,Mberung21,2026-03-24 08:29:36+00:00,2026-03,gimana kartu m saya sejak puasa kemarin tidak bisa buat internet sudah isi voucer juga tidak dapat terbaca digunakan,Negatif,1
Fri Mar 20 07:10:20 +0000 2026,bagaimana mengtahui sisa angsuran pada bsi saya tidak bisa mengaktifkan byond krna kartu atm sudah expired dan buku tabungan juga sudah tercecer,fairiz_taqy,2026-03-20 07:10:20+00:00,2026-03,bagaimana mengtahui sisa angsuran pada bsi saya tidak bisa mengaktifkan byond krna kartu atm sudah expired buku tabungan juga sudah tercecer,Negatif,1
Wed Feb 18 07:23:03 +0000 2026,halo min saya mau tanya saya punya kartu bpjs ketenagakerjaan di daftarkan sama kantor saya tapi pas saya mau buat akun di jmo dan cek qr code dibelakang kartu kok tidak bisa ya nama saya tidak terdaftar,renaldyy234,2026-02-18 07:23:03+00:00,2026-02,saya mau tanya saya punya kartu ketenagakerjaan daftarkan sama kantor saya tapi pas saya mau buat akun jmo cek qr code dibelakang kartu tidak bisa nama saya tidak terdaftar,Negatif,4
Sun Mar 22 04:29:40 +0000 2026,sudah dibagi kak katanya bapaku daripada ga bisa diapa apain katanya daftar jamsostek harus tau nomor kartu bpjs nya nah bapaku ga punya kartu bpjs itu fisik maupun digital sedangkan mereka punya digitalnya,kemocengkeren,2026-03-22 04:29:40+00:00,2026-03,sudah dibagi katanya bapaku daripada tidak bisa diapa apain katanya daftar jamsostek harus tahu nomor kartu nah bapaku tidak punya kartu fisik maupun digital sedangkan mereka punya digitalnya,Negatif,4
Tue Mar 24 03:20:43 +0000 2026,kalo masalah jadwal bukan salah mobile jkn nya mas walaupun bisa aja salah mereka in this case app nya juha bodoh sih kalo jadwal online blm ada berarti jadwalnya belum di submit sama si faskes ke bpjs jadi belum bisa diambil,bomsiwor,2026-03-24 03:20:43+00:00,2026-03,kalau masalah jadwal bukan salah mobile jkn mas walaupun bisa saja salah mereka in this case app juha bodoh kalau jadwal online belum ada berarti jadwalnya belum submit sama si faskes jadi belum bisa diambil,Negatif,5
Thu Feb 05 12:25:44 +0000 2026,reaktivasi bisa tapi pasti butuh peninjauan yg ngabisin waktu lebih lama bayangin untuk para masyarakat yg ekonominya kurang stabil sakit butuh tindakan cepat tapi bpjs non aktif masa mau minta mbg biar sembuh,sexieest,2026-02-05 12:25:44+00:00,2026-02,reaktivasi bisa tapi pasti butuh peninjauan ngabisin waktu lebih lama bayangin untuk para masyarakat ekonominya kurang stabil sakit butuh tindakan cepat tapi non aktif masa mau minta biar sembuh,Negatif,5
Mon Mar 23 12:41:42 +0000 2026,ga bermaksud jahat tp aku udah jd saksi mamahku pinjem uang ke bank demi saudara yg sakit diabetes yg mana sakitnya dibuat sendiri aku sempet marah sih mamahku terlalu baik drpd brantem yaudah aku udah ga marah tp semenjak itu aku ga akan pernah mau minjemin uang ke siapapun bahkan ke temen sendiri bukan sok keren tp ga mau jd musuh selamanya cuma grgr duit,la_lalijah,2026-03-23 12:41:42+00:00,2026-03,tidak bermaksud jahat tapi aku sudah jadi saksi mamahku pinjem uang bank demi saudara sakit diabetes mana sakitnya dibuat sendiri aku sempet marah mamahku terlalu baik drpd brantem yaudah aku sudah tidak marah tapi semenjak aku tidak akan pernah mau minjemin uang siapapun bahkan temen sendiri bukan sok keren tapi tidak mau jadi musuh selamanya cuma grgr duit,Negatif,1
Sat Mar 21 15:47:36 +0000 2026,mba bms lapyu sekebon muah,deadlysoul__,2026-03-21 15:47:36+00:00,2026-03,mba bms lapyu sekebon muah,Negatif,3
Sat Feb 21 08:04:43 +0000 2026,pertama umr jomplang padahal masih satu pulau suka dikasih lembur diluar jobdesk ga angkat telp boss sp1 telat dipotong gaji bos yang ga punya keterampilan leader anak buah malas karena judol bpjs ribet birokrasi di konoha banyak anak banyak rejeki nikah umur 25 kaya raya usia 25,JazEWeb3,2026-02-21 08:04:43+00:00,2026-02,pertama umr jomplang padahal masih satu pulau suka dikasih lembur diluar jobdesk tidak angkat telp boss sp telat dipotong gaji bos tidak punya keterampilan leader anak buah malas karena judol ribet birokrasi konoha banyak anak banyak rejeki nikah umur kaya raya usia,Negatif,2
Fri Nov 28 08:16:04 +0000 2025,akal akalan siapa bikin skck wajib punya bpjs aku gapunya bpjs oi males ribet csnya banyak basa basi,yaudahlahaja,2025-11-28 08:16:04+00:00,2025-11,akal akalan siapa membuat skck wajib punya aku gapunya oi males ribet csnya banyak basa basi,Negatif,4
Fri Mar 20 15:55:07 +0000 2026,banyak jedag jedug questionable di homepage capcut gw this is so humiliating i am so sorry,NOKSTURA,2026-03-20 15:55:07+00:00,2026-03,banyak jedag jedug questionable homepage capcut saya this is so humiliating i am so sorry,Negatif,2
Wed Mar 25 07:47:03 +0000 2026,mbg ini niatnya baik tapi teknis dan eksekusinya banyak perdebatan mulai dari kualitas makanan sampai anak anak libur dan wfa atau wfh aja ni program tetap jalan logikanya disruh mengehmat bbm jadi di kasih wfh atau wfa tapi anak anak tetap disruh ambil mbg ke sekolah,p_gdharma,2026-03-25 07:47:03+00:00,2026-03,niatnya baik tapi teknis eksekusinya banyak perdebatan mulai kualitas makanan sampai anak anak libur wfa atau wfh saja ni program tetap jalan logikanya disruh mengehmat bbm jadi kasih wfh atau wfa tapi anak anak tetap disruh ambil sekolah,Negatif,2
Sun Nov 16 14:09:20 +0000 2025,tolong ya sebel banget gue masa sih ini gue di rs minta ganti sprei aja nunggu se jam lebih emang bener ya kt org org pelayanan lewat bpjs tuh buruk bgt padahal bpjs juga gak gratis loh ada iuran setiap bulan yang di bayar,starmeonyou,2025-11-16 14:09:20+00:00,2025-11,tolong sebel banget saya masa saya rumah sakit minta ganti sprei saja nunggu se jam lebih emang bener kt orang orang pelayanan lewat buruk banget padahal juga tidak gratis loh ada iuran setiap bulan bayar,Negatif,5
Wed Feb 04 07:41:58 +0000 2026,pentingan mana bpjs atau mbg kalo mbg lu beracun trs bpjs lu nonaktifin gt anak2 yg keracunan berobat gimana pake daun ini urusan nyawa ya wo banyak rakyat kecil yang susah berobat karena keterbatasan biaya skrg lu mau potong2 anggaran bpjs emang berencana bunuh rakyat ya,xlytherine,2026-02-04 07:41:58+00:00,2026-02,pentingan mana atau kalau kamu beracun terus kamu nonaktifin begitu anak keracunan berobat gimana pakai daun urusan nyawa wo banyak rakyat kecil susah berobat karena keterbatasan biaya sekarang kamu mau potong anggaran emang berencana bunuh rakyat,Negatif,2
Sun Mar 22 13:27:50 +0000 2026,hyungnya cuman cengir liat aksi adeknya,barudak4sho,2026-03-22 13:27:50+00:00,2026-03,hyungnya cuman cengir liat aksi adeknya,Negatif,7
Sat Mar 14 03:05:01 +0000 2026,periksa kucing 400 ribu giliran gue sakit harus opname pakai bpjs,wishimura,2026-03-14 03:05:01+00:00,2026-03,periksa kucing ribu giliran saya sakit harus opname pakai,Negatif,6
Wed Mar 25 07:33:27 +0000 2026,sp ko sp rm sp ak sp dv masih ada jamal kasus ten dan ssj,kurniadji97,2026-03-25 07:33:27+00:00,2026-03,sp ko sp rm sp ak sp dv masih ada jamal kasus ten ssj,Negatif,3
Wed Feb 11 00:01:57 +0000 2026,ini memang tolol sih jadi kita itu walau sehat tiap harinya gak ke rumah sakit dianggap mampu makanya kadang bpjs pbi dinonaktifkan tanpa sepengetahuan makanya lagi anda walau sehat datang saja ke puskesmas pura pura pusing gak punya uang atau apalah itu harapan mereka,AlfianBahri47,2026-02-11 00:01:57+00:00,2026-02,memang tolol jadi kita walau sehat tiap harinya tidak rumah sakit dianggap mampu makanya kadang pbi dinonaktifkan tanpa sepengetahuan makanya lagi anda walau sehat datang saja puskesmas pura pura pusing tidak punya uang atau apalah harapan mereka,Negatif,5
Sun Mar 08 19:57:00 +0000 2026,war antrian rujukan pake bpjs emamg ada gila gilanya,sundaekane,2026-03-08 19:57:00+00:00,2026-03,war antrian rujukan pakai emamg ada gila gilanya,Negatif,5
Fri Dec 05 05:15:58 +0000 2025,antrian bpjs sebulan bjir,rwliable,2025-12-05 05:15:58+00:00,2025-12,antrian sebulan bjir,Negatif,6
Thu Mar 19 11:19:06 +0000 2026,kaka nya pernah bpjs kah di samarinda faskes ku lambat klo rujukan wkwk,pluviocly,2026-03-19 11:19:06+00:00,2026-03,kaka pernah kah samarinda faskes ku lambat kalau rujukan tertawa,Negatif,1
Wed Mar 25 07:04:56 +0000 2026,nah gitolu dong jangan cuman nakesnya aja yang disalahkan itu sumber penyakitnya ada di bpjs,Medic_boy,2026-03-25 07:04:56+00:00,2026-03,nah gitolu jangan cuman nakesnya saja disalahkan sumber penyakitnya ada,Negatif,1
Thu Feb 05 10:15:07 +0000 2026,plis gausah main theotown itu bukan permainan tqpi pesugihan tukar jiwa bisa bermalam malam begadang demi membangun kota yg sempurna mikirin mereka harus punya rs yg bagus sementara diri sendiri bpjs kelas 3 dan semakin main semakin tau kalo tata kota kita gaada otak,gadismengantuk,2026-02-05 10:15:07+00:00,2026-02,plis gausah main theotown bukan permainan tqpi pesugihan tukar jiwa bisa bermalam malam begadang demi membangun kota sempurna mikirin mereka harus punya rumah sakit bagus sementara diri sendiri kelas semakin main semakin tahu kalau tata kota kita gaada otak,Negatif,6
Tue Mar 17 01:32:40 +0000 2026,gak dibedain tapi kalau lu abis duit ke luar negeri balik indo pelit cuma mau bayar iuran kelas 3 atau pbi atau lu bawa mobil mentereng ke rs tapi pake bpjs kelas 3 atau pbi lagi boleh dong elo kami nyinyirin,aiigoooooooo,2026-03-17 01:32:40+00:00,2026-03,tidak dibedain tapi kalau kamu abis duit luar negeri balik indo pelit cuma mau bayar iuran kelas atau pbi atau kamu bawa mobil mentereng rumah sakit tapi pakai kelas atau pbi lagi boleh elo kami nyinyirin,Negatif,5
Thu Mar 19 01:09:02 +0000 2026,gk bisa kak kalo di perusahaan baru kakak ini udh di daftarin bpjs nya itu keterangan di kantor bpjs nya kita masih aktif bekerja soalnya aku pernah mau cairin tapi posisiku kyk yg ku jelaskan akhirnya aku pulang tangan kosong mana saldo ku lumayan pula nyesel bgt,cutiekookiev,2026-03-19 01:09:02+00:00,2026-03,tidak bisa kalau perusahaan baru kakak sudah daftarin keterangan kantor kita masih aktif bekerja soalnya aku pernah mau cairin tapi posisiku kyk ku jelaskan akhirnya aku pulang tangan kosong mana saldo ku lumayan pula nyesel banget,Negatif,5
Wed Mar 25 07:01:31 +0000 2026,ijazah belom keluar serkom belom terbit sialaaann pokoknya ini semua salah kampus yang ribetin pemberkasan babiiiiii gue mau iship mei ini awas ya yang menghambat jalan gue libas,akujimbon,2026-03-25 07:01:31+00:00,2026-03,ijazah belom keluar serkom belom terbit sialann pokoknya semua salah kampus ribetin pemberkasan babi saya mau iship mei awas menghambat jalan saya libas,Negatif,3
Tue Feb 10 01:13:20 +0000 2026,omongan pejabat tidak bisa dipatuhi sistem bpjs yang sudah berjalan jika terdeteksi tidak aktif ya pasti ditolak sistem bagaimana sih pejabat pejabat kita ini dipikir omongan mereka itu titah dewa atau bagaimana,agylardi,2026-02-10 01:13:20+00:00,2026-02,omongan pejabat tidak bisa dipatuhi sistem sudah berjalan jika terdeteksi tidak aktif pasti ditolak sistem bagaimana pejabat pejabat kita dipikir omongan mereka titah dewa atau bagaimana,Negatif,2
Sun Mar 15 01:05:10 +0000 2026,alerta andrie yunus yang sebelumnya kena penyiraman air keras masih dalam perawatan karena disebabkan oleh kejahatan maka bpjs gak menanggung pengobatannya mohon share info donasi ini sebanyak mungkin,tanyarlfes,2026-03-15 01:05:10+00:00,2026-03,alerta andrie yunus sebelumnya kena penyiraman air keras masih dalam perawatan karena disebabkan oleh kejahatan maka tidak menanggung pengobatannya mohon share info donasi sebanyak mungkin,Negatif,5
Tue Feb 10 06:56:25 +0000 2026,gila ya indo nih apa apa ribet gue ga kebayang bpjs bakal gimana gue yg umum aja lama,chaaaberry,2026-02-10 06:56:25+00:00,2026-02,gila indo nih apa apa ribet saya tidak kebayang bakal gimana saya umum saja lama,Negatif,5
Mon Feb 23 06:29:11 +0000 2026,udh lama ga pake bpjs baru tau sekarang harus daftar pake apk,ramentamagochi,2026-02-23 06:29:11+00:00,2026-02,sudah lama tidak pakai baru tahu sekarang harus daftar pakai apk,Negatif,6
Fri Feb 06 08:00:44 +0000 2026,padahal yg berhadapan langsung sama pasien itu nakes meskipun yg salah kemensos kalo bpjs lama reaktif tetep yg diamuk ya nakesnya lah kok sekarang disuruh sedekah juga serba salah banget meanwhile dalangnya nyantai dan cuma bs yapping ga make sense kaya gini,sexieest,2026-02-06 08:00:44+00:00,2026-02,padahal berhadapan langsung sama pasien nakes meskipun salah kemensos kalau lama reaktif tetep diamuk nakesnya lah sekarang disuruh sedekah juga serba salah banget meanwhile dalangnya nyantai cuma bisa yapping tidak make sense kaya gini,Negatif,5
Wed Mar 18 12:38:10 +0000 2026,anak ku juga korban dari unsur yang membuat bea siswa kjmu tak lagi lanjut karena soal minimal ipk padahal beasiswa seharusnya untuk yang ingin lanjut belajar dlm mencerdaskan bukan menjadi otak einstein entahlah,caloproperty,2026-03-18 12:38:10+00:00,2026-03,anak ku juga korban unsur membuat bea siswa kjmu tak lagi lanjut karena soal minimal ipk padahal beasiswa seharusnya untuk ingin lanjut belajar dlm mencerdaskan bukan menjadi otak einstein entahlah,Negatif,6
Wed Mar 18 14:16:26 +0000 2026,masukan utk bpjs mereka ini terlalu banyak mengeluarkan peraturan yg bikin nakes pusing coba tanya nakes blm sempat sosialisasi 1 peraturan muncul peraturan baru impactnya pasien jg bingung sdh bertahun2 bpjs berjalan masih aja ga punya peraturan baku miris,reggy120366,2026-03-18 14:16:26+00:00,2026-03,masukan untuk mereka terlalu banyak mengeluarkan peraturan membuat nakes pusing coba tanya nakes belum sempat sosialisasi peraturan muncul peraturan baru impactnya pasien juga bingung sdh bertahun berjalan masih saja tidak punya peraturan baku miris,Negatif,4
Sat Nov 01 10:47:05 +0000 2025,diawal udah keliatan lo emosi dan kecewa sama bpjs tapi malah bikin pernyataan begitu gimana orang ga nyerang lo sekarang dengan argumen lo seolah2 semua nakes gak mau kasih 100 effort ke pasien bpjs mana lagi kondisi dilapangan begitu goodluck aja kata gw,Riki90928991,2025-11-01 10:47:05+00:00,2025-11,diawal sudah keliatan kamu emosi kecewa sama tapi malah membuat pernyataan begitu gimana orang tidak nyerang kamu sekarang dengan argumen kamu seolah semua nakes tidak mau kasih effort pasien mana lagi kondisi dilapangan begitu goodluck saja kata saya,Negatif,4
Tue Mar 17 02:54:06 +0000 2026,lu tau ga bpjs tu kadang ada yg ga bisa dicairin dan kadang lama cairnya mereka juga sekolah pakai duit kali belum lagi tenaga dan waktunya keluar negeri sosoan giliran di dalam negeri mintanya gratisan mikir kocak jgn ngegampangin saudara setanah air,Imrynwsnn,2026-03-17 02:54:06+00:00,2026-03,kamu tahu tidak tu kadang ada tidak bisa dicairin kadang lama cairnya mereka juga sekolah pakai duit kali belum lagi tenaga waktunya keluar negeri sosoan giliran dalam negeri mintanya gratisan mikir kocak jangan ngegampangin saudara setanah air,Negatif,6
Wed Mar 18 13:37:50 +0000 2026,papah pusing melihat tagihan bpjs alias beasiswa papah jung sungchan,qohpisusu,2026-03-18 13:37:50+00:00,2026-03,papah pusing melihat tagihan alias beasiswa papah jung sungchan,Negatif,5
Tue Mar 24 02:15:05 +0000 2026,wal bedanya psikiater lwn psikolog apa lwn sarankan daerah bjm atau bjb yang kawa gsn berobat aku cape bnr lwn pikiranku sorang rancak kambuh,banjarbase,2026-03-24 02:15:05+00:00,2026-03,wal bedanya psikiater lwn psikolog apa lwn sarankan daerah bjm atau bjb kawa gsn berobat aku cape bnr lwn pikiranku sorang rancak kambuh,Negatif,3
Tue Mar 24 02:20:12 +0000 2026,aku udh prnh ke psikolog tp rspnnya kurang bgs aku jg udh mnta maaf sm orng2 yg aku sakitin berulang kali aku mncba brubh tp gagal apa aku hrs mengasingkan diri aja ya tp jjur aku msh pngn hidup tp ngerasa ga pntes aku pngn hidup normal aku pngn hidup tenang,tanyarlfes,2026-03-24 02:20:12+00:00,2026-03,aku sudah prnh psikolog tapi rspnnya kurang bgs aku juga sudah mnta maaf sama orng aku sakitin berulang kali aku mncba brubh tapi gagal apa aku harus mengasingkan diri saja tapi jjur aku msh pngn hidup tapi ngerasa tidak pntes aku pngn hidup normal aku pngn hidup tenang,Negatif,3
Wed Dec 31 15:04:03 +0000 2025,betul kak 3 minggu cuma karena antrian bpjs jadi dapatnya 1 bulan,psychoblack,2025-12-31 15:04:03+00:00,2025-12,betul minggu cuma karena antrian jadi dapatnya bulan,Negatif,5
Mon Nov 17 06:15:50 +0000 2025,anj nih rs citrahusada sengaja ke pendaftaran eksekutif biar cepet eh dari no antrian sebelumnya ke antrian aing 1 jam jeda nya gak di panggi2 pas nyodorin no antrian bu ko no antrian aing gak dipanggil2 dari situ langsung no antrian aing dipanggil tau gitu mah pake bpjs aj,3l_mubaraq,2025-11-17 06:15:50+00:00,2025-11,anj nih rumah sakit citrahusada sengaja pendaftaran eksekutif biar cepet eh no antrian sebelumnya antrian aing jam jeda tidak panggi pas nyodorin no antrian bu ko no antrian aing tidak dipanggil situ langsung no antrian aing dipanggil tahu begitu mah pakai aj,Negatif,6
Fri Nov 21 05:44:13 +0000 2025,kemaren ibu sakit akhirnya daftar antrian di bpjs karna mikirnya biar gak lama nunggu di aplikasi tulisannya sisa antrian 4 lagi tp pas dateng masih ada 20 org lagi sama aja nyusahin,okaeyri,2025-11-21 05:44:13+00:00,2025-11,kemaren ibu sakit akhirnya daftar antrian karna mikirnya biar tidak lama nunggu aplikasi tulisannya sisa antrian lagi tapi pas dateng masih ada orang lagi sama saja nyusahin,Negatif,5
Sun Mar 01 01:40:03 +0000 2026,punten ada yang pernah minta surut rujukan ke psikiater dari poli ga ya itu apa langsung dateng aja ke poli umum terus cerita sender berobat ke psikolog amp dirujuk ke psikiater tp sender mau lanjutin pake bpjs aja jd harus minta rujukan ulang dari faskes 1,ipb_menfess,2026-03-01 01:40:03+00:00,2026-03,punten ada pernah minta surut rujukan psikiater poli tidak apa langsung dateng saja poli umum terus cerita sender berobat psikolog  dirujuk psikiater tapi sender mau lanjutin pakai saja jadi harus minta rujukan ulang faskes,Negatif,1
Fri Mar 06 09:35:49 +0000 2026,permasalahan lain dari ini tuh banyak pasien yang udah dirujuk tapi seenaknya keluhan membaik terus gak kontrol lagi dengan segala macam alesan karena tingkat gak kontrol banyak juga makanya bpjs jadi ngebatesin bgt faskes 1,Zara_0325,2026-03-06 09:35:49+00:00,2026-03,permasalahan lain banyak pasien sudah dirujuk tapi seenaknya keluhan membaik terus tidak kontrol lagi dengan segala macam alesan karena tingkat tidak kontrol banyak juga makanya jadi ngebatesin banget faskes,Negatif,6
Sat Mar 14 06:13:48 +0000 2026,aneh sih sistem bpjs ini periksa beda faskes harus bayar padahal tiap bulan gaji dipotong bayar premi bpjs,javanecta,2026-03-14 06:13:48+00:00,2026-03,aneh sistem periksa beda faskes harus bayar padahal tiap bulan gaji dipotong bayar premi,Negatif,1
Fri Mar 06 10:11:06 +0000 2026,lucu banget dah ini klinik emg gabisa vct make bpjs atau klinik ini doang fuckkk mana udh naro faskes pertama disini lagi mau ganti nunggu 3 bulan sorry im dirt poor im still in college n i obviously cant ask my parents for money to do a vct,trakytrea,2026-03-06 10:11:06+00:00,2026-03,lucu banget sudah klinik emg gabisa vct make atau klinik doang fuck mana sudah naro faskes pertama disini lagi mau ganti nunggu bulan sorry im dirt poor im still in college n i obviously cant ask my parents for money to do a vct,Negatif,1
Wed Mar 18 14:51:53 +0000 2026,hooh kalo beli sendiri bisa ratusan ribu tuh lebih baik ke puskesmas dulu buat minta rujukan ke psikiater pake bpjs gratis tis tuh,fikimridho,2026-03-18 14:51:53+00:00,2026-03,hooh kalau beli sendiri bisa ratusan ribu lebih baik puskesmas dulu buat minta rujukan psikiater pakai gratis tis,Negatif,1
Mon Mar 16 23:14:21 +0000 2026,sudah banyak yg bilang sebenernya kasus ga sembuh setelah ke ln itu banyak tp mungkin kepalang malu yg di maksud kelas 3 nuntut macam2 tuh emang km harus ngerasain sendiri kak gimana aturan bpjs yg kadang bikin misuh2 spesialis di tambah pasein model ruwet,themengmeng_1,2026-03-16 23:14:21+00:00,2026-03,sudah banyak bilang sebenernya kasus tidak sembuh setelah ln banyak tapi mungkin kepalang malu maksud kelas nuntut macam emang kamu harus ngerasain sendiri gimana aturan kadang membuat misuh spesialis tambah pasein model ruwet,Negatif,3
Mon Mar 16 23:20:43 +0000 2026,dan biasanya kalau dah telat penanganan komplikasinya kedepannya itu lebih banyak otomatis lebih banyak butuh penanganan dan obat jg yg macem2 tp krn kelas 3 yg obatnya bahkan diatur dan dah ditetapkan sama bpjs nakes bisa apa masak mau melanggar nalangin biayanya,themengmeng_1,2026-03-16 23:20:43+00:00,2026-03,biasanya kalau sudah telat penanganan komplikasinya kedepannya lebih banyak otomatis lebih banyak butuh penanganan obat juga macem tapi karena kelas obatnya bahkan diatur sudah ditetapkan sama nakes bisa apa masak mau melanggar nalangin biayanya,Negatif,6
Mon Mar 16 23:16:21 +0000 2026,udah biasa vip yg sekamar sendiri tp bayar ratusan juta eh pas ke rs pakai bpjs kelas 3 yg aturannya ya seperti itu lah dari mereka2 yg diatas yg pastinya ga seperti jaman mereka vip yg bayar ratusan juta,themengmeng_1,2026-03-16 23:16:21+00:00,2026-03,sudah biasa vip sekamar sendiri tapi bayar ratusan juta eh pas rumah sakit pakai kelas aturannya seperti lah mereka diatas pastinya tidak seperti jaman mereka vip bayar ratusan juta,Negatif,5
Tue Mar 24 02:07:35 +0000 2026,nasihat terbaik yang pernah gue kasih ke ade sepupu gue adalah untuk stop ikut bem di semester 3 alasannya senioritas norak rapat yang ngaret dan aturan kuorum gak jelas udah nunggu lama buat peserta hadir malah dibatalin gara2 ga kuorum dan anomali lain,jambret_ikan,2026-03-24 02:07:35+00:00,2026-03,nasihat terbaik pernah saya kasih ade sepupu saya adalah untuk stop ikut bem semester alasannya senioritas norak rapat ngaret aturan kuorum tidak jelas sudah nunggu lama buat peserta hadir malah dibatalin gara tidak kuorum anomali lain,Negatif,1
Tue Mar 24 02:39:48 +0000 2026,vkf maaf maaf tadi sender salah kasih link video ini kan adek berdiri di antara kakinya abang berarti abang meluk adek dari belajang kan,vkookfss,2026-03-24 02:39:48+00:00,2026-03,vkf maaf maaf tadi sender salah kasih link video adek berdiri antara kakinya abang berarti abang meluk adek belajang,Negatif,7
Sun Mar 22 21:24:19 +0000 2026,nah jujur kek merasakan ketimpamgan yg bnr bnr timpang even sekolah kabupaten lo sekolah top 400 bjir,psychologiq,2026-03-22 21:24:19+00:00,2026-03,nah jujur seperti merasakan ketimpamgan bnr bnr timpang even sekolah kabupaten kamu sekolah top bjir,Negatif,4
Tue Mar 17 04:25:18 +0000 2026,sebenarnya dilematis jg pemeriksaan penunjang di puskesmas terbatas dirujuk dgn diagnosa yg salah bakal beresiko gagal claim atau puskesmasnya nanggung biaya karna dibalikin bpjs jg lagi nekan pengeluaran karna defisit dan ya rakyat vs rakyat sehat semua yaa,kurusuntukmakan,2026-03-17 04:25:18+00:00,2026-03,sebenarnya dilematis juga pemeriksaan penunjang puskesmas terbatas dirujuk dengan diagnosa salah bakal beresiko gagal claim atau puskesmasnya nanggung biaya karna dibalikin juga lagi nekan pengeluaran karna defisit rakyat vs rakyat sehat semua yaa,Negatif,5
Fri Jan 09 02:11:05 +0000 2026,zaman sekarang untuk jadi orang tua itu berat banyak yg harus disiapkan terutama di 4 tahun awal yg utama itu proteksi kesehatan kemarin dlm 1 hari dapat 2 pasien 1 usia 4 bulan amp 1 lahir prematur keduanya gawat napas butuh ventilator tpi sayang bpjs tidak ada tidak aktif,CorpusAlienumm,2026-01-09 02:11:05+00:00,2026-01,zaman sekarang untuk jadi orang tua berat banyak harus disiapkan terutama tahun awal utama proteksi kemarin dlm hari dapat pasien usia bulan  lahir prematur keduanya gawat napas butuh ventilator tpi sayang tidak ada tidak aktif,Negatif,5
Mon Feb 09 06:02:28 +0000 2026,bpjs masih tidak aktif karena premi padahal sudah bayar,nanas14z,2026-02-09 06:02:28+00:00,2026-02,masih tidak aktif karena premi padahal sudah bayar,Negatif,3
Tue Mar 24 02:37:22 +0000 2026,baru jg naik bb naik dikit udh sakit aja,baitgetir,2026-03-24 02:37:22+00:00,2026-03,baru juga naik bb naik dikit sudah sakit saja,Negatif,1
Sun Nov 30 12:41:03 +0000 2025,halo min kalau bpjs tidak aktif karena sudah berusia gt 25 sebelumnya anak ppu namun belum mengurus menjadi bpjs mandiri apakah harus membayar tunggakan jika merubah menjadi mandiri,halfsun06,2025-11-30 12:41:03+00:00,2025-11,kalau tidak aktif karena sudah berusia begitu sebelumnya anak ppu namun belum mengurus menjadi mandiri apakah harus membayar tunggakan jika merubah menjadi mandiri,Negatif,3
Sun Feb 01 12:11:02 +0000 2026,ini bpjsnya pbi bukan kalo pbi wajar kalo nonaktif berarti itu tandanya udah 2 3 bulan ga dipake skrg peraturannya makin ketat nder kalau pbi harus dipake terus terusan karena biar datanya ke rekam walaupun cuma demam batuk aja pun mending diperiksa ke faskes aja,mytmrsn,2026-02-01 12:11:02+00:00,2026-02,bpjsnya pbi bukan kalau pbi wajar kalau nonaktif berarti tandanya sudah bulan tidak dipake sekarang peraturannya makin ketat nder kalau pbi harus dipake terus terusan karena biar datanya rekam walaupun cuma demam batuk saja pun mending diperiksa faskes saja,Negatif,3
Tue Feb 10 08:00:26 +0000 2026,ylki somasi kemensos atas penonaktifan massal pbi bpjs kesehatan penonaktifan massal pbi bpjs kesehatan menimbulkan keresahan di tengah masyarakat ketika kepesertaan tiba tiba tidak aktif yang dipertaruhkan bukan sekadar persoalan data tetapi akses layanan kesehatan,YLKI_ID,2026-02-10 08:00:26+00:00,2026-02,ylki somasi kemensos atas penonaktifan massal pbi penonaktifan massal pbi menimbulkan keresahan tengah masyarakat ketika kepesertaan tiba tiba tidak aktif dipertaruhkan bukan sekadar persoalan data tetapi akses layanan,Negatif,3
Tue Mar 17 22:33:56 +0000 2026,sebenernya dikita juga ada program itu semenjak 2025 kemarin namanya jkp namun sayangnya jika pemberi kerja tidak membayarkan bpjs yg harusnya di bayarkan maka program jkp ini tidak bisa aktif,MenteriPekerja,2026-03-17 22:33:56+00:00,2026-03,sebenernya dikita juga ada program semenjak kemarin namanya jkp namun sayangnya jika pemberi kerja tidak membayarkan harusnya bayarkan maka program jkp tidak bisa aktif,Negatif,3
Fri Feb 06 07:22:29 +0000 2026,ga usah bikin pernyataan tanpa keterangan mekanisme reaktivasi cepatnya seperti apa jelasin gimana cara reaktivasi cepat bpjs pbi itu gimana ga usah membenturkan pasien pbi dengan pihak rs pak wajar rs menolak kalo bpjsnya non aktif kocak bgt nih mensos,satsukyhiruta,2026-02-06 07:22:29+00:00,2026-02,tidak usah membuat pernyataan tanpa keterangan mekanisme reaktivasi cepatnya seperti apa jelasin gimana cara reaktivasi cepat pbi gimana tidak usah membenturkan pasien pbi dengan pihak rumah sakit pak wajar rumah sakit menolak kalau bpjsnya non aktif kocak banget nih mensos,Negatif,5
Sat Jan 03 01:54:29 +0000 2026,dewasa itu bayar tunggakan bpjs,kekealff,2026-01-03 01:54:29+00:00,2026-01,dewasa bayar tunggakan,Negatif,1
Tue Mar 17 11:31:37 +0000 2026,gula semua sih ini kayaknya sepuluh tahu kedepan kalo ngawur kek gini bpjs tdk mengkover diabetes karena melonjaknya penderita yg diracuni sppg ngawur kek gini,sanny_suci,2026-03-17 11:31:37+00:00,2026-03,gula semua kayaknya sepuluh tahu kedepan kalau ngawur seperti gini tidak mengkover diabetes karena melonjaknya penderita diracuni sppg ngawur seperti gini,Negatif,4
Tue Mar 17 17:03:04 +0000 2026,tentu saja tidak pakai bpjs bpjs itu produk zionis sungguh terlalu rezim nganu bani got malah pamer2 aslinya bpjs itu seperti rentenir mnguras duit warga bpjs sangat culas mnipu dgn dalih demi nkri,PepepPermana,2026-03-17 17:03:04+00:00,2026-03,tentu saja tidak pakai produk zionis sungguh terlalu rezim nganu bani got malah pamer aslinya seperti rentenir mnguras duit warga sangat culas mnipu dengan dalih demi nkri,Negatif,5
Wed Mar 18 14:00:07 +0000 2026,aku mau regist kartu e sim tp gabisa bisa katanya nik tidak terdaftar padahal nik aku ada kok,memuutari,2026-03-18 14:00:07+00:00,2026-03,aku mau regist kartu e sim tapi gabisa bisa katanya nik tidak terdaftar padahal nik aku ada,Negatif,2
Sun Mar 22 18:04:54 +0000 2026,melalui program ini kan rezim punya alasan untuk menggelontorkan apbn untuk program yang katanya untuk rakyat padahal banyak program lain yang lebih butuh perhatian eg bpjs kesehatan kesejahteraan guru penanganan bencana dll karena rezim mau nabung dana pemilu selanjutnya,naecoyksaes,2026-03-22 18:04:54+00:00,2026-03,melalui program rezim punya alasan untuk menggelontorkan apbn untuk program katanya untuk rakyat padahal banyak program lain lebih butuh perhatian eg kesejahteraan guru penanganan bencana dll karena rezim mau nabung dana pemilu selanjutnya,Negatif,2
Wed Mar 18 10:37:27 +0000 2026,dari slip gaji karyawan membayar pajak dengan tarif ter dari gaji pokok rp 10 juta tunjangan jkk jkm dan bpjs kesehatan rp 454 000 tunjangan jht rp 270 000 dan jp rp 200 000 dikeluarkan dalam perhitungan pajak ter padahal ini juga penghasilan yang diterima karyawan,Rudiyanto_zh,2026-03-18 10:37:27+00:00,2026-03,slip gaji karyawan membayar pajak dengan tarif ter gaji pokok rupiah juta tunjangan jkk jkm rupiah tunjangan jht rupiah jp rupiah dikeluarkan dalam perhitungan pajak ter padahal juga penghasilan diterima karyawan,Negatif,2
Sat Mar 21 10:18:31 +0000 2026,ya harusnya g segitu ngeri sakit jantung sama gagal ginjal khawatir bpjs kesehatan kehabisa biaya bisa insyaallah jadi proporsional lagi,suweweng,2026-03-21 10:18:31+00:00,2026-03,harusnya g segitu ngeri sakit jantung sama gagal ginjal khawatir kehabisa biaya bisa insyaallah jadi proporsional lagi,Negatif,5
Tue Mar 17 16:53:15 +0000 2026,setuju aku pernah nungguin temenku di igd terus ada orang luka luka datang ke igd entah apa yang terjadi tapi aku denger dokter jaga saranin ke orang tsb untuk minta rujukan klinik bpjs daripada bayar mahal uang konsul ke dokter,nami_singkat,2026-03-17 16:53:15+00:00,2026-03,setuju aku pernah nungguin temenku igd terus ada orang luka luka datang igd entah apa terjadi tapi aku denger dokter jaga saranin orang tsb untuk minta rujukan klinik daripada bayar mahal uang konsul dokter,Negatif,5
Wed Mar 18 04:01:00 +0000 2026,akhirnya gw tetep operasi dengan biaya ditanggung oleh private insurance sebanyak 50 bpjs kntllah bertahun tahun gw bayar bpjs sekalinya mau gunain malah gak mau cover,undrcvr_agent__,2026-03-18 04:01:00+00:00,2026-03,akhirnya saya tetep operasi dengan biaya ditanggung oleh private insurance sebanyak kntllah bertahun tahun saya bayar sekalinya mau gunain malah tidak mau cover,Negatif,5
Mon Mar 16 03:53:05 +0000 2026,eh ini kerjaan yg harusnya jdi kerjaan lo pada jgn dilimpahin ke nakes dong enak amat gaji lo 2 digit tpi kerjanya cuman haha hihi korupsi doang lama lama gue jadiin case series jg ini semua pegawai bpjs yg gue liat,homelesskittyy,2026-03-16 03:53:05+00:00,2026-03,eh kerjaan harusnya jdi kerjaan kamu pada jangan dilimpahin nakes enak amat gaji kamu digit tpi kerjanya cuman haha hihi korupsi doang lama lama saya jadiin case series juga semua pegawai saya liat,Negatif,3
Mon Mar 16 23:50:22 +0000 2026,ya lu kalo mau cepet perginya ke rs swasta dong kalo pake bpjs mah ampe ratusan perhari gimana mau cepet satset sesuai keinginan situ ini negara juga guede bgt dibanding malay atau singapura dan mayoritas kita jauh lebih miskin kalo rata2 pake bpjs ya lama lha ngaco,Imrynwsnn,2026-03-16 23:50:22+00:00,2026-03,kamu kalau mau cepet perginya rumah sakit swasta kalau pakai mah ampe ratusan perhari gimana mau cepet satset sesuai keinginan situ negara juga guede banget dibanding malay atau singapura mayoritas kita jauh lebih miskin kalau rata pakai lama lha ngaco,Negatif,5
Sun Mar 15 02:06:25 +0000 2026,kondisi paru akibat tbc yg tidak tertangani berujung pd kerusakan struktur paru yg harus memakai ventilator di icu untuk melepasnya sangat susah dan butuh perawatan lama kalo pun km ga kena iuran bpjs km jg yg buat ngebayarin pasien2 yg terdampak akibat disinformasi kesehatan,aan__,2026-03-15 02:06:25+00:00,2026-03,kondisi paru akibat tbc tidak tertangani berujung pd kerusakan struktur paru harus memakai ventilator icu untuk melepasnya sangat susah butuh perawatan lama kalau pun kamu tidak kena iuran kamu juga buat ngebayarin pasien terdampak akibat disinformasi,Negatif,7
Thu Mar 12 01:29:53 +0000 2026,udah jadi pasien bpjs kursi buat duduk itu harus diprioritasin buat orang sakit ini nenek aku kesakitan kakinya gabisa lama lama berdiri loh sebagai orang sehat gausah egois ke orang sakit lo sehat lo harusnya tau diri,unitystuff,2026-03-12 01:29:53+00:00,2026-03,sudah jadi pasien kursi buat duduk harus diprioritasin buat orang sakit nenek aku kesakitan kakinya gabisa lama lama berdiri loh sebagai orang sehat gausah egois orang sakit kamu sehat kamu harusnya tahu diri,Negatif,5
Wed Feb 11 12:52:26 +0000 2026,gais tau ga ternyata bpjs babehku ga bisa diurus yg versi cepat ga taulah ga paham kenapa terus akhirnya ya udah proses aktivasinya lewat yg lama itu asal kalian tahu ternyata reaktivasi bpjs ada nembaknya juga wkwwk,ayangshiqi,2026-02-11 12:52:26+00:00,2026-02,gais tahu tidak ternyata babehku tidak bisa diurus versi cepat tidak taulah tidak paham kenapa terus akhirnya sudah proses aktivasinya lewat lama asal kalian tahu ternyata reaktivasi ada nembaknya juga wkwwk,Negatif,5
Sun Jan 25 06:59:40 +0000 2026,kejadian realnya kecelakaan terus ribet ngurus jasa raharja harus ke kantor polisi dulu ketemy dua belah pihak belum lg kalo ada pungli padahal posisinya patah tulang ngurus bpjs nunggu kamar available bpjs dst dst apa kalo bukan politik,meowpawz,2026-01-25 06:59:40+00:00,2026-01,kejadian realnya kecelakaan terus ribet ngurus jasa raharja harus kantor polisi dulu ketemy dua belah pihak belum lagi kalau ada pungli padahal posisinya patah tulang ngurus nunggu kamar available dst dst apa kalau bukan politik,Negatif,4
Tue Mar 17 11:20:09 +0000 2026,rek pengemis nangis bukan karena cowonya nangis karena aku malu pernah bela belain depan ortu pernah banggain depan banyak orang dibalik layar aku cuma jadi pengemis,sbyfess,2026-03-17 11:20:09+00:00,2026-03,rek pengemis nangis bukan karena cowonya nangis karena aku malu pernah bela belain depan ortu pernah banggain depan banyak orang dibalik layar aku cuma jadi pengemis,Negatif,1
Tue Mar 24 02:06:18 +0000 2026,lah ini bertolak belakang banget sama opini bkk fans,kyungjass,2026-03-24 02:06:18+00:00,2026-03,lah bertolak belakang banget sama opini bkk fans,Negatif,1
Tue Mar 24 02:31:19 +0000 2026,keinget pulkam 2019 bekasi klaten 12 jam pas balik ke kebumen dulu dari kebumen bekasi 19jammm sakitt,softcheekyy_,2026-03-24 02:31:19+00:00,2026-03,keinget pulkam bekasi klaten jam pas balik kebumen dulu kebumen bekasi jam sakitt,Negatif,3
Tue Mar 24 02:34:10 +0000 2026,jadi selama di rumah kemaren mau cuci piring ga boleh mau beberes ga boleh alhasil cuma ngerjain hal kecil kayak motong kue sama lap2 debu orang tua bilang ayuk udah ngurus hidupnya sendiri di jkt ngapain pulang masih ngurus urusan rumah,devisharaa,2026-03-24 02:34:10+00:00,2026-03,jadi selama rumah kemaren mau cuci piring tidak boleh mau beberes tidak boleh alhasil cuma ngerjain hal kecil kayak motong kue sama lap debu orang tua bilang ayuk sudah ngurus hidupnya sendiri jkt ngapain pulang masih ngurus urusan rumah,Negatif,2
Wed Jan 28 12:01:29 +0000 2026,bpjs emg selama itu kah keluarga aku baru coba pakai buat nenek aku kakinya patah terus diharuskan operasi pasang pen dari november bolak balik rs selalu bilang operasinya bulan depan tanggal sekian akhirnya tadi ke rs lagi katanya operasinya bulan aprilcape bgttt,citrapranajaya,2026-01-28 12:01:29+00:00,2026-01,emg selama kah keluarga aku baru coba pakai buat nenek aku kakinya patah terus diharuskan operasi pasang pen november bolak balik rumah sakit selalu bilang operasinya bulan depan tanggal sekian akhirnya tadi rumah sakit lagi katanya operasinya bulan aprilcape banget,Negatif,5
Tue Mar 24 02:17:11 +0000 2026,tapi bangun kopdes segitu banyak yang gak pernah ada orang beli disitu maksain bikin embege yang mayoritas orang gak suka tetep ngasih tunjangan dpr amp menteri berlimpah efisiensi darimana,cupang_fish,2026-03-24 02:17:11+00:00,2026-03,tapi bangun kopdes segitu banyak tidak pernah ada orang beli disitu maksain membuat embege mayoritas orang tidak suka tetep kasih tunjangan dpr  menteri berlimpah efisiensi darimana,Negatif,2
Sat Nov 01 08:17:54 +0000 2025,kalo marah kecewa karna underpaid mungkin marah nya bisa ke bpjs atau pemerintah kak bukan malah dilampiaskan ke pasien pasien bpjs mau yg gratis atau bayar itu juga berhak mendapat pelayan yg terbaik dari nakes dan rs,baedayparty,2025-11-01 08:17:54+00:00,2025-11,kalau marah kecewa karna underpaid mungkin marah bisa atau pemerintah bukan malah dilampiaskan pasien pasien mau gratis atau bayar juga berhak mendapat pelayan terbaik nakes rumah sakit,Negatif,5
Tue Mar 24 02:05:20 +0000 2026,ini template bukan kak rata2 org marah krn pemotongan anggaran tsb scr tdk langsung bikin layanan perpus digitalnya ipusnas macet dr awal taun smp skrg ga bs digunakan pinjem buku gtu deh cukup mengganggu warga yg hobi baca buku gratis yg kmrn bs bc inu itu jd ga ad akses,roccoracoo73886,2026-03-24 02:05:20+00:00,2026-03,template bukan rata orang marah karena pemotongan anggaran tsb scr tidak langsung membuat layanan perpus digitalnya ipusnas macet awal taun smp sekarang tidak bisa digunakan pinjem buku gtu cukup mengganggu warga hobi baca buku gratis kmrn bisa bc inu jadi tidak ad akses,Negatif,4
Sat Mar 14 05:55:21 +0000 2026,friendly reminder failed suicide attempt itu hospital billsnya ga dicover bpjs gw boncos pls jgn ingatkan aku dgn konser mitski n laufey,"1,99E+18",2026-03-14 05:55:21+00:00,2026-03,friendly reminder failed suicide attempt hospital billsnya tidak dicover saya boncos pls jangan ingatkan aku dengan konser mitski n laufey,Negatif,1
Mon Mar 16 06:06:00 +0000 2026,inget ini cara untuk dapet hak pekerja dicatet biar gak lupa uang kompensasi ga dikasih tripartit phk sepihak tanpa alasan jelas tripartit lembur ga dibayar tripartit jam kerja berlebih tripartit kerja tanpa kontrak tripartit ga dapet bpjs tripartit,"1,72E+18",2026-03-16 06:06:00+00:00,2026-03,inget cara untuk dapet hak pekerja dicatet biar tidak lupa uang kompensasi tidak dikasih tripartit phk sepihak tanpa alasan jelas tripartit lembur tidak dibayar tripartit jam kerja berlebih tripartit kerja tanpa kontrak tripartit tidak dapet tripartit,Negatif,4
Sun Mar 15 04:26:49 +0000 2026,ini ya hal paling tolol dari bpjs kalau kejahatan gbs ditanggung itu gimana konsepnya udah berapa kali nemu korban kena panah nyasar kena bacok ribet mau operasi di igd soalnya ga tau siapa yang harus nanggung padahal mah kita tim bedahnya gas2 aja,87637470,2026-03-15 04:26:49+00:00,2026-03,hal paling tolol kalau kejahatan gbs ditanggung gimana konsepnya sudah berapa kali nemu korban kena panah nyasar kena bacok ribet mau operasi igd soalnya tidak tahu siapa harus nanggung padahal mah kita tim bedahnya gas saja,Negatif,6
Mon Mar 16 03:00:38 +0000 2026,gausah teken dokter dan nakes guys percayalah mereka sama keselnya sama bpjs dan banyakkkk banget nakes yang berusaha bantuin supaya kasus pasien bisa diterima sama bpjs walau terancam nanti ngga bisa diklaim kalau bantunya nggak rapi emang sistem dari sananya yang,"9,40E+17",2026-03-16 03:00:38+00:00,2026-03,gausah teken dokter nakes guys percayalah mereka sama keselnya sama banyak banget nakes berusaha bantuin supaya kasus pasien bisa diterima sama walau terancam nanti ngga bisa diklaim kalau bantunya tidak rapi emang sistem sananya,Negatif,4
Mon Mar 16 06:53:58 +0000 2026,bpjs kelas 3 itu jatahnya cuma 1 kalau lebih dari 1 maka rumah sakit yang rugi tapi dalam kondisi tertentu mau tidak mau harus pasang lebih dari 1 stent demi penyelamatankayak gini aja kami masih dicap negatif kok,"1,15E+18",2026-03-16 06:53:58+00:00,2026-03,kelas jatahnya cuma kalau lebih maka rumah sakit rugi tapi dalam kondisi tertentu mau tidak mau harus pasang lebih stent demi penyelamatankayak gini saja kami masih dicap negatif,Negatif,5
Sun Mar 15 11:34:25 +0000 2026,kalau ada keinginan yg mendesak untuk bunuh diri boleh langsung ke igd rs rsj terdekat untuk minta pertolongan penanganan ditanggung bpjs dg catatan mau dirawat inap perhatian sayangnya ga semua nakes paham dg kondisi pasien dg keluhan suicidal ga sedikit yg judgmental,"1,09E+18",2026-03-15 11:34:25+00:00,2026-03,kalau ada keinginan mendesak untuk bunuh diri boleh langsung igd rumah sakit rsj terdekat untuk minta pertolongan penanganan ditanggung dg catatan mau dirawat inap perhatian sayangnya tidak semua nakes paham dg kondisi pasien dg keluhan suicidal tidak sedikit judgmental,Negatif,5
Wed Jan 07 10:47:03 +0000 2026,wkwkw akal2an hrd inimah alias phk sepihak trs gamau ribet klo ga perpanjang kontrak tuh bpjs kesehatan masih aktif dengan jaminan sampai 6 bulan tp nnti dr hrd hrs lampirin surat selesai kontrak pkwtnya dll tp klo karyawannya sendiri yg resign biasanya bpjs lgsg nonaktif,897438632,2026-01-07 10:47:03+00:00,2026-01,wkwkw akalan hrd inimah alias phk sepihak terus gamau ribet kalau tidak perpanjang kontrak masih aktif dengan jaminan sampai bulan tapi nnti hrd harus lampirin surat selesai kontrak pkwtnya dll tapi kalau karyawannya sendiri resign biasanya lgsg nonaktif,Negatif,3
Tue Mar 17 20:03:48 +0000 2026,setelah 2x pembaruan bpjs di awal september amp awal november 2025 banyak bgt yg harusnya bisa di claim jd dipangkas semua termasuk keperluan buat mri,"1,31E+18",2026-03-17 20:03:48+00:00,2026-03,setelah x pembaruan awal september  awal november banyak banget harusnya bisa claim jadi dipangkas semua termasuk keperluan buat mri,Negatif,5
Mon Mar 23 14:29:10 +0000 2026,kenapa beliau gak ada capeknya,"1,33E+18",2026-03-23 14:29:10+00:00,2026-03,kenapa beliau tidak ada capeknya,Negatif,7
Sat Oct 11 11:17:17 +0000 2025,gue 2 th rajin iuran bln terakhir agustus lom bayar awal septembr periksa ke klinik pk bpjs ditolak krn ada tunggakan udah gitu angs naik lagi dr 35 ke 70 kali 5 anggota keluarga rasanya campur aduk kesel kecewa marah dr pd uang utk iuran 350 mending utk byr mandiri 80rb,"1,77E+18",2025-10-11 11:17:17+00:00,2025-10,saya tahun rajin iuran bln terakhir agustus lom bayar awal septembr periksa klinik pk ditolak karena ada tunggakan sudah begitu angs naik lagi kali anggota keluarga rasanya campur aduk kesel kecewa marah pd uang untuk iuran mending untuk byr mandiri ribu,Negatif,1
Thu Oct 23 00:12:15 +0000 2025,hey bpjs kenapa tiba2 saya dapat tagihan 6 anggota keluarga sedangkan tangungan saya di kartu keluarga cuma bertiga saya istri dan 1 anak terus anggota keluarga siapa yang anda ikutkan di kk saya betulin datamu hari ini agar saya tidak kecewa,129161469,2025-10-23 00:12:15+00:00,2025-10,hey kenapa tiba saya dapat tagihan anggota keluarga sedangkan tangungan saya kartu keluarga cuma bertiga saya istri anak terus anggota keluarga siapa anda ikutkan kk saya betulin datamu hari agar saya tidak kecewa,Negatif,1
Tue Mar 24 01:39:51 +0000 2026,pas kita lagi bahas masa itu gue bilang ke dia pas waktu itu gue sedih banget tau eh dia tiba tiba nangis terus gue ikutan nangis terus dia bilang katanya ke diri sendiri kalo dia mau nebus rasa bersalah itu seumur hidup dia,1943051394,2026-03-24 01:39:51+00:00,2026-03,pas kita lagi bahas masa saya bilang dia pas waktu saya sedih banget tahu eh dia tiba tiba nangis terus saya ikutan nangis terus dia bilang katanya diri sendiri kalau dia mau nebus rasa bersalah seumur hidup dia,Negatif,1
Sat Oct 11 11:21:33 +0000 2025,itu aku alami bro dua th rajin iuran agustus kmr lom bayar awal septembr periksa ke klinik pk bpjs ditolak krn ada tunggakan udah gitu angs naik lagi dr 35 ke 70 kali 5 anggota rasanya campur aduk kesel kecewa marah dr pd uang utk iuran 350 mending utk byr mandiri 80rb,"1,77E+18",2025-10-11 11:21:33+00:00,2025-10,aku alami bro dua tahun rajin iuran agustus kmr lom bayar awal septembr periksa klinik pk ditolak karena ada tunggakan sudah begitu angs naik lagi kali anggota rasanya campur aduk kesel kecewa marah pd uang untuk iuran mending untuk byr mandiri ribu,Negatif,1
Sun Nov 02 21:04:07 +0000 2025,emang tolol semua itu tp knp mention ke saya saya kecewa ada dokter seterbuka itu membedakan effort kepada pasien bpjs ga boleh kritik atau kecewa dgn itu,101165062,2025-11-02 21:04:07+00:00,2025-11,emang tolol semua tapi kenapa mention saya saya kecewa ada dokter seterbuka membedakan effort kepada pasien tidak boleh kritik atau kecewa dengan,Negatif,1
Fri Feb 06 16:03:01 +0000 2026,jahat bgt yaa ga bisa bayangin orang2 yg butuh berobat bener2 yg ga punya uang ngandelin bpjs buat berobat dan harus kecewa dan nahan sakit zhalim kalian tuh peme,"1,50E+18",2026-02-06 16:03:01+00:00,2026-02,jahat banget yaa tidak bisa bayangin orang butuh berobat bener tidak punya uang ngandelin buat berobat harus kecewa nahan sakit zhalim kalian peme,Negatif,1
Sun Nov 02 04:07:43 +0000 2025,100 nya bpjs standar bpjs itu ga setara 100 nya dia kenapa karena ketika dia mau 100 banyak rintangan birokratis akhirnya dia kecewa krn ga bisa apa2 sgt terbatas itu hal wajar sih menurut gue mau ngelakuin yg terbaik tp selalu kebentur sana sini ujung2nya pasti cape,"1,90E+18",2025-11-02 04:07:43+00:00,2025-11,standar tidak setara dia kenapa karena ketika dia mau banyak rintangan birokratis akhirnya dia kecewa karena tidak bisa apa sgt terbatas hal wajar menurut saya mau ngelakuin terbaik tapi selalu kebentur sana sini ujungnya pasti cape,Negatif,1
Sat Nov 01 11:04:50 +0000 2025,pernah nungguin antrian di rumah sakit rujukan dr pagi baru dipanggil sore cuman buat dikasih tau katanya tindakan ga dicover bpjs telepon ke cs bpjs katanya harusnya dicover dan dapat tindakan gatau mana yg bener deh ah udah capek dan gamau memperpanjang tp kecewa bgt,"1,61E+18",2025-11-01 11:04:50+00:00,2025-11,pernah nungguin antrian rumah sakit rujukan pagi baru dipanggil sore cuman buat dikasih tahu katanya tindakan tidak dicover telepon cs katanya harusnya dicover dapat tindakan gatau mana bener ah sudah capek gamau memperpanjang tapi kecewa banget,Negatif,5
Thu Dec 11 12:01:36 +0000 2025,pernah nggak sih kalian rutin tiap bulan bayar bpjs terus tbtb dapat wa sprt ini bilang kalau belum bayar dan nunggak dan itu terjadi tiap tahun konsumen berhak gasih kecewa dgn pelayanan,"1,28E+18",2025-12-11 12:01:36+00:00,2025-12,pernah tidak kalian rutin tiap bulan bayar terus tbtb dapat wa sprt bilang kalau belum bayar nunggak terjadi tiap tahun konsumen berhak gasih kecewa dengan pelayanan,Negatif,1
Tue Mar 24 01:39:18 +0000 2026,misal dpt minimal 6 per tahun udah nett tuh udah better drpd deposito yg currently under 5 msh minus pajak 20 obligasi ritel aka sbn yg currently under 6 msh minus pajak 10 pinter2 cari produknya aja minimal bgt 6 pa,716160799,2026-03-24 01:39:18+00:00,2026-03,misal dapat minimal per tahun sudah nett sudah better drpd deposito currently under msh minus pajak obligasi ritel aka sbn currently under msh minus pajak pinter cari produknya saja minimal banget pa,Negatif,2
Thu Feb 05 03:32:50 +0000 2026,pbm ijin izin resiko risiko praktek praktik sekedar sekadar analisa analisis,"1,21E+18",2026-02-05 03:32:50+00:00,2026-02,pbm ijin izin resiko risiko praktek praktik sekedar sekadar analisa analisis,Negatif,2
Mon Feb 02 16:08:59 +0000 2026,anjirr ngurus bpjs ribet bett dahh,"1,33E+18",2026-02-02 16:08:59+00:00,2026-02,anjirr ngurus ribet bett dahh,Negatif,6
Fri Dec 26 21:30:30 +0000 2025,baru ngeh duit darurat sisa nya dikit banget gara2 bayar dokter kemarin efek ga ngurusin bpjs jadi ribet ama duit,1493328816,2025-12-26 21:30:30+00:00,2025-12,baru ngeh duit darurat sisa dikit banget gara bayar dokter kemarin efek tidak ngurusin jadi ribet ama duit,Negatif,1
Sat Feb 21 08:04:43 +0000 2026,pertama umr jomplang padahal masih satu pulau suka dikasih lembur diluar jobdesk ga angkat telp boss sp1 telat dipotong gaji bos yang ga punya keterampilan leader anak buah malas karena judol bpjs ribet birokrasi di konoha banyak anak banyak rejeki nikah umur 25 kaya raya usia,"1,81E+18",2026-02-21 08:04:43+00:00,2026-02,pertama umr jomplang padahal masih satu pulau suka dikasih lembur diluar jobdesk tidak angkat telp boss sp telat dipotong gaji bos tidak punya keterampilan leader anak buah malas karena judol ribet birokrasi konoha banyak anak banyak rejeki nikah umur kaya raya usia,Negatif,2
Sat Jan 10 03:12:59 +0000 2026,mau buat kacamata pake bpjs tapi ribet ngurusnya,357218033,2026-01-10 03:12:59+00:00,2026-01,mau buat kacamata pakai tapi ribet ngurusnya,Negatif,6
Tue Mar 17 07:17:23 +0000 2026,seumur hidup baru kali ini ke antrian bpjs naker paling sabar yang antri belum liat ada yang ngomel2,15642512,2026-03-17 07:17:23+00:00,2026-03,seumur hidup baru kali antrian naker paling sabar antri belum liat ada ngomel,Negatif,1
Thu Dec 18 06:24:07 +0000 2025,mau ngatain parcok di grup angkatan tapi parcok kok nyalip antrian bpjs,56357597,2025-12-18 06:24:07+00:00,2025-12,mau ngatain parcok grup angkatan tapi parcok nyalip antrian,Negatif,5
Wed Oct 15 01:49:01 +0000 2025,war antrian bpjs online kyk war tiket konser idol giluyyy padahal ini buat jadwal besok,"1,19E+18",2025-10-15 01:49:01+00:00,2025-10,war antrian online kyk war tiket konser idol giluy padahal buat jadwal besok,Negatif,7
Mon Feb 23 18:03:23 +0000 2026,entah sih kmrn aku yg salah apa emg sistemnya berubah akhir tahun lalu bawa ibu ke igd rsud tengah malam soalnya udah kondisi lemas sampek disana masuk kategori gk darurat jd nya butuh rujukan faskes 1kalo mau pake bpjs tengah malam mana ada faskes 1 yg buka akhirnya mandiri,1049921713,2026-02-23 18:03:23+00:00,2026-02,entah kmrn aku salah apa emg sistemnya berubah akhir tahun lalu bawa ibu igd rsud tengah malam soalnya sudah kondisi lemas sampek disana masuk kategori tidak darurat jadi butuh rujukan faskes kalau mau pakai tengah malam mana ada faskes buka akhirnya mandiri,Negatif,5
Sat Mar 21 22:18:56 +0000 2026,kemaren ngobrol sama sepupu gue yg iship terus dy blng pasien di rs dy bnyak bnht yg udah abis uangnya berobat di rs terus alhirnya balik ke rs dy dengan kondisi takde uang lagi jadi pake bpjs terus di luar jga ga sembuh akhirnya balik pake bpjs indo,487344831,2026-03-21 22:18:56+00:00,2026-03,kemaren ngobrol sama sepupu saya iship terus dy blng pasien rumah sakit dy bnyak bnht sudah abis uangnya berobat rumah sakit terus alhirnya balik rumah sakit dy dengan kondisi takde uang lagi jadi pakai terus luar jga tidak sembuh akhirnya balik pakai indo,Negatif,5
Wed Feb 04 13:20:56 +0000 2026,dana mbg bisa dialihin ke bpjs aja gak sih anakku disekolah kadang juga gak makan mbg nya karena kadang sering terlalu pedas kadang masih ada yang mentah jadi tiap hari dia malah bawa bekal tambahan mending dananya buat bpjs aja karena sekarang dapat rujukan bpjs susah banget,65037230,2026-02-04 13:20:56+00:00,2026-02,dana bisa dialihin saja tidak anakku disekolah kadang juga tidak makan karena kadang sering terlalu pedas kadang masih ada mentah jadi tiap hari dia malah bawa bekal tambahan mending dananya buat saja karena sekarang dapat rujukan susah banget,Negatif,1
Tue Mar 17 10:05:34 +0000 2026,klu pakai bpjs ga sesimple ini ke rs daftar tunggu daftar tunggu lamaaaaa eh tau2 dokternya ga ada ujung2 nya masuk igd diantar keluarga karna kelamaan,"1,67E+18",2026-03-17 10:05:34+00:00,2026-03,klu pakai tidak sesimple rumah sakit daftar tunggu daftar tunggu lama eh tahu dokternya tidak ada ujung masuk igd diantar keluarga karna kelamaan,Negatif,2
Wed Jan 28 12:05:57 +0000 2026,jadi inget dulu bgt selalu sakit maag tiap bulan ada aja berobatnya ke faskes 1 trus gw ngide mau ke psikiater aja krn otak dan lambung kan 1 kesatuan dinyinyir sm dokter umumnya eh skg malah terdiagnosa bipolar skizo di surat rujukan bpjs wkwk,"1,09E+18",2026-01-28 12:05:57+00:00,2026-01,jadi inget dulu banget selalu sakit maag tiap bulan ada saja berobatnya faskes trus saya ngide mau psikiater saja karena otak lambung kesatuan dinyinyir sama dokter umumnya eh skg malah terdiagnosa bipolar skizo surat rujukan tertawa,Negatif,5
Thu Mar 05 03:26:54 +0000 2026,ngurusin nyokap dan bokap udah 8 tahun gebrakan bpjs itu random bener dah khususnya di rujukan,42300946,2026-03-05 03:26:54+00:00,2026-03,ngurusin nyokap bokap sudah tahun gebrakan random bener sudah khususnya rujukan,Negatif,7
Tue Mar 10 02:00:47 +0000 2026,gresiksatu banyak peserta bpjs kesehatan panik ketika kartu mereka tidak bisa digunakan saat berobat status bpjs non aktif karena premi artinya layanan kesehatan dihentikan sementara akibat tunggakan iuran bulanan status non aktif terjadi karena,"1,48E+18",2026-03-10 02:00:47+00:00,2026-03,gresiksatu banyak peserta panik ketika kartu mereka tidak bisa digunakan saat berobat status non aktif karena premi artinya layanan dihentikan sementara akibat tunggakan iuran bulanan status non aktif terjadi karena,Negatif,3
Sat Feb 21 13:55:02 +0000 2026,perokok aktif yg setiap hari menghabiskan minimal 1 bungkus rokok sebaiknya tidak dimasukkan sebagai peserta pbi misal 1 bungkus 33 000 30 hari 990 000 bpjs kesehatan kelas 3 35 000 misal 1 keluarga ada 6 orang 210 000 kalau dianggap layak jadi pbi anggota keluarga,"1,33E+18",2026-02-21 13:55:02+00:00,2026-02,perokok aktif setiap hari menghabiskan minimal bungkus rokok sebaiknya tidak dimasukkan sebagai peserta pbi misal bungkus hari kelas misal keluarga ada orang kalau dianggap layak jadi pbi anggota keluarga,Negatif,3
Tue Mar 24 01:16:55 +0000 2026,kpr melambat di awal 2026 kredit bermasalah terus meningkat,59436274,2026-03-24 01:16:55+00:00,2026-03,kpr melambat awal kredit bermasalah terus meningkat,Negatif,5
Wed Oct 08 05:02:03 +0000 2025,hooh bang tapi untuk yg habisnya cepet cape jg klo harus sering2 antre bpjs soalnya pernah langganan diresepin sombicort tp malas antre belum kalo surat rujukan abis hrus ke faskes 1,98034091,2025-10-08 05:02:03+00:00,2025-10,hooh bang tapi untuk habisnya cepet cape juga kalau harus sering antre soalnya pernah langganan diresepin sombicort tapi malas antre belum kalau surat rujukan abis hrus faskes,Negatif,1
Mon Nov 17 08:49:19 +0000 2025,td tuh mau antre ke bpjs langsung ke kantor cabang itu rame banget katanya antreannya mati alias offline jd diarahin pake aplikasi pas udh bisa panjang banget antreannya busett,"1,08E+18",2025-11-17 08:49:19+00:00,2025-11,td mau antre langsung kantor cabang rame banget katanya antreannya mati alias offline jadi diarahin pakai aplikasi pas sudah bisa panjang banget antreannya busett,Negatif,7
Tue Nov 25 01:40:45 +0000 2025,kaya antre cabut gigi impaksi pake bpjs,"1,36E+18",2025-11-25 01:40:45+00:00,2025-11,kaya antre cabut gigi impaksi pakai,Negatif,6
Thu Oct 16 05:49:08 +0000 2025,aku juga dengerin keluh kesah ibu yg pas antre poli bedah bareng aku gimana banyaknya peraturan gak bisa kontrol sesukannya meskipun dia kesakitan harus nunggu 3 minggu dll tp aku sukanya rs ini sama ramah mau umum atau bpjs jadi rasanya ya sama cuma beda fasilitas aja,849409296,2025-10-16 05:49:08+00:00,2025-10,aku juga dengerin keluh kesah ibu pas antre poli bedah bareng aku gimana banyaknya peraturan tidak bisa kontrol sesukannya meskipun dia kesakitan harus nunggu minggu dll tapi aku sukanya rumah sakit sama ramah mau umum atau jadi rasanya sama cuma beda fasilitas saja,Negatif,6
Wed Dec 31 01:24:37 +0000 2025,yg sabar yaa nder heran deh sama yg judes sm pasien bpjs padahal kalo pembayaran terkendala kan bukan salah pasien kita sbg pengguna pun tetep bayar iuran btw iya pasien bedah mulut bpjs itu banyak bgt dulu aku antre cabut gigi bungsu 3 bulan,"1,20E+18",2025-12-31 01:24:37+00:00,2025-12,sabar yaa nder heran sama judes sama pasien padahal kalau pembayaran terkendala bukan salah pasien kita sbg pengguna pun tetep bayar iuran btw iya pasien bedah mulut banyak banget dulu aku antre cabut gigi bungsu bulan,Negatif,1
Tue Mar 10 04:52:00 +0000 2026,surat rujukan masih berlaku sampai mei kok gak bisa daftar online untuk bulan april padahal masih lama loh bayar bpjs juga rutin,85941146,2026-03-10 04:52:00+00:00,2026-03,surat rujukan masih berlaku sampai mei tidak bisa daftar online untuk bulan april padahal masih lama loh bayar juga rutin,Negatif,5
Mon Feb 23 13:52:35 +0000 2026,naik mulu tp pelayanan buat pasien yang pake bpjs lama minta ampun,"1,83E+18",2026-02-23 13:52:35+00:00,2026-02,naik mulu tapi pelayanan buat pasien pakai lama minta ampun,Negatif,1
Mon Feb 09 14:18:44 +0000 2026,hasil kerja tukang ledeng yg mampet bisa ngalir lagi ini pasien primary bpjs kelas 3siapa bilang dokter di indo tidak sigapini di luar jam kerja kita tetap datang ke rs tidak butuh lama langsung kita kerjakanlambat dikit lewat ini pasienini nyata dan bukan drama,"1,15E+18",2026-02-09 14:18:44+00:00,2026-02,hasil kerja tukang ledeng mampet bisa ngalir lagi pasien primary kelas siapa bilang dokter indo tidak sigapini luar jam kerja kita tetap datang rumah sakit tidak butuh lama langsung kita kerjakanlambat dikit lewat pasienini nyata bukan drama,Negatif,5
Tue Jan 20 10:13:58 +0000 2026,estimasi jam 3 harusnya udah ketemu dokter jam 3 tai kucing udah jam segini gue sama sekali blm ketemu dokter kenapa si pelayanan bpjs begini bgt,158971778,2026-01-20 10:13:58+00:00,2026-01,estimasi jam harusnya sudah ketemu dokter jam tai kucing sudah jam segini saya sama sekali belum ketemu dokter kenapa si pelayanan begini banget,Negatif,6
Tue Mar 24 01:30:46 +0000 2026,mending udah ikut kita jalan ya baru bangun kaabesok aku ikut udah rencana mau ikut kok besok mau gaya aja idih enak aja ini udah lama ga jogging besok ikut iya elah baweeeel terus gue da dah da dah sama rombongan wkwkwk,1282031244,2026-03-24 01:30:46+00:00,2026-03,mending sudah ikut kita jalan baru bangun kaabesok aku ikut sudah rencana mau ikut besok mau gaya saja idih enak saja sudah lama tidak jogging besok ikut iya elah bawel terus saya da sudah da sudah sama rombongan tertawa,Negatif,3
Mon Mar 02 12:34:04 +0000 2026,well almost semua perushaan indo ngadain progran ilegal si brati gaji seuprit beban kerjaan kek full time butuh pengalaman min sekian tahun bpjs kagak ada kadang jg ada aj yg dibayar pk pengalaman doang,"1,68E+18",2026-03-02 12:34:04+00:00,2026-03,well almost semua perushaan indo ngadain progran ilegal si brati gaji seuprit beban kerjaan seperti full time butuh pengalaman sekian tahun kagak ada kadang juga ada aj dibayar pk pengalaman doang,Negatif,3
Wed Jan 28 10:19:18 +0000 2026,punya kk cuma karna 1 pengalaman aku nggk mau lanjutin bpjs karna susah ke puskesmas aj penanganannya krng menurutku dn mau minta rujukan agk susah jadilah bpjs nunggak krna nggk mau pake smpe 500k lebih apa bpjs bisa worth it untuk kayak gini kalau bisa gpp aku lunasin dl,"1,52E+18",2026-01-28 10:19:18+00:00,2026-01,punya kk cuma karna pengalaman aku nggk mau lanjutin karna susah puskesmas aj penanganannya krng menurutku dn mau minta rujukan agk susah jadilah nunggak krna nggk mau pakai smpe k lebih apa bisa worth it untuk kayak gini kalau bisa gpp aku lunasin dl,Negatif,1
Sun Nov 16 10:01:14 +0000 2025,gini deh lu kalo mau naikin iuran apa minimal naikin jauh gaji rakyatnya dikira pengeluaran rakyat g minus cuma gara pajak dan iuran yg rata jatohnya g ke rakyat lagi ditambah bpjs malah mau dinaikin fasilitas kesehatan pun mau dibuat susah kah,"1,69E+18",2025-11-16 10:01:14+00:00,2025-11,gini kamu kalau mau naikin iuran apa minimal naikin jauh gaji rakyatnya dikira pengeluaran rakyat g minus cuma gara pajak iuran rata jatohnya g rakyat lagi ditambah malah mau dinaikin fasilitas pun mau dibuat susah kah,Negatif,2
Thu Mar 12 21:13:54 +0000 2026,jujur bpjs terlalu powerful sampe sampe di nerf terbukti skrg bpjs susah bgt makenya,1657260788,2026-03-12 21:13:54+00:00,2026-03,jujur terlalu powerful sampe sampe nerf terbukti sekarang susah banget makenya,Negatif,1
Tue Mar 17 14:15:55 +0000 2026,biar ga diangkat jadi kartap jadinya gaperlu bayar pesangon kalau phk atau pensiun tunjangan seminim bpjs dipotong dari gaji uang pensiun juga dipotong dari gaji,"1,39E+18",2026-03-17 14:15:55+00:00,2026-03,biar tidak diangkat jadi kartap jadinya gaperlu bayar pesangon kalau phk atau pensiun tunjangan seminim dipotong gaji uang pensiun juga dipotong gaji,Negatif,4
Fri Feb 06 11:14:41 +0000 2026,anjriiiit padahal udah jelas jelas bpjs aja banyak yang susah dan pending klaimnya daripada itu mending benerin dah sistem bpjsnya jiiirrrrr gua capeeeeee,"9,55E+17",2026-02-06 11:14:41+00:00,2026-02,anjrit padahal sudah jelas jelas saja banyak susah pending klaimnya daripada mending benerin sudah sistem bpjsnya jir saya cape,Negatif,2
Fri Feb 13 03:56:16 +0000 2026,ekonomi lg susah bnyk daerah bencana butuh dana gara2 mbg kuras 332 triliun dana pendidikan gara2 mbg bnyk pasien bpjs di stop gara2 mbg ribuan siswa keracunan gara2 mbg karyawan diangkat asn dibeliin motor sdgkan guru puluhan th gaji 400rb tetap honorer presiden dableg,60292247,2026-02-13 03:56:16+00:00,2026-02,ekonomi lagi susah bnyk daerah bencana butuh dana gara kuras triliun dana pendidikan gara bnyk pasien stop gara ribuan siswa keracunan gara karyawan diangkat asn dibeliin motor sdgkan guru puluhan tahun gaji ribu tetap honorer presiden dableg,Negatif,2
Tue Dec 30 06:08:11 +0000 2025,mau ganti faskes bpjs kok susah bgt ya huhu pas bagian detect wajah,"7,40E+17",2025-12-30 06:08:11+00:00,2025-12,mau ganti faskes susah banget huhu pas bagian detect wajah,Negatif,1
Mon Mar 16 08:25:41 +0000 2026,daripada mempertanyakan nakesnya gimana kalo mempertanyakan kenapa bpjs susah amat aturannya padahal aturan di negara lain kalo asuransi kesehatan dari negara itu bisa di semua tempat kalopun ga cukup tinggal konek sama faskes 1,"9,50E+17",2026-03-16 08:25:41+00:00,2026-03,daripada mempertanyakan nakesnya gimana kalau mempertanyakan kenapa susah amat aturannya padahal aturan negara lain kalau asuransi negara bisa semua tempat kalopun tidak cukup tinggal konek sama faskes,Negatif,1
Thu Mar 05 08:07:34 +0000 2026,lak mesti masyarakat yg ujungnya dibebani kenapa tidak efisiensi didalam bpjs sendiri tunjangan dikurangi dll iuran bpjs kelas ii dan i dikabarkan akan naik dirut bpjs masih tunggu arahan presiden prabowo,"1,75E+18",2026-03-05 08:07:34+00:00,2026-03,lak mesti masyarakat ujungnya dibebani kenapa tidak efisiensi didalam sendiri tunjangan dikurangi dll iuran kelas ii i dikabarkan akan naik dirut masih tunggu arahan presiden prabowo,Negatif,2
Tue Feb 17 13:46:04 +0000 2026,di rs bogor gue sebut namanya rsud kota bogor kaka gue ga ditrima di sana karena pake bpjs dan lu tau gada kamar alasannya kenapa kalau mau ada kamar harus naik kelas otomatis bayar dong padahal uda tau kaka gue pake bpjs,"1,80E+18",2026-02-17 13:46:04+00:00,2026-02,rumah sakit bogor saya sebut namanya rsud kota bogor kaka saya tidak ditrima sana karena pakai kamu tahu gada kamar alasannya kenapa kalau mau ada kamar harus naik kelas otomatis bayar padahal uda tahu kaka saya pakai,Negatif,7
Sun Feb 08 03:53:33 +0000 2026,bpjs bermanfaat ya setuju pbi disuruh naik kelas dengan pemotongan sepihak dari kemensos itu problematik dosen s2 nya mesti ngajari lagi kenapa ada pbi di bpjs,"1,29E+18",2026-02-08 03:53:33+00:00,2026-02,bermanfaat setuju pbi disuruh naik kelas dengan pemotongan sepihak kemensos problematik dosen s mesti ngajari lagi kenapa ada pbi,Negatif,3
Wed Nov 12 21:25:19 +0000 2025,kedua aturannya pasien bpjs kelas 3 itu sama sekali tidak bisa naik kelas walaupun dg membayar biaya tambahan jadi pilihannya tetap di kelas 3 atau bayar pribadi semuanya di case ini tidak ada biaya tambahan hanya ingin dititipkan di kamar kelas 1,721880550,2025-11-12 21:25:19+00:00,2025-11,kedua aturannya pasien kelas sama sekali tidak bisa naik kelas walaupun dg membayar biaya tambahan jadi pilihannya tetap kelas atau bayar pribadi semuanya case tidak ada biaya tambahan hanya ingin dititipkan kamar kelas,Negatif,3
Tue Nov 04 17:23:53 +0000 2025,bos pendingan juga pengaruh sm severity kelas tipe d atau c kl severity naik dipertanyakan krn standart bpjs ga kelas c sm d ga memungkinkan untuk tatalaksana severity 2 atau 3 jd koding juga se gampang ai makanya kl dikaso tau yg pengalaman tu ny8mak jgn nge ai mulu,"1,71E+18",2025-11-04 17:23:53+00:00,2025-11,bos pendingan juga pengaruh sama severity kelas tipe d atau c kalau severity naik dipertanyakan karena standart tidak kelas c sama d tidak memungkinkan untuk tatalaksana severity atau jadi koding juga se gampang ai makanya kalau dikaso tahu pengalaman tu nymak jangan nge ai mulu,Negatif,6
Sun Feb 01 13:02:27 +0000 2026,perbulan september bpjs kena pangkas anggaran amp banyak bgt penyakit yg gk bisa di cover kelas 2 3 amp pbi banyak kena pangkas amp bpjs kelas 3 katanya sekarang gk bisa naik kelas gk kek sebelumnya,"1,31E+18",2026-02-01 13:02:27+00:00,2026-02,perbulan september kena pangkas anggaran  banyak banget penyakit tidak bisa cover kelas  pbi banyak kena pangkas  kelas katanya sekarang tidak bisa naik kelas tidak seperti sebelumnya,Negatif,2
Thu Feb 05 13:09:32 +0000 2026,sorry oot emang tagihan bpjs kelas 3 naik ya kok tagihan kakek saya jadi 105rb tp di jkn masih kelas 3,839925260,2026-02-05 13:09:32+00:00,2026-02,sorry oot emang tagihan kelas naik tagihan kakek saya jadi ribu tapi jkn masih kelas,Negatif,2
Tue Mar 17 12:06:59 +0000 2026,udah mah bayar tunggakan bpjs 2 5 tahun jatuh abis pulang kerja tapi gadapet kompensasi dari bpjs tenaga kerja gadapet kompensasi dari perusahaan wifi yg bikin aku jatuh dirumah hampir 3 bulan cuma dikasih 100k dari kantor masih kena fitnah dari pimpinan,2320340142,2026-03-17 12:06:59+00:00,2026-03,sudah mah bayar tunggakan tahun jatuh abis pulang kerja tapi gadapet kompensasi tenaga kerja gadapet kompensasi perusahaan wifi membuat aku jatuh dirumah hampir bulan cuma dikasih k kantor masih kena fitnah pimpinan,Negatif,1
Mon Mar 16 01:03:08 +0000 2026,kasian jd dokter di indo udah mah underpaid workload segambreng bpjs busuk msh disalah2in dan difitnah2 masyarakat huft smangat ya dokter2 nakes2 indo,230116004,2026-03-16 01:03:08+00:00,2026-03,kasian jadi dokter indo sudah mah underpaid workload segambreng busuk msh disalahin difitnah masyarakat huft smangat dokter nakes indo,Negatif,2
Wed Mar 18 03:51:51 +0000 2026,penyakit gen z yang ga ditanggung bpjs hts love bombing mixed signal backburner friendzone kecantol brondong kecantol yang lebih tua shift malem beda agama kalian yg mana atau ada yang lain,2350094696,2026-03-18 03:51:51+00:00,2026-03,penyakit gen z tidak ditanggung hts love bombing mixed signal backburner friendzone kecantol brondong kecantol lebih tua shift malem beda agama kalian mana atau ada lain,Negatif,1
Sun Mar 15 08:54:10 +0000 2026,bpjs ga kenal sumpah profesi mereka urusannya administratif dokter dan nakes lainnya mah nolong kaya apa kalau ga masuk secara administratif ga akan bisa diklaim btw harusnya sih ya kalau gawat darurat semestinya ugd rs dimanapun bisa melayani,212953008,2026-03-15 08:54:10+00:00,2026-03,tidak kenal sumpah profesi mereka urusannya administratif dokter nakes lainnya mah nolong kaya apa kalau tidak masuk secara administratif tidak akan bisa diklaim btw harusnya kalau gawat darurat semestinya ugd rumah sakit dimanapun bisa melayani,Negatif,5
Tue Mar 17 05:10:05 +0000 2026,admin saya ada telat proses pembayaran bpjs kesehatan yg dibayarkan perusahaan jatuh tempo 10 3 tapi baru diproses tgl bayar 25 3 jika case nya seperti ini apakah ada potensi keanggotaan bpjs di non aktfikan denda,353660370,2026-03-17 05:10:05+00:00,2026-03,admin saya ada telat proses pembayaran dibayarkan perusahaan jatuh tempo tapi baru diproses tanggal bayar jika case seperti apakah ada potensi keanggotaan non aktfikan denda,Negatif,3
Sat Oct 04 06:41:48 +0000 2025,ternyata rs hermina bisa menepis anggapan pelayanan bpjs yang selama ini buruk,"1,90E+18",2025-10-04 06:41:48+00:00,2025-10,ternyata rumah sakit hermina bisa menepis anggapan pelayanan selama buruk,Negatif,1
Tue Mar 17 12:20:35 +0000 2026,kemaren minta duit alasan sakit masuk rumah sakit perusahaan lo ga nanggung bpjs kah pt tempat lu kerja juga ga main main cok masa iya ga ada bpjs dan memangnya bpjs ketenagakerjaan tu bisa mati kah alasannya gabisa pake bpjs karna bpjs ga aktif,2940375122,2026-03-17 12:20:35+00:00,2026-03,kemaren minta duit alasan sakit masuk rumah sakit perusahaan kamu tidak nanggung kah pt tempat kamu kerja juga tidak main main cok masa iya tidak ada memangnya ketenagakerjaan tu bisa mati kah alasannya gabisa pakai karna tidak aktif,Negatif,2
Sun Mar 15 08:15:09 +0000 2026,bayangin ada orang susah yang kena bacok which is karena pemerintah gagal menyediakan lingkungan aman terus saat ke rs ditolak karena gak bisa claim pakai bpjs ahahahah brengsek,"1,13E+18",2026-03-15 08:15:09+00:00,2026-03,bayangin ada orang susah kena bacok which is karena pemerintah gagal menyediakan lingkungan aman terus saat rumah sakit ditolak karena tidak bisa claim pakai ahahahah brengsek,Negatif,5
Thu Mar 12 07:59:42 +0000 2026,gusi bengkak gigi berlubang sakitnya longlast ga ada jeda sampe badan lemes banget nahan sakit doanya semoga dilimpahkan rezeki yang melimpah cz besok mau ditindak lagi lagi tidak pakai bpjs kita lihat kali ini urusan gigi w berapa jutaa,2611823382,2026-03-12 07:59:42+00:00,2026-03,gusi bengkak gigi berlubang sakitnya longlast tidak ada jeda sampe badan lemes banget nahan sakit doanya semoga dilimpahkan rezeki melimpah cz besok mau ditindak lagi lagi tidak pakai kita lihat kali urusan gigi w berapa jutaa,Negatif,1
Mon Mar 23 05:17:18 +0000 2026,teringat suami saya pakai bpjs kshtn untuk cabut gigi yang disarankan dari drg yang di faskes 1 karena ada gigi yang sudah membusuk sampai akar butuh sebulan antri untuk ke rs nya ujian kesabaran ya amp sampai di rs nya pun juga harus sabar menunggu maklum pakai bpjs,78835115,2026-03-23 05:17:18+00:00,2026-03,teringat suami saya pakai kshtn untuk cabut gigi disarankan drg faskes karena ada gigi sudah membusuk sampai akar butuh sebulan antri untuk rumah sakit ujian kesabaran  sampai rumah sakit pun juga harus sabar menunggu maklum pakai,Negatif,6
Thu Mar 19 09:22:03 +0000 2026,habis pindah bpjs keluarga ke mandiri gmw jd anak gede,"1,36E+18",2026-03-19 09:22:03+00:00,2026-03,habis pindah keluarga mandiri gmw jadi anak gede,Negatif,4
Sat Mar 21 04:51:01 +0000 2026,tkr total knee replacement ini ditanggung bpjs dengan indikasi osteoarthritis berat kalo bayar pakai umum ya mahal emang,290589259,2026-03-21 04:51:01+00:00,2026-03,tkr total knee replacement ditanggung dengan indikasi osteoarthritis berat kalau bayar pakai umum mahal emang,Negatif,3
Mon Dec 29 10:35:50 +0000 2025,sampai di rs rujukan saya di bantu untuk bpjs ada kuota kosong tgl 3 jan 2026 fu k disuruh nahan sakit lagi sampai tgl 3 kata administrasinya klo pakai bpjs harus sesuai antrian bpjs klo pakai umum bisa di tangani lebih dulu,188201040,2025-12-29 10:35:50+00:00,2025-12,sampai rumah sakit rujukan saya bantu untuk ada kuota kosong tanggal jan fu k disuruh nahan sakit lagi sampai tanggal kata administrasinya kalau pakai harus sesuai antrian kalau pakai umum bisa tangani lebih dulu,Negatif,5
Fri Nov 21 04:27:24 +0000 2025,um kalau disini lbh aneh lagi kan harus lewat puskes yaa nahh di puskes itu gabisa lgsg antrian kayak gituu walau udh daftar di aplikasi kata petugasnya kalau mau diladenin pakai bpjs minimal banget harus udh pernah berobat berbayar di puskes itu amp dpt kartu berobat,"1,64E+18",2025-11-21 04:27:24+00:00,2025-11,um kalau disini lbh aneh lagi harus lewat puskes yaa nahh puskes gabisa lgsg antrian kayak gituu walau sudah daftar aplikasi kata petugasnya kalau mau diladenin pakai minimal banget harus sudah pernah berobat berbayar puskes  dapat kartu berobat,Negatif,7
Tue Oct 21 02:26:34 +0000 2025,tau yak gw mau daftar antrian bpjs segala error,"1,90E+18",2025-10-21 02:26:34+00:00,2025-10,tahu yak saya mau daftar antrian segala error,Negatif,2
Tue Jan 06 14:38:24 +0000 2026,unpopular opinion keluhan dari pasien bpjs sakitnya sekarang di usg nya bulan depan karena antrian di rumah sakit penuh,15529120,2026-01-06 14:38:24+00:00,2026-01,unpopular opinion keluhan pasien sakitnya sekarang usg bulan depan karena antrian rumah sakit penuh,Negatif,6
Sat Feb 07 05:49:33 +0000 2026,baru kemarin bawa ibu buat kontrol udah antre lama pas dapat giliran dikasih tau bpjs tidak aktif harus aktivasi dulu dan lama katanyaa alhasil pulang dengan kecewa buang buang waktu di rs,403309515,2026-02-07 05:49:33+00:00,2026-02,baru kemarin bawa ibu buat kontrol sudah antre lama pas dapat giliran dikasih tahu tidak aktif harus aktivasi dulu lama katanyaa alhasil pulang dengan kecewa buang buang waktu rumah sakit,Negatif,6
Sat Oct 25 09:25:20 +0000 2025,cuma bpjs deh dengan kondisi pensiunan itu disuru antre sepanjang khas bpjs,292767699,2025-10-25 09:25:20+00:00,2025-10,cuma dengan kondisi pensiunan disuru antre sepanjang khas,Negatif,1
Thu Mar 19 12:43:07 +0000 2026,kak kantorku internship aja didaftarin bpjs dan bpjs tk kecuali asuransi swasta,"8,81E+17",2026-03-19 12:43:07+00:00,2026-03,kantorku internship saja didaftarin tk kecuali asuransi swasta,Negatif,2
Mon Nov 10 07:24:02 +0000 2025,nggak bisa dibilang semurah itu juga sih chor iya ditanggung bpjs tapi artinya harus cuti buat antre dari pagi kalo aksesnya jelek harus bikin rujukan jadi dua hari cuti buat orang yang hidupnya hands to mouth dua hari gak kerja ya dua hari keluarganya gak makan,200089753,2025-11-10 07:24:02+00:00,2025-11,tidak bisa dibilang semurah juga chor iya ditanggung tapi artinya harus cuti buat antre pagi kalau aksesnya jelek harus membuat rujukan jadi dua hari cuti buat orang hidupnya hands to mouth dua hari tidak kerja dua hari keluarganya tidak makan,Negatif,4
Mon Feb 16 04:43:00 +0000 2026,apakah para pejabat tahu di yogyakarta ada lansia gak bisa kontrol jantung karena antre 4 jam demi aktifkan bpjs pbi,"1,16E+18",2026-02-16 04:43:00+00:00,2026-02,apakah para pejabat tahu yogyakarta ada lansia tidak bisa kontrol jantung karena antre jam demi aktifkan pbi,Negatif,2
Thu Mar 05 05:39:15 +0000 2026,yang ngeracun siapa yang repot rumah sakit yang nombok bpjs nanti kalau devisit lagi di omel omelin lagi ehmmm,"1,35E+18",2026-03-05 05:39:15+00:00,2026-03,ngeracun siapa repot rumah sakit nombok nanti kalau devisit lagi omel omelin lagi ehm,Negatif,4
Mon Mar 23 12:14:32 +0000 2026,kak enggatau plis aku sedih,"2,02E+18",2026-03-23 12:14:32+00:00,2026-03,enggatau plis aku sedih,Negatif,6
Wed Feb 25 09:48:31 +0000 2026,bpjs ribet anjirrr,"1,75E+18",2026-02-25 09:48:31+00:00,2026-02,ribet anjir,Negatif,4
Sat Feb 07 12:57:36 +0000 2026,menurut irma suryani chaniago ada orang orang yang dulunya memiliki kartu bpjs pbi tapi kini sudah mapan harus dinonaktifkan dari kepesertaan pbi banyak juga keluhan dari pemegang kartu pbi yang memang masih miskin dan membutuhkan akses pelayanan kesehatan dari bpjs,183611407,2026-02-07 12:57:36+00:00,2026-02,menurut irma suryani chaniago ada orang orang dulunya memiliki kartu pbi tapi kini sudah mapan harus dinonaktifkan kepesertaan pbi banyak juga keluhan pemegang kartu pbi memang masih miskin membutuhkan akses pelayanan,Negatif,3
Fri Feb 27 01:54:06 +0000 2026,naik ga masalah tapi pernah mikir ga fasilitas dan pelayanan bpjs kayak apa review dulu dan kasih benefitnya kalau naik gmna biar ga ngeluh dan geger cok,570917080,2026-02-27 01:54:06+00:00,2026-02,naik tidak masalah tapi pernah mikir tidak fasilitas pelayanan kayak apa review dulu kasih benefitnya kalau naik gmna biar tidak ngeluh geger cok,Negatif,2
Sun Nov 02 18:38:55 +0000 2025,this country def gonna be finished soon kenapa pasien bpjs bitter ke nakes rsud karena mereka udah lack of trust ke nakes bpjs berdasarkan pengalaman mereka yang nggak dikasih 100 dalam pengobatan bpjs di saat mereka ga punya akses pengobatan swasta,"1,24E+18",2025-11-02 18:38:55+00:00,2025-11,this country def gonna be finished soon kenapa pasien bitter nakes rsud karena mereka sudah lack of trust nakes berdasarkan pengalaman mereka tidak dikasih dalam pengobatan saat mereka tidak punya akses pengobatan swasta,Negatif,3
Sat Jan 03 05:17:42 +0000 2026,terlepas dari kasus roti o ini gw suka heran kalau denger hrd susah ngeluarin parklaring sepanjang pengalaman gw org kalau minta parklaring tuh cuma buat proses pencairan bpjs tk doank intinya perlu uang jadi kalau keluarnya baik2 atau diphk ngapain persulit hidup org,"1,16E+18",2026-01-03 05:17:42+00:00,2026-01,terlepas kasus roti o saya suka heran kalau denger hrd susah ngeluarin parklaring sepanjang pengalaman saya orang kalau minta parklaring cuma buat proses pencairan tk doank intinya perlu uang jadi kalau keluarnya baik atau diphk ngapain persulit hidup orang,Negatif,3
Sat Nov 01 23:03:39 +0000 2025,pengalaman malah px bpjs banyak yg sopan dan sabar kalo yg px umum asuransi kebanyakan seenaknya sendiri dan gak sabaran,"1,15E+18",2025-11-01 23:03:39+00:00,2025-11,pengalaman malah px banyak sopan sabar kalau px umum asuransi kebanyakan seenaknya sendiri tidak sabaran,Negatif,3
Fri Feb 06 07:51:07 +0000 2026,udah lama bpjs pbi itu banyak dipake orang mampu bahkan kaya raya mereka sengaja daftar krna yang penting punya dan ogah bayarnya,84243145,2026-02-06 07:51:07+00:00,2026-02,sudah lama pbi banyak dipake orang mampu bahkan kaya raya mereka sengaja daftar krna penting punya ogah bayarnya,Negatif,3
Mon Mar 23 14:38:07 +0000 2026,makanya apa iya cabut gibung semahal itu kalo bpjs antriannya lama banget,508184555,2026-03-23 14:38:07+00:00,2026-03,makanya apa iya cabut gibung semahal kalau antriannya lama banget,Negatif,7
Fri Mar 06 00:33:03 +0000 2026,plisss ada yang bisa bantuuuu kakakku lagi sakit dan harus operasi kalo nunggu bpjs lama tapi biaya umum mahal bangett,"1,51E+18",2026-03-06 00:33:03+00:00,2026-03,plis ada bisa bantu kakakku lagi sakit harus operasi kalau nunggu lama tapi biaya umum mahal bangett,Negatif,5
Tue Mar 17 23:09:06 +0000 2026,tetanggaku bnyk yg ga aktif krn biaya mau berobat bpjs ga aktif mau umum kok mahal mentok cm periksa di puskesmas aja itupun skrng udah bayar 20k huhu kasian kalau nunggak bertahun terus mau aktifin lg harus bayar denda brp perhitungannya,307143470,2026-03-17 23:09:06+00:00,2026-03,tetanggaku bnyk tidak aktif karena biaya mau berobat tidak aktif mau umum mahal mentok cuma periksa puskesmas saja itupun skrng sudah bayar k huhu kasian kalau nunggak bertahun terus mau aktifin lagi harus bayar denda berapa perhitungannya,Negatif,5
Sat Mar 14 03:01:17 +0000 2026,gw abis dari puskesmas niatnya buat ke minta rujukan ke psikiater pake bpjs dan ternyata bpjs gw tidak aktif yaudah deh gajadi,"1,69E+18",2026-03-14 03:01:17+00:00,2026-03,saya abis puskesmas niatnya buat minta rujukan psikiater pakai ternyata saya tidak aktif yaudah gajadi,Negatif,1
Sat Feb 28 22:09:36 +0000 2026,min saya masih satu kk dengan ibu saya tapi bpjs saya dan ibu saya ada di aplikasi terpisah tidak menjadi 1 bpjs ibu saya aktif sebagai pbi dan bpjs saya ikut penonaktifan serentak bulan lalu seperti itu kenapa ya min apakah saya perlu mendaftar bpjs mandiri,"8,11E+17",2026-02-28 22:09:36+00:00,2026-02,saya masih satu kk dengan ibu saya tapi saya ibu saya ada aplikasi terpisah tidak menjadi ibu saya aktif sebagai pbi saya ikut penonaktifan serentak bulan lalu seperti kenapa apakah saya perlu mendaftar mandiri,Negatif,3
Thu Feb 12 12:02:16 +0000 2026,pemerintah menonaktifkan bpjs ugm menonaktifkan email 365 nya kagama cocok deh klean berdua,"1,01E+18",2026-02-12 12:02:16+00:00,2026-02,pemerintah menonaktifkan ugm menonaktifkan email kagama cocok klean berdua,Negatif,7
Fri Jan 02 04:38:12 +0000 2026,benci bgt sama asuransi negara saudara gw ada yg mau bikin kacamata sama bpjsnya dan dia pake bpjs kelas 3 pas sampe optik ya dapetnya frame kureng krn kelas rendah trs orgnya ngomong mending di upgrade ke kelas 1 aja bu biar dapet frame bagus,4499767513,2026-01-02 04:38:12+00:00,2026-01,benci banget sama asuransi negara saudara saya ada mau membuat kacamata sama bpjsnya dia pakai kelas pas sampe optik dapetnya frame kureng karena kelas rendah terus orgnya ngomong mending upgrade kelas saja bu biar dapet frame bagus,Negatif,3
Tue Dec 30 08:20:19 +0000 2025,publik baru baru ini disuguhi wacana kebijakan yang tampaknya solutif tetapi berpotensi mengaburkan masalah inti wacana tersebut adalah penghapusan tunggakan iuran bpjs kesehatan yang mencapai rp 20 triliun dan janji populis untuk tidak menaikkan iuran hingga ekonomi pulih di,255866913,2025-12-30 08:20:19+00:00,2025-12,publik baru baru disuguhi wacana kebijakan tampaknya solutif tetapi berpotensi mengaburkan masalah inti wacana tersebut adalah penghapusan tunggakan iuran mencapai rupiah triliun janji populis untuk tidak menaikkan iuran hingga ekonomi pulih,Negatif,2
Mon Nov 24 11:47:56 +0000 2025,stress bgt kenapa gw tbtb punya tunggakan bpjs anjirrr gw merasa baru dftr bpjs pas awal kerja bulan mei tahn ini kenpa ada tunggakan 24bulan,"1,20E+18",2025-11-24 11:47:56+00:00,2025-11,stress banget kenapa saya tbtb punya tunggakan anjir saya merasa baru dftr pas awal kerja bulan mei tahn kenpa ada tunggakan bulan,Negatif,3
Thu Mar 12 05:46:48 +0000 2026,ya org miskinnya juga kebiasaan kecewa dan kesel sama sistem bpjs yg belibet kok projecting angernya malah ke dokter masuk akal kah,"8,77E+17",2026-03-12 05:46:48+00:00,2026-03,orang miskinnya juga kebiasaan kecewa kesel sama sistem belibet projecting angernya malah dokter masuk akal kah,Negatif,3
Tue Nov 18 02:33:43 +0000 2025,pernah gini eh kena prank jdi ak kek g berharap lgi kata suami juga g ppa nikmatin aja hidup berdua tpi kdang tu aku kecewa sma diri sendiri,"1,38E+18",2025-11-18 02:33:43+00:00,2025-11,pernah gini eh kena prank jdi ak seperti g berharap lgi kata suami juga g ppa nikmatin saja hidup berdua tpi kdang tu aku kecewa sma diri sendiri,Negatif,1
Fri Mar 20 11:09:29 +0000 2026,gabisa untuk sekarang soalnya udah mau balik,"1,16E+18",2026-03-20 11:09:29+00:00,2026-03,gabisa untuk sekarang soalnya sudah mau balik,Negatif,4
Wed Mar 18 16:36:33 +0000 2026,selasa 6 januari 2026 bpk meninggal selasa 17 maret 2026 doi jatuh,"1,15E+18",2026-03-18 16:36:33+00:00,2026-03,selasa januari bpk meninggal selasa maret doi jatuh,Negatif,7
Sun Feb 22 19:03:10 +0000 2026,tpi ya ginilah akhirnya krna aku jg gmau pulang soalnya ujan deres bgt aku akhirnya ngikut aja berharap nntinya slalu sehat gmau sakit gausah kepakelah itu bpjs dah ngrasain hal kek gini berulang kecewa jujur iya tapi lebih kasian ke nakes klo aku ngeyel teruss,"1,30E+18",2026-02-22 19:03:10+00:00,2026-02,tpi ginilah akhirnya krna aku juga gmau pulang soalnya ujan deres banget aku akhirnya ngikut saja berharap nntinya slalu sehat gmau sakit gausah kepakelah sudah ngrasain hal seperti gini berulang kecewa jujur iya tapi lebih kasian nakes kalau aku ngeyel teruss,Negatif,4
Fri Feb 06 05:19:58 +0000 2026,yang bpjs aktif aja susah banget pendingan ini itu dari bpjs sumpah sumpah pemerintah dzolim rot in hell,"1,25E+18",2026-02-06 05:19:58+00:00,2026-02,aktif saja susah banget pendingan sumpah sumpah pemerintah dzolim rot in hell,Negatif,6
Tue Jan 27 01:27:59 +0000 2026,gak ngerti lagi emang sama bpjs dan jkn nya ini berapa kali susah login di ipong harus numpang di android login nya,487323278,2026-01-27 01:27:59+00:00,2026-01,tidak ngerti lagi emang sama jkn berapa kali susah login ipong harus numpang android login,Negatif,6
Mon Feb 23 13:57:59 +0000 2026,dokter di puskes gua pasti begini kalo gua minta rujukan ke psikolog psikiater dah ga beres minta ke penyakit dalam aja susah sampe akhirnya bpjs gua di cabut,2352847411,2026-02-23 13:57:59+00:00,2026-02,dokter puskes saya pasti begini kalau saya minta rujukan psikolog psikiater sudah tidak beres minta penyakit dalam saja susah sampe akhirnya saya cabut,Negatif,1
Wed Feb 11 06:12:59 +0000 2026,kemarin ob di kantor nangis ke aku minta bpjs tk nya di nonaktifin katanya gara2 dia pake bpjs tk bpjs pbi nya nonaktif dan yang bilang katanya dokter di rs jadi kakaknya susah berobat bukannya gaada hubungan antara bpjs tk dan bpjs kesehatan ya,606042833,2026-02-11 06:12:59+00:00,2026-02,kemarin ob kantor nangis aku minta tk nonaktifin katanya gara dia pakai tk pbi nonaktif bilang katanya dokter rumah sakit jadi kakaknya susah berobat bukannya gaada hubungan antara tk,Negatif,1
Thu Feb 05 16:07:06 +0000 2026,woy itu bpjs klaim nya aja susah setengah hidup pak yang bener aje ini disuruh nanggung terang terangan rill negara badut,"1,24E+18",2026-02-05 16:07:06+00:00,2026-02,woy klaim saja susah setengah hidup pak bener aje disuruh nanggung terang terangan rill negara badut,Negatif,7
Sat Feb 07 03:59:45 +0000 2026,pake bpjs nanti mereka dan kalo rawat minta naik ke kelas vvip tp minta keringanan atau ga mau bayar selisih naik kelas sudah sering terjadi di sini,"1,43E+18",2026-02-07 03:59:45+00:00,2026-02,pakai nanti mereka kalau rawat minta naik kelas vvip tapi minta keringanan atau tidak mau bayar selisih naik kelas sudah sering terjadi sini,Negatif,1
Sat Oct 25 17:36:36 +0000 2025,kayanya pelayanan untuk bpjs semuanya jelek anaku sakit dan aku pke bpjs kelas 1 sampe demam makin naik gk ada respon apapun cuma suruh antri nunggu d panggil sma yg jaga d pendaftaran akhirnya ku tinggal itu rs pindah aja k puskesmas langsung d tangani kata pihak puskes,"1,85E+18",2025-10-25 17:36:36+00:00,2025-10,kayanya pelayanan untuk semuanya jelek anaku sakit aku pke kelas sampe demam makin naik tidak ada respon apapun cuma suruh antri nunggu d panggil sma jaga d pendaftaran akhirnya ku tinggal rumah sakit pindah saja k puskesmas langsung d tangani kata pihak puskes,Negatif,5
Fri Mar 20 06:15:07 +0000 2026,cw suicide sender iba banget sama istrinya mana biaya perawatan usaha nyelamatin nyawanya pas dirumah sakit gabisa ditanggung bpjs,1371650588,2026-03-20 06:15:07+00:00,2026-03,cw suicide sender iba banget sama istrinya mana biaya perawatan usaha nyelamatin nyawanya pas dirumah sakit gabisa ditanggung,Negatif,7
Mon Mar 16 05:32:25 +0000 2026,niatnya mbg ini membuat generasi masa depan indonesia cepat mati paling tidak beban bpjs semakin tinggi di masa depan karena cancer obesitas diabetes memang prabowo ini bener2 meniatkan indonesia bubar,6176612,2026-03-16 05:32:25+00:00,2026-03,niatnya membuat generasi masa depan indonesia cepat mati paling tidak beban semakin tinggi masa depan karena cancer obesitas diabetes memang prabowo bener meniatkan indonesia bubar,Negatif,5
